key1,key2,distance_km,shared_days
G.SSB,MN.VSL,755.4726473599129,9690
IC.SSE,TW.KMNB,786.99826864136,9638
IC.QIZ,TW.KMNB,1069.0382751461011,9162
G.SSB,MN.BNI,169.34737424381512,9146
II.NIL,II.AAK,1004.996839001973,8068
US.HAWA,MB.HRY,589.707034364785,8022
G.SSB,NL.HGN,618.5692539222973,8015
CI.CIA,CI.PDM,407.1290392010434,7779
II.HOPE,AI.ORCD,869.1077243728968,7718
MB.HRY,US.MVCO,1092.829528210385,7317
US.AMTX,US.MVCO,664.169452646534,7129
JP.JOW,JP.JNU,742.8416212063886,7123
US.AMTX,US.ECSD,1075.753147175966,7113
JP.JHJ2,JP.JNU,832.050413234971,7112
AI.ORCD,AI.ESPZ,702.2948705687497,7034
US.DGMT,MB.HRY,604.7961279550493,6943
NL.HGN,CH.FUORN,559.599077914729,6943
MN.VSL,MN.WDD,608.6406716056351,6929
CU.BBGH,CU.GRGR,253.61355607391653,6927
US.ECSD,KY.LLKY,1045.3482271723242,6891
KN.ULHL,II.AAK,149.86845055753793,6828
MB.HRY,IE.BCYI,293.7170138671446,6800
II.FFC,US.DGMT,712.0747077244096,6774
II.LVZ,IU.KEV,369.80882654525584,6496
AK.PPLA,AK.PAX,339.9321719299387,6491
AK.SPIA,AK.GAMB,738.0722077395349,6489
CI.PDM,PB.B934,1046.5844274211279,6410
CU.ANWB,CU.BBGH,556.8799971995942,6371
GB.LRW,GB.GAL1,622.6083633988533,6364
GE.SUMG,GE.DAG,739.9118128812509,6294
AK.GAMB,AK.FALS,1095.5258650159146,6287
US.GLMI,US.ECSD,961.8181996670424,6277
MY.KSM,MY.SBM,238.14865378514196,6233
NL.HGN,GB.JSA,605.0379442607592,6226
IU.KBS,IU.KEV,1106.1889426601138,6215
MY.KOM,MY.SBM,932.6553000843962,6198
AK.TNA,AK.SPIA,940.177202523384,6071
PM.PESTR,PM.PFVI,221.20150574794525,6069
IC.QIZ,HK.HKPS,574.7344838663297,6044
AK.SPIA,AK.ATKA,608.4146531520842,6023
CU.ANWB,CU.GRTK,1068.1771052552524,5913
PM.PMOZ,PM.PFVI,900.133747682747,5899
AT.SMY,AK.ATKA,793.8556375665923,5889
KZ.MAKZ,II.AAK,750.8015438499951,5870
IC.HIA,IU.ULN,945.4275186928662,5856
GE.TIRR,HL.RDO,436.7607963529882,5829
GE.TIRR,PL.NIE,825.2608257796476,5761
IC.SSE,IU.TATO,681.3024936758891,5746
NL.HGN,DK.MUD,667.7787076436169,5732
YT.DUFK,YT.HOWD,846.0498004928901,5718
PM.PMOZ,II.CMLA,933.6809825058435,5675
GE.TIRR,HL.ARG,917.0836483305358,5647
GE.DAG,PL.HSPB,850.741330066974,5638
KR.BTK,II.AAK,419.4301258336248,5590
DK.SCO,GE.SUMG,623.8469398591633,5573
MY.KOM,MY.KUM,526.4803909894193,5569
II.UOSS,II.RAYN,1096.2069655865232,5564
DK.ANGG,DK.NRS,628.2187544067333,5544
GE.TIRR,PL.BEL,995.2539079828299,5537
AF.UPI,AF.CVNA,375.49515594091713,5517
GE.TIRR,HT.AGG,786.744954884312,5469
G.DRV,G.CCD,1109.536795429614,5455
IU.ULN,II.TLY,489.72348109637176,5453
AF.UPI,AF.HVD,480.5203532672666,5431
GE.TIRR,PL.KWP,719.1244641692058,5418
AK.FYU,AK.PAX,399.99058912123047,5360
AI.BELA,YT.DUFK,646.5409407451137,5316
GB.LRW,GB.DRUM,366.36437083167414,5310
IC.SSE,IU.INCN,867.4351516674121,5308
GE.TIRR,MN.DIVS,671.3097001477355,5285
GB.HMNX,GB.LRW,1034.9620099965914,5218
GB.CCA1,NL.HGN,791.5464800041445,5117
PM.PESTR,MN.RTC,546.4742282788287,5110
NL.HGN,CH.SLE,381.73776494053516,5082
YT.WAIS,YT.HOWD,588.4036461878154,5066
DK.NOR,PL.HSPB,820.1326867248822,5066
MN.CLTB,MN.BNI,993.6263746502985,5042
IU.YAK,IU.TIXI,1068.386572376351,5032
IC.QIZ,TM.CRAI,1000.6620505172768,4982
MN.WDD,MN.VTS,1062.5682191720425,4959
GE.TIRR,KO.ELL,866.4964431911812,4933
GT.CPUP,BL.RCLB,1083.2067827499657,4918
JP.JOW,JP.JMJ2,375.73988093573047,4908
AF.POGA,AF.UPI,1033.6108938627522,4905
YT.WAIS,YT.SILY,407.2645763266806,4893
JP.JOW,KG.TJN,1064.7852095339492,4848
IC.QIZ,TM.LOEI,884.1051328554644,4764
G.IVI,DK.NRS,147.61502354606904,4694
YT.THUR,YT.HOWD,634.1352372398679,4691
DK.DBG,PL.HSPB,1011.2442433230345,4688
WU.TOBO,KY.LLKY,1074.409347109579,4678
AK.GLB,AK.PAX,190.4123415351013,4643
GE.SUMG,DK.KULLO,627.2088759836532,4605
MB.HRY,TD.TD009,702.6486109694193,4586
GE.TIRR,KO.DKL,611.8633864221155,4519
US.ECSD,GS.DEC08,768.7187276710674,4468
GB.LRW,EI.IDGL,677.026921167806,4445
YT.SILY,YT.UPTW,413.5308103450858,4445
S1.AUPHS,S1.AUDCS,248.8327147059314,4411
JP.JTM,JP.JWT,787.5025680400202,4385
JP.JTM,JP.JSD,389.35972968192937,4385
JP.JSU,JP.JSD,1016.7889428114481,4384
JP.JHS,JP.JSD,570.2678652011862,4384
JP.JSD,JP.JMN,620.5380988205455,4384
JP.JSD,JP.JEW,598.2315104848831,4384
JP.JTU,JP.JWT,553.7137236900999,4383
JP.JGF,JP.JWT,180.64334087425672,4382
JP.JTM,JP.JMM,325.605112069738,4379
IC.QIZ,RM.SLV,670.124920008929,4369
CY.CBCY,CU.GRTK,918.7458516479677,4352
TM.PRAC,TM.CRAI,864.6741195479646,4340
JP.JMZ,JP.JNU,812.9912681668932,4327
YT.RMBO,YT.DUFK,202.57677721783827,4239
RM.DLV,IC.QIZ,800.3661268102178,4238
AF.MOPA,AF.HVD,980.70401099642,4224
AT.MID,AK.PAX,396.5956850513645,4220
NL.HGN,G.CLF,404.0191855011403,4220
YT.DUFK,YT.STEW,432.36368875970254,4220
NO.JMIC,GE.SUMG,1044.8625102802587,4187
MX.ZAIG,MX.MOIG,373.94352602235153,4148
S1.AUPHS,S1.AUUHS,475.32251043604606,4141
IM.TX02,US.AMTX,644.9772296133291,4140
LD.FRNY,US.GLMI,869.0958538582349,4085
MX.HPIG,US.AMTX,961.6441512566778,4078
IN.SHL,IC.LSA,465.50100713941566,4064
GE.TIRR,AC.VLO,854.7555604161951,4041
NM.WADM,US.ECSD,1003.1744870143526,4022
AF.UPI,AF.WIN,767.3534144165687,4012
TM.PRAC,TM.SRDT,225.73649691299707,3961
YT.BENN,YT.SILY,838.7807475287278,3954
IU.KIEV,MN.VTS,1007.5540177140546,3920
DK.NOR,DK.NEEM,815.9079208645076,3917
CM.RUS,EC.TULM,777.0264932963549,3900
AK.GLB,NY.MAYO,471.2670807358691,3884
KR.SFK,II.AAK,302.8158102441217,3869
IN.PBA,TM.PRAC,771.8330379638496,3819
C1.LL02,GT.PLCA,293.5867677510413,3806
S1.AUALB,S1.AUBUS,275.3098046467791,3804
C1.VA04,GT.PLCA,1075.7329248058797,3796
TM.SRIT,TM.PRAC,431.6254913837441,3777
KZ.AB06,KZ.OTUK,912.7132672377093,3764
DK.SOEG,DK.NRS,1024.4593754884693,3752
MB.HRY,RV.SWHSA,973.3149129084165,3747
PE.PSSK,PE.PAKC,169.1821312048176,3727
AT.SVW2,AK.PAX,567.5623965176285,3708
IU.TRQA,GT.PLCA,793.9925330951655,3686
KR.TRKS,II.AAK,303.66199890919285,3684
EC.TULM,CM.SJC,1060.7824290596839,3672
AF.SNKL,AF.UPI,638.0657413518824,3669
IC.QIZ,TM.NONG,714.1924640112262,3647
GB.LRW,EI.DSB,828.7631017896188,3626
TM.NAYO,IC.QIZ,1048.000170546376,3606
PQ.NBC8,TD.TD009,614.4864845676586,3604
II.EFI,C1.MG02,769.1966329400651,3591
YT.MPAT,YT.SURP,784.1737205147131,3529
GT.PLCA,C1.LR04,261.5579039905235,3526
NL.HGN,GB.WACR,425.0905195526516,3519
NN.RUB,PB.B934,316.1726820986675,3516
BL.RCLB,BL.PMNB,446.04911711250736,3505
ZC.SODR,CU.GRTK,204.03493411549942,3459
RV.DEDWA,TD.TD009,485.69300147619225,3458
S1.AUTAR,S1.AUUHS,884.8110961994925,3445
IC.QIZ,TM.UBPT,624.4783741050614,3445
US.MVCO,TX.BRDY,1091.6403896691618,3444
C1.VA04,C1.CO05,828.1252442556181,3419
CM.PRV,CY.CBCY,727.7710121409527,3382
CW.SOR,CY.CBCY,478.34315383747077,3368
UO.LAIR,MB.HRY,1029.5883499396762,3360
CA.CFAR,PM.PFVI,905.1218044599908,3356
YT.HOWD,YT.PECA,935.647148097476,3346
CM.RUS,CM.TUM,772.3591187399201,3339
NL.HGN,CA.CPAL,963.3683021494454,3337
C1.LL05,GT.PLCA,256.23366905085,3324
BC.TJX,PB.B934,1009.2511096439272,3323
MM.NGU,MM.TGI,225.13936087335844,3308
PO.MATQ,WU.TOBO,582.3158691316269,3304
AI.ORCD,IU.PMSA,1075.0535223920856,3297
MY.KOM,TM.SKLT,697.532505459782,3289
TX.DKNS,TX.BRDY,320.3822897169064,3286
EC.PUYO,EC.TULM,247.0622744592502,3282
II.AAK,TJ.CHGR,631.0769729179957,3271
S1.AUHPC,S1.AUPHS,1105.0201289039967,3270
RM.SZP,TW.KMNB,797.8903025166292,3240
CU.BBGH,WI.SLBI,181.55703562836598,3178
CW.SOR,CW.CCCC,603.2460062669207,3166
IC.HIA,CB.HEH,561.296710202135,3156
Y5.PER,MB.HRY,830.4036875729962,3155
US.ECSD,WY.YHR,1078.2696848904563,3145
CB.SNY,IC.HIA,879.5222127860328,3141
CB.DL2,JP.JNU,1050.299802284623,3132
PE.PBL2,PE.PSSK,318.76374014353144,3122
GB.LRW,GB.LAWE,496.7013983676552,3121
MB.HRY,UO.RSBO,866.5586639453664,3121
JP.JOW,CB.NJ2,1080.040777700127,3119
YT.SIPL,YT.MPAT,418.2388025329391,3096
PM.PFVI,CA.CARA,1028.8297055796093,3095
S1.AUALB,S1.AUMAZ,375.0405396026579,3093
YT.MILR,YT.MPAT,1007.004306203303,3091
CB.WHN,TW.KMNB,784.1895202232477,3083
IC.QIZ,MM.KTN,1099.1283730749408,3082
S1.AUTKS,S1.AUDCS,282.35591810738947,3056
GE.PSZ,GE.RGN,866.7947666574689,3039
YT.DEVL,YT.MPAT,904.8588353508626,3025
PQ.NAB2,TD.TD009,720.1672827892139,3011
GB.GDLE,GB.LRW,635.7578109877629,3011
IU.BILL,AK.GAMB,1091.9539292975967,2994
IN.MNC,II.PALK,849.39623321461,2984
G.SSB,GE.CART,971.5991458023195,2980
NL.HGN,UK.STED,555.2653953403253,2943
GE.CART,GE.MTE,645.9530496944308,2940
CB.WHN,IC.XAN,640.9565750245295,2925
S1.AUDCS,S1.AUJCS,943.0332429826519,2924
DK.ICESG,DK.NRS,921.4737516432931,2898
KP.UPNV,DK.SOEG,1040.2027488406745,2892
AK.GLB,NY.TGTN,823.0147774638776,2887
IN.SHL,IO.EVN,566.9700274451553,2869
MM.YGN,MM.KTN,609.8979524941826,2859
WM.UCM,PM.PFVI,599.1192978676288,2835
YT.FALL,YT.SILY,946.5555342705853,2835
DK.DY2G,DK.NRS,593.1582308189684,2834
YT.KOLR,YT.SILY,172.9722477599252,2825
IC.QIZ,TM.CHBT,1062.7641152470537,2806
CW.SOR,CW.CHIV,750.9663196202162,2801
S1.AUJCS,S1.AUCAS,291.8444404592586,2795
O2.SC12,US.ECSD,1007.6447723677342,2753
GT.CPUP,ON.PET01,1035.624983694716,2732
ON.RIB01,BL.RCLB,817.7716661183757,2717
CW.CAIB,CW.CHIV,422.8934858824037,2716
S1.AUGRF,S1.AUPHS,574.5947043317864,2697
BC.PIX,BC.TJX,354.78491798166317,2689
YT.WAIS,YT.MECK,1040.6311369298155,2689
IC.QIZ,TM.PHRA,1013.9034734033869,2678
IU.RAO,NZ.URZ,1101.7811185499675,2666
TX.435B,TX.BRDY,145.91751475563265,2643
TJ.SHAA,II.AAK,781.9652604889925,2638
ON.RIB01,ON.ALF01,148.9177720169808,2593
GE.RGN,GE.IBBN,444.6872343045885,2573
AK.DCPH,AK.PPLA,861.7011160334227,2547
S1.AUKAL,S1.AUALB,577.1651380765502,2545
NV.BACME,MB.HRY,1081.5964428716657,2543
II.ARTI,KZ.AB06,799.5263510485892,2520
AK.GLB,AK.V35K,980.812608955882,2519
NU.CSGN,CM.PRV,672.1937825787361,2514
AK.V35K,AK.S31K,406.57323220658463,2509
CW.CHIV,CW.CAMR,616.7494424837319,2501
AK.GLB,AK.J17K,813.2177064523862,2500
CB.GZH,CB.NJ2,1064.382945695949,2493
YT.MTAK,YT.HOWD,662.7556966349057,2467
ON.VAS01,BL.RCLB,420.7285411656211,2466
CY.CBCY,NU.ESPN,968.9319526303431,2454
GE.RUE,GE.RGN,232.35975601646174,2446
AK.GLB,NY.WGLY,1064.6814787532394,2429
AF.WIN,AF.RUDU,587.7059048628267,2410
IC.QIZ,TM.PANO,591.2082500649083,2400
AF.SNKL,BX.KGCAE,821.3060905365505,2345
S1.AUAYR,S1.AUCSH,342.9188972809293,2336
IU.KIEV,GE.MHV,743.1082888330366,2328
GE.MELI,GE.MTE,697.1365497079684,2325
CW.CHIV,ZC.HMDR,749.5078137112832,2323
AP.PVFF,CI.PDM,155.9500385791787,2322
AK.GLB,AK.J19K,664.1351839231718,2306
AK.J26L,AK.J17K,765.5059428978789,2295
XA.S14,XA.S12,663.9105849802172,2295
AK.PS01,AK.PS06,491.84401830002895,2295
AF.SNKL,BX.LKGWB,755.5820749355221,2293
IU.KIEV,GE.MLR,628.253439978963,2287
GE.TRTE,GE.RGN,924.6042652089353,2286
GI.PETF,CM.PRV,993.7304269058039,2284
GE.TIRR,GF.TEPE,378.3880455905558,2282
CB.WHN,CB.GYA,877.5731087303981,2281
GT.CPUP,ON.TIJ01,830.5097801838645,2281
IU.ADK,AK.SPIA,719.7773808334625,2258
PE.PSSK,PE.PN1,300.1958639656965,2240
CW.CAIB,NU.BILN,1025.6500934206283,2240
CW.SOR,NU.SIUN,1026.3376795451838,2229
AK.GLB,AK.H21K,645.4394408176737,2220
PO.MATQ,C8.PCAQ,1054.269561094958,2215
II.LVZ,GE.PUL,928.2053289042143,2196
AK.E24K,AK.C27K,257.66539840687153,2184
AK.C27K,AK.D22K,362.60451758306334,2184
AK.C16K,AK.C27K,872.1124800606422,2183
TJ.GEZN,II.AAK,680.1856285525051,2182
YT.THUR,YT.LPLY,247.47939441081124,2181
YT.MPAT,YT.CLRK,321.60674398756856,2179
AK.C27K,AK.E19K,598.8996295929547,2173
JP.CBIJ,JP.JHJ2,707.0629205947564,2167
US.GLMI,PO.LATQ,954.7167814345686,2152
PQ.NBC8,EO.KLRS,1042.7324271444975,2145
AK.E24K,AK.M14K,1035.452790747297,2142
S1.AUDCS,S1.AUMOU,861.7559873479081,2142
YU.B01A,PE.PSSK,214.4749793042164,2135
CC.YOCR,UO.RSBO,154.1882250520479,2102
AK.C16K,AK.K13K,705.8676637789949,2080
IU.YSS,JP.ASAJ,316.0515961118722,2078
G.SSB,GE.MAHO,598.9977937452664,2077
AK.C16K,AK.O14K,1022.4247067893156,2068
C1.CO05,C1.AC02,400.12152196552586,2059
NR.NE75,CI.CIA,863.2896508294581,2049
NM.SCMO,US.ECSD,744.5653906026404,2047
YT.THUR,YT.MCRG,157.66380304011395,2028
CI.CIA,NR.NE74,732.5054477555792,2017
AK.E27K,AK.C27K,181.10546733645285,2010
TD.TD009,PQ.NBC3,856.8539829075469,2010
ON.RIB01,ON.GDU01,628.1421328965096,1998
GE.APE,MN.WDD,993.3021748344395,1979
TW.KMNB,TW.MATB,244.38506672091566,1971
AK.K15K,AK.C16K,687.9342042947526,1962
AK.M11K,AK.M14K,235.24753291546327,1956
AK.C16K,AK.D20K,358.90069996338065,1945
CM.LCBC,EC.TULM,918.7818715167269,1940
AK.C16K,AK.M16K,860.718152702798,1935
CU.GRGR,VE.BAUV,783.0547101940518,1933
PB.GUAX,BC.TJX,420.13965491571406,1922
AK.C16K,AK.G19K,426.8401871752643,1903
MN.PDG,GE.TIRR,772.0350789954924,1896
CI.CIA,NR.NE81,972.2127411921314,1880
II.KWAJ,IU.TARA,1015.4213486441542,1865
AF.TEZI,IU.LSZ,238.5110629336466,1844
AK.F21K,AK.C16K,512.0687720801099,1841
YT.AGO3,YT.HOWE,1092.930469335291,1833
S1.AUCAR,S1.AUBUS,989.9115172892534,1828
AF.GRM,AF.CVNA,665.1290693977069,1825
YT.AGO1,YT.HOWE,697.5073851377201,1822
MN.WDD,GE.SKD,850.9478435598237,1811
IC.HIA,5G.D10,1075.1243802061065,1807
GE.HLG,GE.RGN,354.4692929895584,1795
CU.BBGH,TR.DLPL,303.88497175028573,1790
ZM.N140,YT.SURP,1081.2203387903785,1763
NN.DIX,CI.PDM,704.2175485387748,1757
IM.TX02,NR.NE82,608.777102167699,1756
NC.G005,PB.B934,142.8964446839831,1749
CI.CIA,NR.NE80,659.2279434465171,1741
AK.J17K,AK.G27K,895.5686283671721,1718
ON.ABR01,BL.PMNB,820.2179849605751,1715
YT.AGO3,YT.SWEI,928.4095879877269,1713
G.FOMA,AF.SKRH,330.45295536609984,1710
S1.AUCAR,S1.AUKAR,562.1242314188378,1685
S1.AUBRM,S1.AUKAR,647.4244494387992,1681
MP.KAR2,II.RAYN,1013.1185757914762,1674
BX.PHPEN,AF.SNKL,578.2475490094655,1661
PQ.KLONY,AK.V35K,1077.9960416774618,1660
CU.BBGH,TR.TOSP,230.969299895255,1656
S1.AUNHS,S1.AUDHS,647.0079799584055,1656
AK.E18K,AK.C27K,727.2001128184883,1631
2O.BTL04,S1.AUDHS,504.89160193135297,1625
NN.DIX,RE.BRBY3,604.2133847499621,1619
AK.J26L,AK.A22K,864.965775217763,1590
2O.BTL04,S1.AUALC,872.6217856112585,1590
PM.PMOZ,IU.MACI,512.7320182081941,1573
ZM.P061,ZM.N140,372.94218600901064,1571
ON.NAN01,ON.GDU01,462.3513764679875,1549
NR.NE75,NR.NE79,559.1334940527898,1545
IE.IRCI,MB.HRY,355.72897526597967,1516
TM.CMAI,TM.SRDT,615.8186852178358,1514
YS.TL06,II.KAPI,834.255108337175,1511
MM.TGI,XR.BA07,681.0653840016846,1501
QZ.CHM,II.AAK,404.6724155776049,1501
II.ARTI,QZ.ALGA,716.0228894182064,1500
QZ.FDRN,QZ.ALGA,409.2827528456088,1499
RV.KAKWA,AK.V35K,813.3739341566267,1498
QZ.INDER,QZ.ALGA,432.9485488290587,1493
II.NNA,TO.PE03,791.7243898817837,1493
S1.AUDHS,S1.AUKAT,274.14294173713216,1492
QZ.AKST,QZ.CHM,655.3441315508795,1489
QZ.INDER,AB.HASN,1038.1343761963894,1484
QZ.SEM,II.AAK,968.8998851749791,1484
AK.GLB,PQ.TUKN,1016.7378072948654,1482
PQ.TUKN,PQ.ULUN,592.9241040866825,1479
LD.FRNY,PO.ACTO,533.4545821394105,1457
IM.TX02,MG.JRQG,1012.503139449288,1448
QZ.CHM,QZ.BRZS,881.6161761595333,1447
QZ.ZSN,II.AAK,974.2849835981935,1440
IC.HIA,5G.D16,983.89308355899,1438
AF.POGA,AF.BLWY,860.575843629951,1425
Y2.GUGE,Y2.PURG,209.42393362351538,1416
II.FFC,Y5.FMC,633.4184569942635,1400
AK.A19K,AK.K13K,933.4184320920439,1392
II.FFC,Y5.HON,771.8343787626179,1385
IM.TX02,NR.NE83,651.7407439233384,1373
CD.WMQ,II.AAK,1076.4070309622925,1371
PO.ACTO,PO.MEDO,138.99055160408193,1370
CI.CIA,US.KNB,647.6410040641958,1349
CD.ENH,CD.KMI,876.534956660073,1348
AB.PRLH,AB.HASN,151.96626170291393,1329
IU.LSZ,AF.KTWE,273.9827437686717,1327
QZ.ZHTS,II.AAK,555.3745245319961,1325
C8.PCAQ,C8.FORQ,460.8783985750238,1320
HV.ANDI,G.FUTU,814.338635763919,1319
8A.BAHE,8A.GAMM,572.9433938153942,1303
QZ.TDK,QZ.ZHTS,948.2405855598183,1299
S1.AUROX,S1.AUCAS,426.3311957809599,1286
N4.N41A,US.ECSD,581.2407289901092,1267
EI.IMAC,EI.DSB,239.5479279467183,1260
EI.IMAY,EI.IMAC,258.2374453976226,1260
XB.PM35,PM.PFVI,809.6203069031885,1253
N4.N41A,N4.K43A,305.2060760155491,1248
G.CCD,IU.CASY,1082.5702377096547,1240
AF.SNKL,ZT.WTBG,465.2184206840738,1230
N4.N41A,N4.X48A,772.2110305238672,1229
IC.HIA,XG.MJPU,1008.1201566200901,1220
II.NNA,AS.ZOBO,1053.4444157681537,1218
CM.PRV,OV.CCOL,579.7640853935945,1213
DK.SOEG,GG.SE1,733.5515270870771,1202
IU.SAML,IU.PTGA,980.7341575818461,1184
N4.257A,N4.X48A,623.8766243760954,1182
N4.237B,N4.N41A,1064.3821499285298,1177
N4.060A,N4.X48A,1042.3980683446105,1175
AF.SNKL,ZT.CRAIL,610.3708786915788,1175
KG.TJN,KS.SH2B,224.2272184573233,1174
AK.E24K,AK.C18K,523.9744007406681,1168
N4.Z38B,N4.X48A,744.858647911391,1164
N4.R32B,US.MVCO,869.5398619872237,1158
8A.GAMM,8A.KANO,186.56960355740543,1150
N4.P38B,N4.N41A,257.35208016093253,1145
N4.V51A,N4.X48A,287.4149489534351,1145
N4.N41A,N4.R40B,294.8135510559213,1142
N4.L34B,US.ECSD,197.44732190172243,1132
NL.HGN,CZ.TREC,701.2833000225778,1131
CZ.MORC,NL.HGN,831.5891650015667,1131
GE.ZKR,GE.APE,225.87856897087875,1128
8A.GAMM,8A.OTJO,506.50064967045614,1128
NL.HGN,CZ.PRIC,495.02500776068155,1126
BX.KOOLE,AF.SNKL,959.6641679165485,1123
AF.SNKL,ZT.DULL,402.0542651343359,1114
GO.GHRG,AB.HASN,639.1918870130576,1111
KZ.CHKZ6,KZ.AB06,884.789364437931,1100
N4.R50A,N4.N41A,621.4871717153744,1100
XB.PM35,XB.PM04,496.1913905311712,1095
N4.R50A,N4.P48A,161.94208026480865,1092
YT.DEVL,ZJ.DONT,847.9186053804442,1082
ZJ.DONT,ZJ.RKST,190.42906617544298,1078
AK.GLB,PQ.RICHY,715.9504627760971,1056
JM.CVJB,ZC.HMDR,861.9852020105216,1050
C8.PCAQ,7O.ABNH,939.8400711715288,1042
QZ.USHN,QZ.TDK,641.1456047330958,1035
AF.PKA,AF.CVNA,350.4108459606019,1034
X5.CTSN,X5.NOTN,224.40270337496597,1033
8A.GAMM,8A.OMUT,484.83812731837247,1027
MP.DHK1,AB.HASN,620.0092943161387,1024
ZT.NHAM,AF.SNKL,376.29370435913415,1023
BX.KHWEE,AF.SNKL,741.5745777302501,1018
X5.MNGN,X5.NOTN,316.93235103555554,1010
N4.K50A,N4.P48A,436.9127367819614,1009
Z6.BRDL,IC.LSA,782.851899172256,1008
X8.QMM5,PO.LATQ,481.63261278773905,1001
CI.CIA,JW.BRR,1012.865414860057,994
GE.HLG,YI.BOB,1053.1084854254616,993
NL.HGN,CZ.BEDC,649.1450721504856,991
XB.PM35,XB.PM25,220.14302924022624,989
RU.ERBR,GE.TIRR,956.9465471043768,989
YM.MHCG,PE.PSSK,403.33890201140076,984
Z9.W14,KY.LLKY,660.2320311256416,983
ON.TER01,GT.CPUP,845.4277949845915,970
ZJ.BEBP,ZJ.DONT,277.35319492807844,961
S1.AUALB,IM.I04H3,148.34361286371697,953
XB.PM35,XB.PM18,353.63271954832203,950
X5.PNGN,X5.MNGN,351.73740209945623,946
C8.BNKB,US.HAWA,1069.2975126374488,945
CM.RUS,3C.GS02,345.04822381258685,942
LO.LOBA2,CM.SJC,1011.0607620357875,937
XC.OR088,US.HAWA,419.83695300734615,925
EC.SALI,CM.TUM,512.050794507963,916
XD.PSP03,YT.DUFK,801.2519153331722,915
GE.RUE,YI.BARR,919.5757763841947,911
ID.ERM,DT.SWU,344.40782257374,908
Z7.LA01,TX.BRDY,495.0628287032215,906
XB.PS16,XB.PM18,341.2317685090277,900
XI.SN44,US.ECSD,429.6389236462398,899
ZM.GM02,ZM.N140,287.6342188290606,889
G.KOG,IU.PTGA,1039.9562312679977,881
TC.ICC3,OV.CCOL,551.8226858559882,880
N4.P48A,N4.P51A,203.0715513381622,879
N4.V51A,N4.R53A,352.5065133293017,871
ZM.N215,ZM.N140,742.9384365856506,870
MM.SIM,MM.TGI,437.97793524943603,869
XI.SN44,XI.SC10,766.9534584796174,868
NI.ZOU2,MN.BNI,515.7190000754395,865
XB.PM35,3D.MM15,466.84437414058453,862
XI.SC09,US.ECSD,1003.7694071338562,860
IM.H01W2,IM.I04H3,205.13034936917848,857
XW.PDG,II.AAK,413.3089151416905,856
XY.PACW,US.GLMI,767.7116926184644,853
8A.HAO,8A.OTJO,255.9561357079244,853
XI.SM37,US.ECSD,268.1740684945988,852
8A.OKAM,8A.GAMM,272.34373688520424,850
Y1.TURK,Y1.KAEK,332.82598624313664,849
EC.TULM,EC.MILO,377.7799639612704,848
GT.CPUP,BL.AQDA,671.4835672342718,842
4P.MBB03,US.ECSD,804.9463413547874,839
XI.SC14,US.ECSD,1016.2569497813556,835
8A.OTJO,8A.WEWE,158.06907212423306,832
GE.SKD,GE.MRNI,1086.706497581365,831
6R.YABE,Y1.KAEK,303.6868402454592,826
XB.FREI,IU.PMSA,381.21611917182673,823
1P.GUMN,1P.CURI,154.53697080340368,822
XB.PM35,3D.MM05,232.06577958347393,820
IC.HIA,XG.ELSH,907.6361202277125,816
XI.SN44,XI.SC04,412.19338500557444,816
II.EFI,1P.EIDA,933.7269793325933,816
N4.Y60A,N4.P48A,883.062564143822,815
AF.MOPA,MZ.MOCU,931.5331815057559,812
II.EFI,1P.LVAN,908.054622805264,811
N4.R61A,N4.R53A,576.7236920242684,809
II.EFI,1P.PMOR,1052.6901445224005,807
Y1.N7001,IU.KEV,463.1649943870215,807
GE.SUMG,9D.KNS,1025.0595566264326,806
MP.AMR2,II.RAYN,956.0068500809065,806
YT.HOWE,XH.RS10,906.8884064551191,800
IU.TEIG,NU.ESPN,988.6181305167407,800
OH.CROH,PE.PSSK,507.7978241539407,796
4J.XB07,G.EDA,168.65380365736547,793
XH.RS12,YT.SILY,536.0832743668383,778
DK.SOEG,YM.KASE,842.3465167253014,775
XB.PS57,XB.PM18,358.7585614153149,770
IM.I07H8,S1.AUDHS,913.6377864783349,767
6R.MAGE,Y1.TURK,349.682685488797,764
XW.KHA,XW.PDG,451.5165845612041,761
PQ.LHLYB,NN.DIX,1069.8039948725755,761
PQ.CMBN,PQ.ULUN,516.4186124254353,761
RU.ERBR,KO.KARS,605.1660184946998,760
AK.TNA,XR.GTM,307.18091235504284,760
AK.GLB,7C.MM17,627.314707639623,757
8A.NEPA,8A.OTJO,361.26753866805393,755
YT.THUR,1D.KIBB,1016.8912736882992,753
XH.DR02,YT.AGO1,1075.002934727473,752
CU.BBGH,PR.IMPR,1050.7921598748069,751
YT.WILS,YT.HOWD,309.45459010675495,747
Z9.W315,Z9.E31,209.06495743416033,743
IU.MACI,ZI.MB16,697.9191865026315,740
YT.MRTP,YT.HOWD,842.8392185353863,739
XH.DR16,YT.MPAT,617.8101272257509,738
YU.GJ03,CM.SJC,352.39096771857317,738
II.NNA,TO.PG01,416.96482213647636,738
II.NNA,ZD.FM06,299.32731819210386,737
YU.MD04,CM.SJC,158.03047384272122,737
HL.RDO,YB.AT63,844.5356922310247,736
US.GLMI,X8.QM38,1103.1127110980444,735
YT.HOWE,XH.RS02,1064.8263603305763,734
AK.GLB,YG.GLN4,208.01998627445113,733
XK.B04KH,XK.B07DX,183.95208733436144,731
YB.AT49,YB.AT63,227.2445034999627,731
GB.LEWI,GB.DRUM,295.23695437228724,730
XH.DR16,XH.RS06,259.1006801684598,729
DK.NOR,XF.NE6,470.30850395982776,729
7U.TJTJ,YT.SILY,622.5214133535511,728
DK.SOEG,XF.NE1,782.015435065105,728
DK.DBG,XF.NE5,330.9103073206008,728
G.SSB,XB.PS37,1047.8573567048113,727
Z5.NTGM,Z5.MASD,323.2375306163388,727
YS.TL06,YS.SARA,589.5608458982374,727
KO.ELL,3K.NIKI,334.6412043240274,727
Z5.LAMW,Z5.MASD,237.38262430576233,727
IU.KIEV,YD.6C04,827.446381391771,726
Z5.KAGD,Z5.MASD,139.0893323068278,726
IU.TRQA,XH.ESP03,943.2945231883019,726
YT.HOWE,XH.DR15,932.0867596537271,725
YT.ST07,YT.CLRK,440.74176901321226,725
DK.DY2G,XF.NE3,1106.7880600586795,725
DK.NOR,XF.NE2,1069.714196868042,725
YS.TL06,YS.SAVU,554.3666323905505,723
YS.TL06,YS.MTNG,150.33314019599123,723
XH.DR16,XH.RS15,212.3574245625388,721
YB.AT49,YB.AT19,177.68488930367658,720
XH.RS08,YT.SILY,868.6489623663743,719
YT.ST14,YT.MPAT,484.6503749311585,719
RM.DLV,TW.VNAS,665.2557205134586,719
1D.KIBB,1D.PIG3,895.7567164751846,718
YT.MA09,XH.RS10,984.6220113331642,717
NN.SLVR,IE.BCYI,811.0535912223226,715
US.ECSD,XO.MG05,847.02766733764,714
7A.BDEG,US.GLMI,1038.1979978424224,714
CU.BBGH,PR.SNC1,755.8539910221348,714
YT.AGO1,XH.RS17,935.7833508460673,713
YS.ONIX,YS.MTNG,213.2561320604096,713
JP.JNU,1U.SHRD,997.8204335708593,712
TO.PG20,II.NNA,423.6301344434938,712
AF.PWET,IU.LSZ,779.019800887566,711
YS.TL06,YS.HADA,320.5208805964469,711
US.GLMI,XO.SOKY,819.3301279732488,710
ZL.NOQE,ZL.BARR,258.1317713346533,708
MM.YGN,MM.MDY,572.8265326822074,706
VE.IMOV,VE.CAIV,751.5266528933213,706
YT.KOLR,YT.MA07,702.2438762959248,704
AT.MID,7C.MM26,950.7698464633245,704
IC.HIA,YP.NE57,631.9050540786423,704
IC.HIA,YP.NE83,347.1012837032688,703
IC.HIA,YP.NE81,425.07111735964924,703
XH.RS12,YT.MA06,1009.7252952001163,702
YP.NE59,YP.NE57,215.7851070642478,702
XV.MMBE,XV.MAJA,742.3347257240605,701
XV.MAJA,XV.ANTS,193.26517710533147,700
CU.GRGR,YU.NL10,1084.460315928194,699
YU.SL09,CM.SJC,292.822346277532,698
XV.MAJA,XV.ANLA,390.54900183493214,697
ZM.N156,ZM.N140,166.0065110904589,696
IM.TX02,XR.SC25,472.7715377902647,696
WF.SPG,EI.IMAC,416.7381955937723,695
YP.NEA3,YP.NE57,411.6282794508182,695
YP.NE57,YP.NE9B,597.8227435972304,694
XT.D58,PB.B934,738.0328153983468,694
Y6.MALY,Y6.HOLY,252.89458328683358,694
XV.MMBE,XV.LAHA,1052.0284790484513,694
YT.WAIS,YT.ST10,582.2393599728291,691
YP.NEA9,YP.NE9B,158.29378748877934,691
XV.MMBE,XV.MAHA,470.9726061407035,691
4Q.UT19,C1.CO05,860.2951723285873,690
XW.KSA,II.AAK,308.1946034429096,688
IC.HIA,YP.NE8B,581.9181524463435,687
XA.SA38,XA.SA76,763.6904878668423,687
YP.NE66,YP.NE81,338.33371019864506,686
YD.3H07,YD.6C04,305.1653795549923,686
VE.GUNV,VE.IMOV,902.2060781064424,686
AB.HASN,MP.KUT1,819.0514669748948,686
TT.THTN,MN.WDD,527.8137972863348,686
C1.VA04,3Y.SC02,969.4834242772696,686
NR.NE78,NR.NE74,495.13336782307505,684
XK.W12MB,XK.W10LW,181.73742765407403,682
1D.FOWL,YT.THUR,716.9676048808107,682
XK.W10LW,XK.W02NB,139.07834306336653,682
XK.W12MB,XK.W15SS,177.66515565173108,680
YY.CHGE,YY.ABMD,140.61269591286197,678
M8.AI45,M8.WATNG,317.9798047803049,677
M8.AU52,S1.AUBUS,518.3970560049199,677
XK.W12MB,XK.Z09CG,303.2744156863148,676
YY.GORE,YY.NEKE,150.87128746485362,675
Z9.W315,Z9.E07,418.4728126003236,675
XK.B04KH,XK.Z04NN,1048.7104543346757,675
YY.SHER,YY.CHGE,193.56882520872577,674
RV.ASHMA,IE.BCYI,1108.450384592218,674
1P.OHRS,1P.CURI,325.64119346461507,673
3C.GS02,3C.SL09,212.4570890239915,673
GE.TIRR,YL.BEKI,590.7888030495482,671
YW.MAIO,YW.PATM,139.78023535400303,670
IU.LSZ,AF.LBB,412.5833965430624,666
YC.SBA8,II.KAPI,1066.370882609348,666
XK.Z09CG,XK.Q07MR,571.3360027151472,665
YC.SBA8,YC.SBC5,164.70833290521844,665
ZM.GM01,ZM.N140,244.40102390969312,664
YC.SBE1,YC.SBA2,197.2591855122858,663
YW.MAIO,YW.SALA,169.0283326286958,663
ZL.A01,ZL.B07,217.24261823605337,663
YY.NGLE,YY.CHGE,710.5498075632329,662
X5.PNGN,X5.CHIN,564.7383204298725,662
XL.HV10,XL.AT04,700.1523169186739,661
GE.TIRR,YL.ARSL,723.9146106323831,661
YB.AT06,YB.AT63,380.9598593568432,660
RU.VSLR,GF.TEPE,983.9555785434843,660
XL.AT13,XL.AT04,162.2047426113209,659
YP.NE8I,YP.NE57,842.0787349938582,656
TO.CC08,PB.B934,490.6956712350062,652
YD.3D08,YD.6C04,155.9800421522451,651
YD.3D14,YD.6C04,392.6408073040274,650
XM.ANB07,C1.CO05,1013.7316389515373,650
VE.LUEV,VE.CAIV,561.6106520602593,650
XL.HD68,XL.HD74,619.3575797637673,648
VE.ELOV,VE.CAIV,350.67695130934584,647
XL.HD74,XL.HD73,159.22239304614826,646
XL.HD68,XL.HD09,185.43728700207282,645
XL.HD72,XL.HD73,186.12951094430653,645
XL.HD68,XL.HD25,373.16022592560944,645
C1.CO05,XM.ASB13,676.041729842409,645
C1.CO05,XM.ANB10,852.0139721226282,644
XG.ERGN,XG.MSDY,296.9117141974231,644
XL.HD54,XL.HD74,281.86228067686386,644
XL.HD68,XL.HD41,486.6451371226947,644
ZF.HYNE,ZF.LYDE,305.22124780132737,644
IU.SAML,ZG.CB34,772.5450029834864,642
YC.SBF4,YC.SBC5,145.96052871328104,641
TW.VDOS,TW.KMNB,451.6740997143599,641
XL.HD72,XL.HD75,534.3615023803743,640
XM.ANB07,XM.ANB19,451.37137225603,639
X7.WA33,TD.TD009,650.5760371851078,639
XM.ANB03,XM.ANB10,229.59568075035818,639
XM.ASB22,XM.ANB10,999.8293711771081,638
XM.ANB19,XM.ANB20,256.1986076196925,638
7C.MM17,7C.MM30,289.23502939186625,636
JP.ASAJ,YP.NE6F,908.924204751311,636
YU.NL02,CU.GRGR,989.2334121785223,636
ZG.CB34,ZG.CP13,422.11014031680435,636
ZG.CP13,ZG.CP12,211.4727177870473,631
ZM.P080,ZM.N140,296.91804497691504,631
XM.ANB07,XM.ANB18,679.57403099599,629
MN.PDG,TT.TAMR,1053.1938059987835,625
C1.CO05,XM.CB01,875.5483555374323,624
YP.NEA5,YP.NE9B,441.08743723672006,623
C1.CO05,XM.CB22,710.2893970847969,623
YD.3F11,YD.6C04,318.422825527882,623
KN.ULHL,XP.ORTK,166.38047231052093,621
XV.DGOS,XV.ANTS,324.5664179833647,621
ZG.CP07,ZG.CP13,259.77923624477455,620
HV.ANDI,3J.OBS01,151.58387813403476,620
Y2.GUGE,Y2.WT12,154.60296150448679,619
HV.ANDI,3J.OBS28,237.52372787418489,619
3J.OBS04,HV.ANDI,427.52140575092716,619
5A.KAVI,5A.LASU,320.27912865681947,619
HV.ANDI,3J.OBS23,189.40913622153758,619
HV.ANDI,3J.OBS17,288.44948287308716,619
HV.ANDI,3J.OBS13,493.3516289926063,619
HV.ANDI,3J.OBS11,507.3730323238197,618
BL.POPB,BL.CANB,258.55330321226404,618
3J.OBS19,3J.OBS17,206.2248685641087,618
M8.MOGAR,S1.AUDCS,511.41844029004267,618
X4.A01,IC.LSA,825.4889211658708,618
TX.ELG6,TX.BRDY,337.027354139044,618
XL.HD03,XL.HD09,195.7488419006204,617
XK.B17CI,XK.B04KH,213.01404901730243,617
3J.OBS30,3J.OBS28,215.02539464828968,617
C1.CO05,XM.ASB04,673.664390984912,616
OZ.CURRY,OZ.ROWM,431.11897997303663,615
YT.KOLR,YT.ST02,698.1473262960219,615
OZ.TOT,OZ.DTMM,171.81704264507286,615
OZ.GRASY,OZ.MARG,248.87337762007652,615
Y2.WT06,Y2.WT12,137.72571406995806,615
IU.KOWA,GT.DBIC,875.1244720612901,613
TJ.MURGB,QZ.ZHTS,567.9663259964748,611
X6.NS10,ZL.BARR,538.0293949559305,610
OZ.AWOON,S1.AUDCS,944.2791735732368,610
JP.ASAJ,YP.NEAB,929.3418709806411,609
GT.CPUP,BL.CMPA,817.450926098876,606
Y1.KERK,6R.MAGE,340.0836716109695,604
PO.MATQ,4A.MN50,941.2256210206924,602
XV.MMBE,XV.SENA,995.8852803657535,602
TO.MONT,IU.TEIG,736.3425399160914,601
YD.3B13,YD.6C04,370.01056731350604,599
BL.TRSB,IU.RCBR,760.7560683084733,598
N4.R61A,N4.G65A,998.7374600089938,598
BX.KGCAE,BX.XAUDM,488.1524117943514,597
MR.MRIV,XV.LAHA,968.6539628556667,594
VE.PAYV,VE.IMOV,849.8132071116464,594
IC.HIA,YP.NE7D,806.2829629015002,594
YP.NE57,YP.NEAD,886.1350226931829,594
1F.ANIM,KO.ELL,768.7342497656649,593
XD.HOT16,XD.HOT28,291.23849773967055,592
XQ.ME10,MB.HRY,1064.3225734477899,591
YU.SL02,CM.SJC,516.9216009035487,590
YP.NE61,YP.NE57,581.8853180906589,589
X5.MARN,DK.KULLO,801.2035200766545,589
5A.LIHIR,5A.LASU,149.3814294644797,587
XM.ANB07,XM.ANB11,270.63929114807985,586
YT.HOWD,YT.ST04,707.3160595384769,586
US.GLMI,X8.QM76,984.5054950142332,585
7C.MM40,NY.WGLY,316.2579347777091,585
RU.ERBR,RU.R27,339.2738163690776,585
XW.LIRA,XW.AMDT,208.73895471717503,584
VE.IMOV,VE.JACV,266.2511666398842,583
XL.HD09,XL.HD48,246.10372996843287,581
MH.P0006,G.FUTU,148.10330448123017,578
GE.PUL,YV.NSS,1084.9101775658398,578
EC.MCRA,II.NNA,913.5996651438242,575
IU.HNR,G.SANVU,1032.6609723019676,575
S1.AUPHS,OZ.BOGA,840.4411854904926,574
OK.HEWI,US.ECSD,743.5292177187334,572
DK.ICESG,XF.NE4,858.5293329914797,565
ZL.B01,ZL.B07,140.0260299996734,564
AK.PPLA,XR.NOM,671.8880182577794,564
CI.CIA,XM.UT52,863.5147401603933,564
YW.PJOR,YW.SALA,241.96945703517721,563
Y5.RW1,Y5.FMC,264.34430870943254,562
XM.ANB07,XM.ANB16,228.94612501730572,561
ZD.FM09,TO.PE03,519.6642414965321,561
ZD.FM03,II.NNA,218.8662385555821,559
XM.ANB07,XM.ANB17,425.451437978096,559
1E.CNF,DK.KULLO,801.3946283163034,558
GE.IBBN,XK.HOYT,999.4920501725759,553
X5.NOTN,X5.SHMN,324.92875289743694,552
CI.CIA,XK.UT65,788.651621498338,551
7S.GORG,NZ.URZ,982.1013273831621,550
ON.RIB01,ON.ANA01,533.1771316153672,549
AF.TEZI,AF.MONG,320.5468438144791,549
HL.RDO,YB.AT56,996.139255798558,549
MH.P0008,G.FUTU,707.9776628830259,548
TO.PH20,II.NNA,634.5164556343506,547
Z1.Z16N,Z1.Z21G,150.11827207920754,547
IU.LSZ,ZP.PNDA,1040.8454154131546,546
AK.DCPH,XN.A06,837.6440249180853,545
S1.AUALC,S1.AUAPY,338.0322792939577,545
BL.CRJB,BL.TRSB,836.9159404302794,540
X8.QM90,US.GLMI,996.6079605355633,540
NU.SIUN,SV.RBDL,531.6840117527125,539
AF.GRM,ZQ.AAM2,766.4411147292701,539
US.HAWA,XQ.ME62,786.8586546928236,538
NU.SIUN,YG.INC37,443.0945002427099,538
G.SSB,YF.DUOK,830.8029773732533,535
BL.AQDA,BL.CDSB,355.12108009510905,534
N4.E62A,N4.R61A,1037.1828769635683,530
GE.IBBN,XK.NOVR,977.9345832569774,530
8A.BAHE,8A.SOLI,285.69820810500215,527
XA.SA18,XA.SA76,1050.4460215332342,527
GH.MRON,GH.KLEF,208.1084160768354,526
X4.D26,IC.LSA,587.6388065955797,523
8A.AIAI,8A.BAHE,758.6391599248551,522
XW.KABG,XW.LIRA,196.52360932099833,521
IU.SAML,ZD.FS07,1076.729151929832,521
8A.GAMM,8A.WAND,501.662902596059,519
AK.GLB,ZE.BULG,390.24662529078705,517
X8.QM58,X8.QM38,206.77511505146913,516
Z1.Z01J,Z1.Z16N,299.90783772512935,515
XI.TANG,Y2.PURG,1078.4534757271322,513
GE.TIRR,XS.N039,542.0003199290054,512
XA.GP03,KO.KARS,257.79844132325206,510
GH.MRON,GH.WEIJ,156.17451500039442,509
XA.SA01,XA.SA38,1085.6200427935194,506
MH.P0009,G.FUTU,1080.5169559970188,505
XF.MA28,XF.MA36,256.9613711404076,505
AT.SVW2,XF.GOAT,778.8053165642439,505
XA.SA81,XA.SA38,668.7230319087802,502
ZG.CB14,TO.PE03,625.4816824815732,499
GE.TIRR,YG.CBP4F,1023.8296368076849,498
Z8.373,Z8.365,141.31137049808484,498
GT.DBIC,AF.IFE,1032.2336752818755,498
YP.NE83,YP.NE32,417.15234723611167,497
GE.TIRR,XS.S040,834.6823672473867,496
TO.MULU,XF.MA28,371.9964937740349,494
5A.KIMBE,5A.LASU,357.66150942490907,492
TT.THTN,TT.TATN,372.4992786445377,492
GE.TIRR,XS.S009,927.342869172638,489
C8.MWAB,PB.B934,1107.70660373107,489
MP.SAM2,AB.HASN,1066.9728107635092,489
Z8.320,Z8.365,650.657771343346,488
XF.MA28,XF.MA40,140.43374502752744,486
XV.NAPU,XV.MAJA,772.6670541676016,486
RU.ANN,KO.KARS,668.7843833902921,486
ZM.N156,ZM.N173,162.48653777036208,485
ZL.NOQE,ZL.COLO,144.74181300376668,484
BL.PDCB,IU.RCBR,824.9445137470991,483
I0.RD179,PQ.LHLYB,795.1936066982817,481
MB.HRY,XC.OR100,716.240726468089,480
GE.SKD,YF.HVAR,1075.9622195604672,480
YQ.MATA,XJ.LN25,748.822562546034,479
ZV.XWAN,IU.ULN,1104.846451835153,479
II.NNA,EC.BOSC,999.2674873033059,479
II.UOSS,KW.MIB,1028.088132420666,477
YJ.BAK01,GT.PLCA,726.2911705206939,476
ZP.BKBA,ZP.KIBO,275.2917798190122,476
8F.VIGR,DK.ANGG,757.7018324036783,473
AF.NSU,AF.YNDE,557.5812567378616,472
II.FFC,Y5.DOR,429.44304687788764,472
XM.ASB13,XM.ASB11,454.1819152276692,472
2O.BTL04,2O.BTL07,196.53999525006634,471
XM.ANB20,XM.ASB20,1010.7055919842123,471
XM.ASB08,XM.ASB13,276.53710821766435,471
CI.CIA,XM.NM32,1039.944531874186,471
3C.GS02,3C.NW09,212.81443843973375,470
US.HAWA,XL.MG06,1054.6771049264144,469
Z8.356,Z8.365,138.68045471871886,468
HV.ANDI,3J.OBS10,628.8220811624253,467
YP.NE59,YP.NE5D,290.6085200760126,465
S1.AUMUL,S1.AUDCS,620.2458863541048,465
AK.SPIA,XO.KD02,1050.1548972690346,465
XB.CM06,XB.CM29,808.7382923603047,464
ZV.GUNA,IC.XAN,735.5856369026775,464
AK.SPIA,XO.LA32,827.8551874709734,462
AK.DCPH,XY.BN23,754.9290956551529,461
AK.SPIA,XO.LD42,974.04895337338,459
ZM.GM04,ZM.N140,519.7722528606789,459
IU.PMSA,XB.ELEF,597.8568238209175,459
XO.JSO2,IC.LSA,632.1962232843186,459
GE.TIRR,YG.CBP2J,864.9599269803662,457
ZP.MGOR,ZP.PNDA,731.8645867893531,457
GE.TIRR,YG.CBP4N,822.5645901383582,456
BL.AGVB,BL.PPDB,278.6122917372741,456
XG.MSDY,XG.BYBT,212.41250312903531,456
IU.LSZ,XV.TETE,583.8100054492567,455
YB.IF01,DK.MUD,1100.0843192822435,455
DK.KULLO,1E.TQF,874.629951970053,454
IU.LSZ,ZP.LAEL,856.8170965893698,453
GE.TIRR,XS.S037,694.7966788404685,453
IL.IR3,SR.MAIO,768.3231574156528,453
IM.TX02,XP.S29,889.4796030049636,453
ZP.JNJA,ZP.KIBO,525.350779909783,453
XP.N20,MB.HRY,980.6708108283242,452
3H.G33,3H.G30,180.35175118290297,452
XA.AX08,MP.DHK1,368.7281435265214,451
3H.G30,3H.G18,174.70406680604793,451
HV.ANDI,3J.OBS26,198.85033132613015,449
3H.G15,3H.G18,162.45886846099557,449
3H.G52,3H.G56,318.32699775444337,448
3H.G52,3H.G27,299.04883081904643,447
XD.C02,US.MVCO,789.4490561698742,446
3H.G39,3H.G27,272.11312033149983,445
8Q.P19,8Q.P11,202.65623373977874,445
3H.G08,3H.G30,493.51460288258147,444
3H.G23,3H.G30,312.9498869616565,443
3H.G01,3H.G18,482.98935850049634,443
5A.ARAWA,5A.LASU,345.6231025600902,443
ZI.MB19,ZI.MB16,149.49784009868475,443
3H.G15,3H.G06,184.3814929135504,442
8Q.P15,8Q.P13,272.14219850083794,440
8Q.P12,8Q.P13,148.2410768449728,440
5H.EITE,5H.TIOE,233.19291620197222,440
8Q.P20,8Q.P15,229.4043000148988,440
8Q.P21,8Q.P15,206.0104061134816,439
YT.EAGL,YT.DUFK,523.8939089711417,439
XE.ES11,IC.LSA,377.5525560266222,438
3H.G27,3H.G44,189.4399198287228,438
8Q.P12,8Q.P03,241.35221296052504,437
OZ.MRAT,OZ.DTMM,914.1104264288529,436
OZ.ROWM,OZ.HKER,851.6908067413856,436
S1.AUPHS,OZ.MILD,898.3398117863612,436
8Q.P11,8Q.P18,270.92447106138263,436
8Q.P18,8Q.P09,140.1458629341642,434
ZV.GUNA,8B.430,909.8949895745977,434
IU.TEIG,YO.N11,814.3665676282262,434
8B.416,ZV.GUNA,939.1611938998889,433
YQ.MATA,ZV.CHAA,333.6346635623752,432
Y1.N7027,IU.KEV,445.260006719809,431
GT.CPUP,BL.ITAB,506.905096362709,431
ZQ.159,IC.XAN,891.1181860089984,430
BL.CRJB,BL.SNVB,809.6410220425904,430
OZ.GRASY,OZ.ROBE,485.68121062359296,429
II.LVZ,ZR.N1306,817.6938420127688,429
XE.ES31,XE.ES11,366.02533546090734,429
AK.SPIA,XO.ET20,913.0043392356447,429
BL.PDCB,BL.ITPB,388.34561423808714,429
8Q.P19,8Q.P22,597.3090106776483,428
8Q.P17,8Q.P11,357.2058047814694,428
ZQ.103,IC.XAN,787.4869638380098,428
XC.OR061,MB.HRY,778.128758688091,426
XN.BC03,XN.A06,178.6993526528521,426
ZD.FN11,ZD.FM06,284.01605088503584,425
AT.MID,XO.WD49,652.6500091284968,425
IC.SSE,ZQ.184,1057.6753405490924,424
TO.PH20,XP.LZAE,1103.909149479676,423
AT.MID,XO.WD58,810.6851862101532,422
MM.NGU,XR.MS02,294.90531541544664,422
C1.CO05,C1.AF02,506.26554668847785,421
CI.CIA,UO.TOMA,1055.7484598906751,420
XO.WD60,AK.SPIA,1005.9709159977335,420
IM.TX02,X2.CRAT,979.8826325280751,418
AK.SPIA,XO.WD67,859.8680358428237,418
YO.F6,IU.TEIG,1019.6446467624563,418
YS.PL37,YS.NGOK,258.7693343460144,417
XO.WD54,AT.MID,380.12546657230746,416
7D.G36D,PB.B934,395.8019588067167,416
XY.BS07,XY.BN23,340.0280111315652,416
YS.PL38,YS.NGOK,341.2411015201353,416
YS.PL71,YS.PL37,269.48605877082093,414
XW.AKSU,II.AAK,493.48612964566803,413
8A.BAHE,8A.AROB,740.8893778633352,413
XO.WD69,XO.WD58,348.3844493983358,412
XN.B15,XN.A06,588.0061252720812,412
US.GLMI,XO.LE17,849.6681247414878,411
GI.HUBA,NU.BILN,873.2331295162395,409
XN.A06,XN.A16,356.6269706330762,409
XC.OR088,XE.SNPG9,399.9730901120375,406
XG.MSDY,XG.KTLN,438.52049449435856,406
YS.PL57,YS.NGOK,978.3369127486611,403
XR.ST05,IC.LSA,174.55954961468527,403
YI.BARR,YI.GROG,199.59832553405826,402
TO.CARR,TO.MULU,251.25378261368147,402
XO.WD54,XO.WD72,169.50240287300005,400
XR.MS09,XR.BA07,471.90522904144916,399
9C.2A11,AT.SVW2,1056.8256639417716,398
XV.BAND,XV.LAHA,780.3243617610622,398
II.FFC,XR.FA24,912.515958667217,397
HL.RDO,YH.KO07,388.488091083627,396
MH.P0011,MH.P0010,676.3224440974975,396
XM.NM24,XM.NM32,147.58620218755016,396
BL.PORB,BL.PAZB,278.10969403235043,396
XE.EE04,XE.CC07,301.30723098349904,395
XV.ZOBE,XV.LAHA,483.0333570846256,395
XL.HD25,XL.HD21,186.2669562864806,394
XV.LAHA,XV.BITY,668.3074253098296,394
ZA.B21,ZA.B26,269.66369133036443,394
YS.PL39,YS.PL38,231.14796796302392,393
VE.GUNV,XT.CMPC,303.86526408910004,393
YS.PL44,YS.PL37,984.18789039518,393
YS.PL71,YS.PL40,695.5785304872926,393
XE.EE04,XE.WC02,449.8581351921107,393
8A.MALT,8A.KANO,676.9258330510914,392
ZA.B02,ZA.B06,268.7823305112803,392
YS.PL37,YS.PL41,540.5267729558283,392
YS.PL37,YS.PL46,591.5811443848952,392
YS.PL43,YS.PL38,988.7176352022959,392
ZX.215,XG.ELSH,368.25416477042114,392
YS.PL57,YS.PL62,476.932081254273,391
ZA.B20,ZA.B06,557.6645848674,391
YS.PL37,YS.PL69,459.1399455173833,390
YS.PL50,YS.NGOK,712.8298573709532,390
YS.PL63,YS.PL62,245.35540227611054,390
YQ.MATA,YQ.KIMO,298.21210471918624,390
2D.OBS16,PB.B934,654.0391596840001,389
2D.OBS08,PB.B934,826.6806186898124,389
PB.B934,2D.OBS06,857.4258855397854,389
2D.OBS13,PB.B934,799.5315908852955,389
YS.PL68,YS.PL69,188.55059539311702,387
TX.435B,ZZ.FWU17,688.9073374475562,387
YS.PL67,YS.PL69,160.8466203803634,387
YS.PL61,YS.NGOK,1032.6180401843446,387
BL.IGCB,BL.TRSB,685.3807621880237,386
XE.WW03,XE.EE04,490.22851778276436,385
1D.ATOL,YT.HOWD,858.7367168738439,385
2D.OBS21,PB.B934,658.160450995285,385
CU.ANWB,ZZ.XSJN,489.17953207211144,384
TW.KMNB,YM.12,452.4536233143164,384
YM.39,TW.KMNB,440.6018555637311,384
XV.BAND,XV.AMPY,492.70918096703826,384
XO.EP16,AT.MID,598.0227558470584,383
IM.H10S2,XS.L02A,918.8595607283663,382
ZR.N1317,ZR.N1306,223.23431859947507,382
XS.L02A,XS.I04D,173.7135308817424,382
1D.KIBB,1D.ELSW,561.4686054445625,381
XB.CM06,XB.CM24,568.993110068362,380
QZ.USHN,X7.MC06,999.8438632940272,380
MP.ANB2,KO.ELL,1034.5854631791915,380
Z8.310,Z8.320,153.61312518931817,380
QZ.ZSN,X7.MC14,592.0774202638722,380
S1.AUDCS,YW.MSWL3,216.7776935054431,379
1G.NOP01,YP.NE81,669.219920836824,378
Z6.01,JP.CBIJ,685.7704839231143,378
YS.PL61,YS.PL70,795.0070136344441,377
X9.BB240,PB.B934,555.6843038539998,376
XR.FA23,XR.FA24,145.96515586736356,376
XA.AX08,YL.WKZ15,861.7712686827812,376
NJ.TORO,GH.KLEF,1028.5393039292787,375
BL.CDCB,BL.AGVB,578.9091888904852,375
XS.I12D,GT.DBIC,1065.003015828274,374
JP.CBIJ,Z6.08L,921.5969450906982,373
X9.BB420,X9.BB240,151.02844772912266,373
XS.I12D,XS.I14D,319.21492641346214,372
XS.S15D,XS.I14D,159.30553698836863,371
XS.I04D,XS.L16D,979.551393128148,370
YS.PL03,YS.PL08,250.17141709470064,370
XS.L18D,XS.I04D,813.1153619677495,369
ZU.NZ04,NZ.URZ,1069.8297417277697,369
YL.F01,Z1.LBSA,857.040296615003,369
1D.ROTH,YT.MECK,874.2559131305824,369
YS.PL14,YS.PL03,320.55746963750255,369
XT.CMPC,XT.MHTO,748.4904807026859,368
7B.NN01,7B.MM04,268.5178850423032,368
ZU.NZ01,ZU.NZ04,280.7976817799804,368
XF.B18,XF.B01,303.439115453763,368
IU.LSZ,ZP.ISOK,745.6947449580408,367
YB.AT44,YB.AT49,219.11855697391314,367
1K.GIAN,CA.CFAR,890.1665862848059,367
IC.HIA,XG.SQUAN,996.1301780242653,367
Z6.01,Z6.13,625.9915694229467,367
ZU.NZ22,NZ.URZ,740.8389005947004,367
ZP.KISH,IU.LSZ,393.3861849366448,367
ZV.GUNA,X4.D08,577.3761358580188,367
1E.WHI,DK.KULLO,1003.9606088070155,367
XT.B151,XT.CMPC,711.1758824453032,366
XS.S15D,XS.S24D,685.6383247209684,366
7B.SS03,7B.SS01,257.2581330874297,366
ZM.P124,ZM.N140,491.7467293229516,366
7B.NN04,7B.NM04,174.43624275364382,366
XE.ROSL,XE.SALI,371.671942671252,365
YS.PL14,YS.PL27,202.2302328218504,365
YS.PL14,YS.PL19,240.03599298566058,365
XE.ES11,XE.ES19,192.76515096954554,365
Z6.01,Z6.16,591.7585991550176,365
YS.PL27,YS.PL21,141.74435165492994,365
IM.I51H3,YO.D03,935.7933413613629,364
AI.BELA,1D.BREN,973.0406043425891,364
XT.PNCH,XT.MHTO,300.2731172869794,364
ZU.NZ24,ZU.NZ22,192.69597599961048,364
XV.VINA,XV.ZOBE,211.80604597731192,363
ZU.NZ12,ZU.NZ01,404.92666927007764,363
XS.S32D,XS.I14D,856.984145533783,363
X4.GS01,XO.JSO2,1033.094128484826,363
YO.X01,N4.V51A,879.7770166026378,362
ZU.NZ24,ZU.NZ26,202.91871218299067,362
XM.ANB19,XM.ASB19,967.6837921529078,362
ZU.NZ29,ZU.NZ22,160.64280057335822,362
YT.ST01,YT.CLRK,999.9057293872395,361
X5.PNGN,X5.KIMN,416.77712744817904,361
XP.N16,CI.CIA,1086.639916111064,361
XB.FREI,XB.LOWI,200.54530453699178,361
YO.X06,N4.257A,844.806551350305,361
X4.GS09,X4.GS18,156.34400893261954,361
ZU.NZ05,ZU.NZ04,209.40755529850492,361
IU.TRQA,YC.HEDI,1067.2770727641598,361
IC.HIA,1A.NE48,525.5916962523195,361
XT.B151,XT.SOMB,296.3984289956555,360
XE.ES18,IC.LSA,678.3711476188947,360
1G.NOP01,1G.WOP11,694.063352347126,360
YS.PL59,YS.PL57,294.6494934689154,360
IM.I51H3,YO.X03,836.6351278852786,360
IM.I51H3,YO.X09,905.7303050118745,359
XB.CM31,XB.CM17,622.9829787534387,359
BL.TRIB,BL.PPDB,151.25300021004693,358
YO.X10,N4.V51A,819.5303891702151,358
YL.ILAM,IC.LSA,441.4166320568673,358
XR.FA27,XR.FA24,634.0465133820481,358
XA.SA04,XA.SA20,757.6408302590272,357
II.UOSS,XW.SAWQ,754.6570875023382,357
XE.EE04,XE.EE02,251.00374364741154,357
A0.LUS3,AB.HASN,384.86645706689524,357
XD.SING,XD.RUNG,288.5323227309372,357
ZU.NZ12,ZU.NZ18,225.014486067331,356
Z1.LBSA,Z1.VAVP,750.0992643852752,356
YP.NE32,1G.WOP01,995.7793918396642,356
NR.NE80,ZL.N06,386.84994938608145,356
NR.NE81,ZL.S05,638.2315912588429,356
XI.SODA,XI.HALM,545.0875864149825,356
XS.L37D,XS.I14D,809.0559823377424,355
NR.NE81,ZL.I02,362.51073612679266,355
ZM.N156,ZM.N190,330.83570225122185,355
II.UOSS,XW.SUYR,617.9470077481044,355
XB.CM11,XB.CM17,199.35862752984906,355
YT.HOWD,1D.WELC,1015.0333057689901,354
A7.LUBAN,AF.WIN,934.4580986901412,354
ZU.NZ21,ZU.NZ04,469.72908905114105,354
XB.CM11,XB.CM01,412.2495905615778,354
G.CCD,ZM.GM03,1025.8558037455275,354
XB.CM31,XB.CM16,746.414475551278,353
GT.DBIC,XS.L39D,896.646530627595,353
II.EFI,XB.HAMB,893.1265847130257,353
XO.GUA3,XO.SARI,399.19584692244104,352
X8.COSY,PE.PSSK,923.4397740996166,351
AK.SPIA,XO.EP23,799.4872293753753,351
XE.ES11,XE.SP18,270.81809790033867,351
GE.DAG,YV.HJO,771.6810292847249,351
XA.SA38,XA.SA29,232.32426613727765,350
GT.CPUP,XM.ANB09,898.7638784964681,349
YQ.MATA,YQ.VWZM,250.16441204803863,349
BL.PP1A,GT.CPUP,1003.0502764045766,349
X4.GS09,X4.GS12,230.08264609868348,346
ZD.Q10,ZD.D03,200.587412043235,346
YA.MC14,IC.LSA,863.1736354730932,345
VE.IMOV,VE.RIOV,1102.709877138106,345
YA.MC05,IC.LSA,877.3478867871597,345
1U.RUC,NZ.URZ,362.95280308783214,345
G.SSB,MN.MEB,1009.600170281592,345
2A.30,2A.32,155.73267952061175,345
2A.34,2A.30,317.11415920405,345
Z1.LBSA,Z1.MOAL,235.56344540355033,345
YA.MC08,XE.ES11,777.3689603537097,344
7B.MM04,7B.MM12,318.86326330229605,342
ZV.GUNA,X4.H05,242.46480193174125,342
YY.SN32,GE.HLG,614.6926617402155,342
1P.MAMA,1P.EIDA,296.7813654864682,341
2A.44,2A.30,206.03193373158396,340
XA.SA38,XA.SA60,231.78900543177178,340
X4.H05,X4.H01,192.0739662994263,340
MP.DHK1,XA.EP15,576.6434700089037,338
BL.PDCB,BL.TRMB,877.3129026166839,338
IC.HIA,1A.NE26,785.8304657833337,336
XN.B11,XN.A06,395.6579479048696,335
XA.SA80,XA.SA76,170.91955772622097,335
MN.VSL,MN.GFA,574.1836412377671,333
XT.NAU,XT.KOS,781.1166744404263,332
XW.BCHU,II.AAK,478.0901178089594,331
G.SSB,XM.A106,758.2272044190499,330
VU.RTV,G.SANVU,291.3122483269136,330
X2.281,IU.ULN,950.5758328292542,329
XE.SNP22,XK.UT65,633.8204410044864,328
G.TAOE,XE.EE04,980.5751026037191,328
XA.SA80,XA.SA73,236.74576658568174,328
ZT.WEST,US.ECSD,891.3568902931775,327
YS.PL71,YS.PL45,988.6841479828709,327
BL.SLMB,BL.PAZB,168.76001101178534,327
SR.MAIO,AS.KAAO,886.6499923823566,327
Z1.LBSA,YL.A14W,531.2622548713566,326
YL.B14W,YL.F01,468.37984586395226,326
XT.CMPC,XT.ABPC,217.4025613721769,326
7D.G26B,PB.B934,262.89830961728103,325
XF.H1210,IC.LSA,590.3486351313622,325
XA.SA26,XA.SA20,164.18599319990443,324
YT.WNDY,YT.ST02,158.2220924876313,323
XR.ST40,IC.LSA,529.197895946432,322
XT.TAUF,XT.LIAH,856.878277004954,322
YH.LOBS4,NZ.URZ,188.4663798158696,320
XE.EC01,XE.CC07,235.03585366259483,320
YH.MOHO,YH.WALE,229.95654936827611,319
XR.BA07,XR.MS05,352.47564373903884,318
YS.SAVU,YS.BULE,306.9411312205285,318
Z1.LBSA,YL.N01W,617.2431565758545,318
YP.NE61,YP.NEP7,404.84149136949503,317
YP.NEA9,YP.NE44,804.2324306343947,317
XG.MJPU,ZX.230,254.57862738013546,317
XE.ES19,YA.MC10,812.436873881254,316
MP.SLY1,MP.DHK1,265.75152823127934,316
XD.SING,XD.KOMO,237.6101834354468,316
YQ.MATA,YQ.MFRI,152.18611402687895,316
XH.SAR,GE.MLR,838.0657505773629,315
XA.SA38,XA.SA64,348.42356212511214,315
YP.NEP5,YP.NE83,299.8561619685913,314
IU.BILL,XJ.TKI,847.3413084948343,314
XI.HALM,XI.AFIF,177.66385520495322,314
Z4.CP02,GT.PLCA,724.7382708626302,314
ZM.GM07,ZM.P124,873.0816289023284,313
XS.S38D,XS.L37D,248.74517637360702,313
IU.HNR,ZN.KAW2,1064.5152153581676,313
X4.C13,IC.LSA,479.08732845907593,310
ZP.MPIK,ZP.ISOK,225.0655380871394,310
XP.PLTP,TO.PE03,753.9417004927284,309
X1.NKF01,US.HAWA,691.3451150330775,309
XE.ES11,YA.MC17,953.8739781959397,309
YI.QCB01,AK.S31K,204.25964771930654,308
GE.APE,YD.MMNN,887.1728834009155,308
XI.HALM,XI.RANI,233.03391275705798,307
AT.MID,XJ.SNOW,865.5893065041049,307
XE.ES11,YA.MC16,1057.6643553237495,307
YF.MARJ,MN.WDD,690.7149573756012,306
X4.LR13,TD.TD009,764.3482021689523,306
ZN.SA2G,GE.SUMG,865.3735001405526,306
XE.CRUZ,XE.SALI,167.84811557684762,306
XG.MJPU,XG.XZHOU,339.22586229343244,305
Z1.LBSA,Z1.VABL,201.4404263351262,305
XR.ST40,XR.W1,191.51141083539443,303
XI.RIYD,XI.HALM,315.49013111888934,302
IC.SSE,YY.004,613.8510374060969,301
YA.MC02,YA.MC10,161.94858695180955,300
BC.SPX,NN.RUB,986.9384029314168,300
XJ.TKI,XJ.APA,999.2816753367792,300
BL.FURB,BL.PPDB,542.7710606993022,298
DK.ANGG,Z7.FAG,1009.1024300243015,297
II.FFC,XS.N08,1034.3726196634036,297
ZV.GUNA,8B.402,948.1111303574037,295
1D.KIBB,YT.THRO,990.3358451196317,294
M8.AY41,S1.AUKAL,341.0147976128751,294
XS.N020,MN.WDD,821.229913413963,293
GE.SNAA,YT.THRO,1075.9227882896082,291
ZP.GEIT,ZP.BKBA,174.58260025754757,290
ZV.GUNA,X4.H19,849.0351748395565,290
2A.44,2A.48,378.5174886576544,290
GB.LRW,ZR.N1312,956.3186070333306,289
X5.PNGN,X5.JENN,238.6745716722058,288
AF.PWET,YA.KV01,695.5616686547693,288
ZV.GUNA,X4.H22,813.5644417400049,287
Z1.Z16N,Z1.Z34S,484.62383060014906,286
3E.MEL15,C1.CO05,467.6350805437783,286
7D.G13B,US.HAWA,932.7523324694994,286
XA.SA38,XA.SA71,594.98867109037,286
7D.J53C,US.HAWA,644.2751484856093,285
IU.MSKU,AF.YNDE,659.4780631834262,285
7D.J36C,PB.B934,707.3204779123525,285
7D.J48C,PB.B934,984.7103842240887,285
X4.H22,X4.H13,477.0143956975225,283
IU.MA2,XJ.APA,836.5520299682765,283
XJ.ZUP,XJ.APA,228.3655513572327,282
M8.AU52,M8.MUKOZ,966.29911687046,282
MY.KOM,ZB.Y30S,697.6077638610645,282
7D.J31C,PB.B934,800.5367830364927,282
X4.D08,ZV.MAQU,673.8504578145772,282
ZV.LORI,X4.D08,757.9990588440886,281
XE.ES11,XE.ES28,476.4471972058479,280
7D.FN16A,US.HAWA,459.29174314946613,279
IU.BILL,XJ.PAN,1046.437086429218,279
NR.NE215,8A.GAMM,486.20136513962706,278
TO.EGIP,IU.TEIG,509.98014591364904,277
XD.SING,XD.HALE,436.6603457013021,277
TX.435B,7P.PC53,586.2896613557518,276
II.NIL,XF.H1630,1012.4877477629938,276
ZB.LUNG,MY.KOM,543.206344626187,276
YH.IFAK,AF.KTWE,1062.0931119739857,275
Z8.341,Z8.320,284.5861827148363,275
XD.SING,XD.KIBA,217.26786105693657,274
ZW.AZCF,US.AMTX,433.50841585873235,274
G.SSB,YR.ED15,783.8865127103368,274
YL.S02W,Z1.LBSA,707.9122453325278,274
XD.RUNG,XD.URAM,259.7344128957627,274
CD.KMI,XC.MAQI,1067.4847447418729,273
CM.MAP,CM.RUS,967.1945993072724,272
X2.281,X2.260,205.51587181617907,272
XP.MINN,XP.E006,178.97063695642836,269
XC.AMDO,XC.MAQI,832.5477128065228,269
YD.GROM,GE.APE,1006.7050182639086,268
XB.CM11,XB.CM03,211.14315933740156,268
XV.HNJO,XV.SKOT,319.8394020744854,267
II.NNA,YS.PARW,1066.673590716766,266
TX.435B,4O.GV01,421.115775287806,265
1A.NE00,JP.JNU,962.1914487699423,264
XA.SA35,XA.SA20,360.9310404468177,263
YH.MTWA,YH.WALE,255.1542936653387,263
XJ.BNG,XJ.APA,629.7061921327592,263
YM.39,YM.37,193.30798522193095,262
NU.SIUN,6Q.FEC2,668.6733923640181,261
IU.RCBR,NB.SBBR,546.7524656314794,261
XI.UQSK,XI.SODA,833.6201015435558,261
XA.SA03,XA.SA04,183.20194109704863,261
XA.SA10,XA.SA20,308.70639399024856,260
C8.PCAQ,PO.NANL,761.363075808058,259
3U.AR2,MX.MOIG,411.0039201129869,259
ZP.KASM,IU.LSZ,647.3406534884185,258
TF.KHO,II.AAK,624.3382349827716,258
XG.MSDY,XG.DGSU,448.2086137425649,258
N4.060A,JM.NMIA0,1096.1806498122946,255
M8.AI45,M8.AY52,849.9414587014418,254
M8.AU52,M8.AU41,608.871806834283,252
XF.H0650,IC.LSA,569.50430985604,252
KN.ULHL,CK.MNAS,308.7942222526465,252
XE.WW01,XE.WC02,174.67918109037802,251
MY.KOM,ZB.LAIS,625.0358437495067,251
YS.PL03,YS.MRKH,165.2934601976917,251
NB.OCBR,NB.SBBR,238.40247276849308,250
ZN.KAW2,ZN.PMNI,164.8339543537784,250
YY.SW05,YG.CBP4F,1029.5867686847016,249
XB.CM11,XB.CM02,142.99228896979702,249
YA.MC08,YA.MC12,163.1510002422055,248
2A.46,2A.44,358.2345642735809,248
YY.SN32,YY.SN34,163.03397254541224,248
NU.CSGN,GI.AVPA,350.5427873913442,245
ZG.CP19,ZG.CB34,342.67574466003515,244
7D.G13B,7D.J20B,415.2029263183482,243
IU.LSZ,6H.FUNH,1085.1881471763734,242
XJ.TIG,XJ.APA,546.3478803712201,241
XT.PNCH,XT.MIPC,243.12134613232587,240
YB.SM05,AB.HASN,1038.9073083210917,240
7K.AN4,PE.PSSK,777.7692031850053,239
NL.HGN,YF.PB49,840.7085975915751,239
XE.ROSL,XE.UYUN,289.36985981860045,238
XJ.ZUP,XJ.ESS,221.65896974645565,238
MY.KOM,ZB.TIKU,497.6124086878397,237
3H.G56,8W.CBHM,360.6804721757995,237
XJ.ZUP,XJ.KGB,297.46655422094665,236
1G.NOP01,1G.WOP23,1030.894125300129,235
XV.BANJ,XV.MAHA,1062.6063860621505,234
XP.E006,XP.N100,895.9166283333226,230
BL.COR2,BL.CANB,607.0374794054177,229
XE.ES11,XE.ES03,176.57153541568172,228
XP.N076,XP.N100,236.2848351792401,227
NB.SBBR,NB.PFBR,352.1197151269028,226
XE.ES11,YA.MC21,892.99740329638,224
BL.PTMB,XE.ROSL,732.1471064536063,223
G.PPTF,MH.P0012,645.6435705999163,223
ID.RAR,XB.NIUE,1083.5886940223409,222
AF.HARE,IU.LSZ,403.99517945646585,222
XD.DCD,IC.LSA,984.6024242825885,221
YH.L01,US.DGMT,826.1299178281857,220
MY.KOM,ZB.N60B,440.8869327357359,219
ZL.CHUM,XH.ESP03,239.7391137867192,217
XA.CHUK,IC.LSA,329.69769904343633,215
US.AMTX,ZL.N07A,894.8437074293456,214
XW.ADEN,XW.DAMT,149.39661136338674,214
G.TAOE,MH.P0016,192.97947453061738,214
XW.ADEN,XW.SIMA,949.4554939633018,213
IC.HIA,XI.DHAA,924.1758742987073,212
XP.N044,XP.E006,349.4470914016536,212
XW.ADEN,XW.TAMU,731.0383476104615,212
NZ.URZ,6K.BRIO,1021.3527529596469,211
2P.RD10,NZ.URZ,154.29703870661368,210
XW.MAWI,XW.DAMT,197.6876502382574,210
XW.ADEN,XW.MUKA,477.7413304304131,209
GS.OK006,US.MVCO,1021.8556791766271,205
TC.TRT1,GI.PETF,967.8281757480007,205
XW.ADEN,XW.MOKA,196.31355141667143,203
ZM.GM07,ZM.GM06,248.02952170586784,203
6E.SB04,N4.X48A,462.6515662160105,201
9R.OBS16,CW.CHIV,593.6811267928276,201
PO.NWRL,C8.PCAQ,463.9458199997192,201
IP.MTOR,XB.PM04,886.4441009547716,200
YY.MGNA,YY.CHGE,203.3104296029639,198
MY.KOM,ZB.PPNG,632.2646331296369,198
XI.HOSA,XI.CHEF,160.76354487746107,198
XV.MMBE,6H.MASS,1079.89866823826,197
US.AMTX,EP.CHC4,804.2366384316033,197
GE.TIRR,HT.LKD,907.899004241357,195
XD.INZA,XD.SING,482.94250695530405,193
GE.GHAR,MN.WDD,433.75582464674164,192
2A.39,2A.32,160.41562380720663,190
IU.KIEV,YF.PB60,608.4339508496595,189
XW.ADEN,XW.SAUM,596.1697832908939,189
ZU.NZ24,Y3.CROE,509.36487105344196,188
MN.KEG,GE.SKD,957.9713700507784,188
XP.DIHI,XP.N028,237.22958727723312,187
1U.PAE,NZ.URZ,170.73677923228348,187
IU.TRQA,XY.U54B,880.1863798237903,185
NB.OCBR,NB.AGBR,506.6561265839836,183
XI.KR42,XI.HOSA,869.5621858908065,182
CU.BBGH,YI.D35,882.1516491846852,180
XJ.TKI,XJ.SBL,914.1615238089447,180
XI.KITU,XI.HOSA,993.878243372096,180
XE.LAJO,XE.ROSL,395.92525291601703,180
CW.GNEO,YU.GJ03,980.9416193816037,179
YB.AT39,HL.ARG,816.3615762103781,179
G.PPTF,MH.P0024,856.179499446323,178
BL.TRIB,BL.IBIB,287.902272633206,177
XJ.PZT,XJ.APA,163.68694585835658,177
XV.VATO,XV.ANLA,187.59577057526792,176
GE.HLG,YF.N6017,1074.2802932687373,175
GE.PMG,XD.EBM,405.60276272852576,174
M8.AI45,M8.AQ41,414.2118041209071,173
BL.NUPA,BL.ITPB,996.4396715367342,173
TO.SAFR,IM.TX02,1012.7262666225432,173
S1.AUPHS,Y2.KKVN5,543.5248193720081,172
CM.FLO2,CM.TUM,342.7117100122428,170
YH.LOBS4,6K.AVIO,947.1748181884041,170
XP.TWRS,UO.RSBO,598.986376690902,169
YF.N6029,GE.RGN,946.3305079030775,168
ZP.KAMZ,ZP.ISOK,994.2729713461209,167
XT.RPPC2,XT.CMPC,297.4416236328934,167
8G.EC17,CM.TUM,240.5653407729085,166
G.TAOE,MH.P0017,574.9649731904373,166
YC.HEDI,YC.HUER,369.34144381044587,163
II.NIL,XF.H1415,1031.7668285485333,159
XK.W10LW,XK.Q05MJ,229.19695400453628,158
X4.D11,IC.LSA,750.420074701301,158
ZD.G01,ZD.D03,201.3592600446465,158
Z9.W14,ZL.N06M,664.1826807908877,157
XR.FA14,XR.FA24,785.8114418878951,157
YY.NEKE,YY.DAQU,475.23485360586926,154
XB.CM27,XB.CM01,635.5042744308901,154
1G.WA05,IC.XAN,613.0702634926561,154
XF.NG010,IC.LSA,713.4266039199143,153
BL.PTMB,BL.NAVB,340.6515962955327,153
GT.PLCA,XY.U72B,759.226047558957,152
IC.XAN,1G.WA08,698.9502882720656,151
YY.SW05,YY.SW03,146.99822586425682,151
YF.N6002,GE.HLG,1041.4787109228375,150
ZB.B01,MG.JRQG,1107.5009867904107,150
GE.RIOB,II.NNA,1013.2536935115089,148
IU.TRQA,XY.U06B,1022.3864255893003,148
8S.FL01,II.CMLA,300.22716310789406,148
X4.A01,X4.F06,370.95735017048173,147
NL.HGN,ZU.PA69,989.3934616155385,147
XV.NW300,QZ.BRZS,260.46469986743676,147
IU.LSZ,ZP.MWEN,583.0702411787033,146
XV.SW060,QZ.BRZS,415.3602810491664,145
US.GLMI,ZN.DC34,915.1989385950768,145
IC.HIA,1G.EA29,1022.7210227963378,143
7B.SA04,7B.SA03,389.68486759148277,143
Z1.Z21G,Z1.Z09L,315.0153666031289,143
7B.SA04,7B.SA05,423.29519206492233,142
XF.NG010,XF.NP100,156.5547705899713,141
CA.CARA,1L.ST30,838.9146596697441,140
IC.XAN,1G.WA17,751.4267151802318,140
1G.WA20,IC.XAN,820.3073908823931,140
MH.P0023,MH.P0022,456.30066042656495,140
IU.BILL,XJ.OSO,992.5933089238697,140
G.ROCAM,MR.MRIV,616.4983619495368,139
7B.SA04,7B.SA07,754.3407820779239,139
XE.PACH,XE.SALI,179.13272852410026,138
7B.SA03,7B.SA08,1031.5473056772457,138
IC.XAN,XD.ZHY,935.497206748936,138
G.TAOE,MH.P0018,948.5360167507689,136
7B.SC08,7B.SC06,485.1705287028855,135
IU.TRQA,C.COCH,981.7496858387079,135
7B.SD03,7B.SD08,651.9688159412278,134
K5.MONG,MM.MDY,768.4912992284821,133
XL.HMP,IU.INCN,326.3076779844557,133
XB.PAPL,XB.CHAZ,401.8020828148004,133
XB.POP2,XB.CHAZ,138.35552469304088,132
XW.ADEN,2H.BTIE,567.4660383999669,131
XD.JYG,XD.ZHY,211.57328851057417,131
NY.WGLY,ZQ.ETIP,778.4825113211083,130
N4.R32B,XR.FG01,199.2436320117162,130
XW.GHDI,XW.DAMT,822.0745867097176,129
GS.KS24,TX.DKNS,722.1223677502161,129
OZ.GRASY,M8.RUGBY,771.2057356425199,128
M8.TEFOZ,S1.AUKAL,890.4197952902932,128
M8.AM37,S1.AUBUS,867.2223062243553,128
YJ.VMG01,GT.PLCA,510.68022326588095,128
MN.VSL,YD.OBS14,439.33998135832024,128
3A.L107,XY.U54B,422.8174228887118,128
YQ.N002,YQ.N009,160.8110437869966,127
XW.PDG,XW.ATUS,487.9007781854627,123
PO.ACTO,ZS.W05,820.4287345272713,123
ZP.MKUS,ZP.ISOK,521.5245811252439,122
XP.N100,XP.N060,396.28671323074366,122
XB.ALIE5,XH.S22,347.0679403763881,121
XP.N116,XP.N100,163.28224030359425,121
YS.OLC5,TO.PE03,559.5597089449731,119
AK.PPLA,ZE.HOLG,363.92136193830663,117
7B.SB06,7B.SB09,691.9690294900462,116
PO.MATQ,PO.KJKQ,613.6176829473799,115
GT.PLCA,3A.L201,332.5164817966514,113
XV.SOLA,XV.LAHA,187.97210160673185,112
II.FFC,XK.5190,869.4475683615494,112
7B.SA06,7B.SA08,408.2006024934314,111
X4.C13,Y2.NOCO,1030.7928811271693,111
N4.060A,NM.EUAL,993.8321110737601,110
YA.KV01,1C.NASO,858.8642747344702,110
BL.STMB,BL.CRJB,654.1253056683889,109
QZ.CHM,XV.NW140,1107.3481140730119,108
XD.MISC,XD.EBM,232.9679659535848,108
CU.GRTK,ZU.GGIL,243.68962138798264,108
C1.VA04,2V.PO20,1051.070000628683,105
7B.SA01,7B.SA03,711.4403963334403,103
MH.P0022,MH.P0021,339.1846981984125,102
MY.KOM,ZB.L10S,354.88996121865193,102
XD.EBM,XD.KUL2,281.83631157014054,100
IU.LSZ,6H.INCA,743.2185904413947,99
XB.KAPU,XB.CHAZ,294.58239588819384,99
XN.B07,XN.A06,219.97820604075213,98
GS.SJPH,CU.GRTK,417.8314705791736,98
7B.SD05,7B.SD03,852.2479509295498,98
ZB.PUTR,MY.KUM,592.5821998062661,97
MN.VSL,YD.OBS10,721.9840566492312,97
G.PPTF,MH.P0013,903.6512679716396,94
XP.E026,XP.DIHI,395.4551577412597,93
XG.HUB03,KN.ULHL,671.3892543940154,93
KN.ULHL,XG.SAB01,901.7395330980228,91
6H.CHID,AF.HVD,1062.537230989924,90
XV.HRAU,XV.HNJO,194.55479160768172,90
