network,station,year_start,year_end,lat,lon,category,channels_found,note
12,OBS21,2021,2024,9.82879,-104.29892,missed_other_seismometer_band,"EL1,EL2,ELZ",
17,S20,2022,2024,49.160267,-66.391147,no_seismometer_on_station,"DP1,DP2,DPZ",
1D,FOWL,2015,2019,-76.892838,-79.301125,has_BH_LH_should_have_worked,"LHE,LHN,LHZ",
1E,CNF,2009,2013,79.65667,-80.778328,has_BH_LH_should_have_worked,"BHE,BHN,BHZ",
1F,ANIM,2018,2024,31.26756,34.99689,missed_other_seismometer_band,"CH1,CH2,CHE,CHN,CHZ,HHE,HHN,HHZ",
1K,GIAN,2019,2022,42.25078,11.10161,missed_other_seismometer_band,"HHE,HHN,HHZ",
1L,ST30,2021,2024,37.734164,-6.621247,missed_other_seismometer_band,"EHE,EHN,EHZ",
1L,TIS1,2018,2021,75.0483,105.5827,no_seismometer_on_station,"FN1,FN2,FNZ,LOG",
1R,BHP8,2017,2020,28.572783,-80.572114,missed_other_seismometer_band,"EH1,EH2,EHZ",
1U,PAE,2023,2026,-37.246692,175.650908,has_BH_LH_should_have_worked,"BHE,BHN,BHZ",
1U,RUC,2023,2026,-36.124113,174.011005,has_BH_LH_should_have_worked,"BHE,BHN,BHZ",
2A,REF03,2016,2019,-68.686546,78.499031,missed_other_seismometer_band,"ELE,ELN,ELZ,GLE,GLN,GLZ",
2C,GS18,2010,2012,-83.767303,-160.796906,missed_other_seismometer_band,"CHE,CHN,CHZ",
2D,OBS06,2009,2012,32.777,-119.857803,has_BH_LH_should_have_worked,"BH1,BH2,BHZ",
2D,OBS08,2009,2012,32.654499,-121.342499,has_BH_LH_should_have_worked,"BH1,BH2,BHZ",
2D,OBS13,2009,2012,32.654999,-123.828598,has_BH_LH_should_have_worked,"BH1,BH2,BHZ",
2D,OBS16,2009,2012,34.011398,-124.638397,has_BH_LH_should_have_worked,"BH1,BH2,BHZ",
2F,S04,2008,2010,23.52549,120.185242,missed_other_seismometer_band,"EHE,EHN,EHZ",
2O,BTL07,2020,2023,-17.60978,133.9562,has_BH_LH_should_have_worked,"BHE,BHN,BHZ",
2P,OBS01,2023,2026,-1.3847,-14.3458,missed_other_seismometer_band,"EL1,EL2,ELZ",
2P,RD10,2016,2019,-39.646616,177.076505,missed_other_seismometer_band,"HHE,HHN,HHZ",
2V,PO20,2018,2021,-27.73141,-70.24283,missed_other_seismometer_band,"HHE,HHN,HHZ",
3A,L107,2009,2011,-39.333099,-71.788849,missed_other_seismometer_band,"HHE,HHN,HHZ",
3A,L201,2009,2011,-38.507801,-73.145233,missed_other_seismometer_band,"HHE,HHN,HHZ",
3A,OBS2,2022,2024,38.64385,-62.89055,missed_other_seismometer_band,"EL1,EL2,ELZ,LL1,LL2,LLZ",
3B,EOC03,2020,2022,34.914823,-95.331186,no_seismometer_on_station,BDF,
3C,GS02,2021,2026,4.619993,-75.925355,missed_other_seismometer_band,"HHE,HHN,HHZ",
3C,NW09,2021,2024,6.289741,-74.985709,missed_other_seismometer_band,"HHE,HHN,HHZ",
3C,SL09,2022,2026,4.380633,-74.023873,missed_other_seismometer_band,"HHE,HHN,HHZ",
3D,MM05,2009,2014,30.680401,-6.3895,missed_other_seismometer_band,"HHE,HHN,HHZ",
3D,MM15,2009,2014,31.1991,-8.8973,missed_other_seismometer_band,"HHE,HHN,HHZ",
3E,MEL15,2024,2027,-34.017221,-70.126983,no_seismometer_on_station,"EPE,EPN,EPZ",
3H,G15,2022,2025,2.5843,-92.2501,has_BH_LH_should_have_worked,"LH1,LH2,LHZ",
3H,G27,2022,2025,-0.183,-93.4209,has_BH_LH_should_have_worked,"LH1,LH2,LHZ",
3H,G44,2022,2025,-1.8313,-93.8518,has_BH_LH_should_have_worked,"LH1,LH2,LHZ",
3H,G52,2022,2025,-2.3945,-91.89,has_BH_LH_should_have_worked,"LH1,LH2,LHZ",
3H,G56,2022,2025,-2.4299,-89.0249,has_BH_LH_should_have_worked,"LH1,LH2,LHZ",
3J,OBS01,2022,2026,-13.155,-171.40391,has_BH_LH_should_have_worked,"BH1,BH2,BHZ",
3J,OBS04,2022,2026,-12.90699,-174.27149,has_BH_LH_should_have_worked,"BH1,BH2,BHZ",
3J,OBS10,2022,2026,-16.02551,-176.12563,has_BH_LH_should_have_worked,"BH1,BH2,BHZ",
3J,OBS11,2022,2026,-14.79489,-175.24356,has_BH_LH_should_have_worked,"BH1,BH2,BHZ",
3J,OBS13,2022,2026,-16.1503,-174.71751,has_BH_LH_should_have_worked,"BH1,BH2,BHZ",
3J,OBS17,2022,2026,-14.43021,-173.2349,has_BH_LH_should_have_worked,"BH1,BH2,BHZ",
3J,OBS19,2022,2026,-16.28387,-173.17295,has_BH_LH_should_have_worked,"BH1,BH2,BHZ",
3J,OBS23,2022,2026,-15.39963,-171.86155,has_BH_LH_should_have_worked,"BH1,BH2,BHZ",
3J,OBS26,2022,2026,-15.36052,-169.11661,has_BH_LH_should_have_worked,"BH1,BH2,BHZ",
3J,OBS28,2022,2026,-13.46713,-168.51582,has_BH_LH_should_have_worked,"BH1,BH2,BHZ",
3J,OBS30,2022,2026,-14.95702,-167.2441,has_BH_LH_should_have_worked,"BH1,BH2,BHZ",
3K,NIKI,2016,2020,35.06884,32.992168,has_BH_LH_should_have_worked,"LHE,LHN,LHZ",
3R,A06,2021,2023,16.596106,-94.705902,no_seismometer_on_station,"GNS,GST,LCE,LEH,LFE,LFN,LFZ,LKF,LKH,LQE",
3R,E05,2021,2023,16.130194,-92.996735,no_seismometer_on_station,"GNS,GST,LCE,LEH,LFE,LFN,LFZ,LKF,LKH,LQE",
3U,AR2,2020,2022,21.195819,-104.808545,missed_other_seismometer_band,"HHE,HHN,HHZ",
3Y,SC02,2019,2023,-29.066857,-70.132088,missed_other_seismometer_band,"HHE,HHN,HHZ",
4A,MN50,2021,2025,47.99548,-90.242653,missed_other_seismometer_band,"HH1,HH2,HHZ,VLA,VLO",
4O,GV01,2025,2027,32.4065,-101.6023,missed_other_seismometer_band,"HHE,HHN,HHZ",
4P,ALY50,2014,2016,33.397383,-85.88498,no_seismometer_on_station,"LFE,LFN,LFZ,LQE,LQN",
4P,COO21,2010,2012,40.255679,-107.442303,no_seismometer_on_station,"LFE,LFN,LFZ,LQE,LQN",
4P,COP26,2017,2019,39.709203,-103.653028,no_seismometer_on_station,"LFE,LFN,LFZ,LQE,LQN",
4P,GAW50,2014,2016,34.688985,-85.374215,no_seismometer_on_station,"LFE,LFN,LFZ,LQE,LQN",
4P,IAJ36,2011,2013,43.310219,-94.425679,no_seismometer_on_station,"LFE,LFN,LFZ,LQE,LQN",
4P,IAL39,2011,2013,42.093177,-92.115706,no_seismometer_on_station,"LFE,LFN,LFZ,LQE,LQN",
4P,IAL41,2011,2013,41.951988,-90.398566,no_seismometer_on_station,"LFE,LFN,LFZ,LQE,LQN",
4P,IDC11,2007,2009,47.839025,-116.273,no_seismometer_on_station,"LFE,LFN,LFZ,LQE,LQN",
4P,IDI11,2006,2008,43.917462,-115.962003,no_seismometer_on_station,"LFE,LFN,LFZ,LQE,LQN",
4P,ILM43,2011,2013,41.206753,-88.744317,no_seismometer_on_station,"LFE,LFN,LFZ,LQE,LQN",
4P,KSQ35,2012,2014,39.102871,-96.591728,no_seismometer_on_station,"LFE,LFN,LFZ,LQE,LQN",
4P,KSR37,2012,2014,38.24314,-94.845077,no_seismometer_on_station,"LFE,LFN,LFZ,LQE,LQN",
4P,KYS51,2014,2016,37.003046,-83.670698,no_seismometer_on_station,"LFE,LFN,LFZ,LQE,LQN",
4P,MAH64,2016,2018,41.746854,-70.019214,no_seismometer_on_station,"LFE,LFN,LFZ,LQE,LQN",
4P,MBB03,2007,2013,37.028999,-93.024002,no_seismometer_on_station,"LFE,LFN,LFZ,LQE,LQN",
4P,MED63,2016,2018,44.041383,-69.098008,no_seismometer_on_station,"LFE,LFN,LFZ,LQE,LQN",
4P,MIC41,2011,2013,47.432262,-87.76179,no_seismometer_on_station,"LFE,LFN,LFZ,LQE,LQN",
4P,MIE41,2011,2013,46.278794,-88.577997,no_seismometer_on_station,"LFE,LFN,LFZ,LQE,LQN",
4P,MIE44,2011,2013,46.163002,-85.837399,no_seismometer_on_station,"LFE,LFN,LFZ,LQE,LQN",
4P,MII47,2012,2014,43.453601,-84.18429,no_seismometer_on_station,"LFE,LFN,LFZ,LQE,LQN",
4P,MIJ45,2012,2014,43.140395,-86.281774,no_seismometer_on_station,"LFE,LFN,LFZ,LQE,LQN",
4P,MIK47,2012,2014,42.168608,-84.79754,no_seismometer_on_station,"LFE,LFN,LFZ,LQE,LQN",
4P,MNB33,2011,2013,48.381253,-95.504593,no_seismometer_on_station,"LFE,LFN,LFZ,LQE,LQN",
4P,MNB36,2011,2013,48.27194,-92.709114,no_seismometer_on_station,"LFE,LFN,LFZ,LQE,LQN",
4P,MNF34,2011,2013,45.984562,-95.175876,no_seismometer_on_station,"LFE,LFN,LFZ,LQE,LQN",
4P,MOO36,2012,2014,40.244931,-95.232452,no_seismometer_on_station,"LFE,LFN,LFZ,LQE,LQN",
4P,MTB13,2007,2009,48.3728,-114.454,no_seismometer_on_station,"LFE,LFN,LFZ,LQE,LQN",
4P,MTB15,2007,2009,48.3131,-112.447,no_seismometer_on_station,"LFE,LFN,LFZ,LQE,LQN",
4P,MTB18,2008,2010,48.4444,-109.796,no_seismometer_on_station,"LFE,LFN,LFZ,LQE,LQN",
4P,MTB21,2008,2010,48.3517,-107.056,no_seismometer_on_station,"LFE,LFN,LFZ,LQE,LQN",
4P,MTE22,2017,2019,46.618758,-106.077252,no_seismometer_on_station,"LFE,LFN,LFZ,LQE,LQN",
4P,MTG16,2007,2009,45.24855,-111.615,no_seismometer_on_station,"LFE,LFN,LFZ,LQE,LQN",
4P,MTG18,2008,2010,45.3061,-109.518,no_seismometer_on_station,"LFE,LFN,LFZ,LQE,LQN",
4P,NCT60,2015,2017,35.472862,-76.910764,no_seismometer_on_station,"LFE,LFN,LFZ,LQE,LQN",
4P,NDB29,2016,2018,48.587595,-99.198715,no_seismometer_on_station,"LFE,LFN,LFZ,LQE,LQN",
4P,NDC26,2017,2019,47.845129,-102.105529,no_seismometer_on_station,"LFE,LFN,LFZ,LQE,LQN",
4P,NDD30,2016,2018,47.258204,-98.844029,no_seismometer_on_station,"LFE,LFN,LFZ,LQE,LQN",
4P,NDE32,2016,2018,46.516699,-97.103976,no_seismometer_on_station,"LFE,LFN,LFZ,LQE,LQN",
4P,NEK29,2017,2019,42.886919,-100.444528,no_seismometer_on_station,"LFE,LFN,LFZ,LQE,LQN",
4P,NEL26,2017,2019,42.209447,-103.106243,no_seismometer_on_station,"LFE,LFN,LFZ,LQE,LQN",
4P,NEL31,2017,2019,42.189154,-98.878054,no_seismometer_on_station,"LFE,LFN,LFZ,LQE,LQN",
4P,NEN28,2017,2019,41.055641,-101.616032,no_seismometer_on_station,"LFE,LFN,LFZ,LQE,LQN",
4P,NEN31,2017,2019,40.92382,-99.273701,no_seismometer_on_station,"LFE,LFN,LFZ,LQE,LQN",
4P,NHC60,2016,2018,45.156504,-71.184871,no_seismometer_on_station,"LFE,LFN,LFZ,LQE,LQN",
4P,NJL60,2015,2017,40.068568,-74.426009,no_seismometer_on_station,"LFE,LFN,LFZ,LQE,LQN",
4P,NVM07,2009,2012,41.388492,-119.171245,no_seismometer_on_station,"LFE,LFN,LFZ,LQE,LQN",
4P,NVM10,2009,2011,41.4667,-116.592,no_seismometer_on_station,"LFE,LFN,LFZ,LQE,LQN",
4P,NYG58,2015,2017,43.271217,-74.22728,no_seismometer_on_station,"LFE,LFN,LFZ,LQE,LQN",
4P,NYJ61,2015,2017,40.918588,-72.869379,no_seismometer_on_station,"LFE,LFN,LFZ,LQE,LQN",
4P,OHM48,2012,2014,40.798366,-84.460195,no_seismometer_on_station,"LFE,LFN,LFZ,LQE,LQN",
4P,OHN52,2013,2015,39.887555,-81.399164,no_seismometer_on_station,"LFE,LFN,LFZ,LQE,LQN",
4P,RET57,2015,2017,35.807823,-79.336545,no_seismometer_on_station,"LFE,LFN,LFZ,LQE,LQN",
4P,SCX58,2014,2016,33.276455,-79.613258,no_seismometer_on_station,"LFE,LFN,LFZ,LQE,LQN",
4P,SDG32,2016,2018,45.250353,-97.284757,no_seismometer_on_station,"LFE,LFN,LFZ,LQE,LQN",
4P,SDH25,2016,2018,44.873759,-103.702928,no_seismometer_on_station,"LFE,LFN,LFZ,LQE,LQN",
4P,SDI28,2016,2018,44.125693,-101.231956,no_seismometer_on_station,"LFE,LFN,LFZ,LQE,LQN",
4P,SDJ26,2017,2019,43.564262,-103.105346,no_seismometer_on_station,"LFE,LFN,LFZ,LQE,LQN",
4P,SDJ31,2017,2019,43.472086,-98.696039,no_seismometer_on_station,"LFE,LFN,LFZ,LQE,LQN",
4P,TNT53,2014,2016,36.174247,-82.298692,no_seismometer_on_station,"LFE,LFN,LFZ,LQE,LQN",
4P,TNU48,2014,2016,36.020782,-86.443872,no_seismometer_on_station,"LFE,LFN,LFZ,LQE,LQN",
4P,TTL24,2017,2019,42.327362,-104.79123,no_seismometer_on_station,"LFE,LFN,LFZ,LQE,LQN",
4P,UTN19,2010,2012,40.900575,-109.103315,no_seismometer_on_station,"LFE,LFN,LFZ,LQE,LQN",
4P,UTO15,2010,2012,40.125864,-112.533033,no_seismometer_on_station,"LFE,LFN,LFZ,LQE,LQN",
4P,UTO17,2010,2012,40.361792,-110.802649,no_seismometer_on_station,"LFE,LFN,LFZ,LQE,LQN",
4P,UTQ13,2010,2012,38.853336,-114.035881,no_seismometer_on_station,"LFE,LFN,LFZ,LQE,LQN",
4P,UTQ17,2010,2012,39.008854,-110.896235,no_seismometer_on_station,"LFE,LFN,LFZ,LQE,LQN",
4P,VAQ55,2015,2017,37.882941,-79.808136,no_seismometer_on_station,"LFE,LFN,LFZ,LQE,LQN",
4P,WAC06,2006,2008,47.88108,-120.666119,no_seismometer_on_station,"LFE,LFN,LFZ,LQE,LQN",
4P,WAC09,2006,2008,47.8214,-118.2,no_seismometer_on_station,"LFE,LFN,LFZ,LQE,LQN",
4P,WIF39,2010,2012,45.842041,-90.735261,no_seismometer_on_station,"LFE,LFN,LFZ,LQE,LQN",
4P,WIG42,2011,2013,45.046331,-88.246908,no_seismometer_on_station,"LFE,LFN,LFZ,LQE,LQN",
4P,WII40,2010,2012,43.855541,-90.613957,no_seismometer_on_station,"LFE,LFN,LFZ,LQE,LQN",
4P,WVO55,2015,2017,39.129289,-79.346076,no_seismometer_on_station,"LFE,LFN,LFZ,LQE,LQN",
4P,WYJ23,2017,2019,43.415405,-105.625944,no_seismometer_on_station,"LFE,LFN,LFZ,LQE,LQN",
4P,WYK20,2008,2010,42.6972,-108.034,no_seismometer_on_station,"LFE,LFN,LFZ,LQE,LQN",
4P,WYM22,2017,2019,41.451249,-106.557096,no_seismometer_on_station,"LFE,LFN,LFZ,LQE,LQN",
4Q,UT19,2022,2026,-22.621085,-68.369201,missed_other_seismometer_band,"HHE,HHN,HHZ",
5A,ARAWA,2013,2017,-6.22292,155.563797,has_BH_LH_should_have_worked,"BHE,BHN,BHZ,LHE,LHN,LHZ",
5A,KAVI,2013,2017,-2.56941,150.804428,has_BH_LH_should_have_worked,"BHE,BHN,BHZ,LHE,LHN,LHZ",
5A,KIMBE,2013,2017,-5.53671,150.126236,has_BH_LH_should_have_worked,"BHE,BHN,BHZ,LHE,LHN,LHZ",
5C,IL17,2014,2017,-32.128165,-71.50888,missed_other_seismometer_band,"HHE,HHN,HHZ",
5G,D10,2003,2011,42.9305,130.3004,missed_other_seismometer_band,"HHE,HHN,HHZ",
5H,EITE,2010,2013,15.2359,38.777901,has_BH_LH_should_have_worked,"BHE,BHN,BHZ",
5H,TIOE,2010,2013,14.6651,40.8666,has_BH_LH_should_have_worked,"BHE,BHN,BHZ",
6H,CHID,2010,2013,-24.9242,34.188702,has_BH_LH_should_have_worked,"BHE,BHN,BHZ",
6H,MASS,2010,2013,-21.588499,32.921299,missed_other_seismometer_band,"HHE,HHN,HHZ",
6K,AVIO,2013,2016,-44.62935,170.24124,missed_other_seismometer_band,"HHE,HHN,HHZ",
6K,BRIO,2013,2015,-45.9395,170.30144,missed_other_seismometer_band,"HHE,HHN,HHZ",
6Q,FEC2,2021,2025,14.41163,-90.93146,missed_other_seismometer_band,"HH1,HH2,HHZ",
6R,MAGE,2018,2022,5.670603,36.418926,has_BH_LH_should_have_worked,"LHE,LHN,LHZ",
7C,MM17,2015,2019,62.0789,-131.9483,has_BH_LH_should_have_worked,"BH1,BH2,BHZ,LH1,LH2,LHZ",
7C,MM30,2015,2019,64.2803,-128.8747,has_BH_LH_should_have_worked,"BH1,BH2,BHZ,LH1,LH2,LHZ",
7D,FN16A,2010,2013,46.799599,-125.516098,missed_other_seismometer_band,"HH1,HH2,HHZ",
7D,G26B,2011,2014,41.9249,-125.177498,missed_other_seismometer_band,"HH1,HH2,HHZ",
7D,G36D,2013,2016,42.4618,-126.8965,has_BH_LH_should_have_worked,"BH1,BH2,BHZ,LH1,LH2,LHZ",
7D,RIMM,2021,2025,-45.937489,166.583193,has_BH_LH_should_have_worked,"LH1,LH2,LHZ",
7F,A15,2019,2021,22.881012,58.700784,missed_other_seismometer_band,"GH1,GH2,GHZ",
7O,ABNH,2017,2023,43.4819,-71.2471,has_BH_LH_should_have_worked,"LHE,LHN,LHZ",
7P,PC53,2018,2021,31.4616,-103.6937,no_seismometer_on_station,"GPE,GPN,GPZ",
7S,GORG,2018,2021,-44.174,168.374533,missed_other_seismometer_band,"HH1,HH2,HHZ",
7S,RR06,2023,2026,40.37447,-125.21833,no_seismometer_on_station,"GDH,GN1,GN2,GNZ",
7U,TJTJ,2018,2022,-77.29887,-100.476063,has_BH_LH_should_have_worked,"LH1,LH2,LHZ",
8A,BAHE,2014,2019,-21.3521,15.4405,has_BH_LH_should_have_worked,"BHE,BHN,BHZ,LHE,LHN,LHZ",
8A,KANO,2014,2019,-19.194901,19.4398,has_BH_LH_should_have_worked,"BHE,BHN,BHZ,LHE,LHN,LHZ",
8A,KONI,2007,2010,-67.962303,-62.674702,has_BH_LH_should_have_worked,"LHE,LHN,LHZ",
8A,OTJO,2014,2019,-20.018,15.9799,has_BH_LH_should_have_worked,"BHE,BHN,BHZ,LHE,LHN,LHZ",
8B,402,2007,2010,37.397598,111.457901,has_BH_LH_should_have_worked,"BHE,BHN,BHZ",
8B,416,2007,2010,34.9002,111.4011,has_BH_LH_should_have_worked,"BHE,BHN,BHZ",
8B,430,2007,2010,32.674801,110.334099,has_BH_LH_should_have_worked,"BHE,BHN,BHZ",
8E,03023,2020,2022,66.464441,19.065859,missed_other_seismometer_band,"HHE,HHN,HHZ",
8F,VIGR,2019,2022,63.89593,-22.12951,has_BH_LH_should_have_worked,"BHE,BHN,BHZ",
8L,MG58,2018,2020,50.64865,-123.03358,no_seismometer_on_station,"DP1,DP2,DPZ",
8P,AZV14,2020,2022,35.488803,-113.39142,no_seismometer_on_station,"LFE,LFN,LFZ,LQE,LQN",
8P,CAS04,2019,2021,37.633351,-121.468382,no_seismometer_on_station,"LFE,LFN,LFZ,LQE,LQN",
8P,CAU10,2018,2020,36.299895,-116.449604,no_seismometer_on_station,"LFE,LFN,LFZ,LQE,LQN",
8P,CAV08,2019,2021,35.695485,-118.154066,no_seismometer_on_station,"LFE,LFN,LFZ,LQE,LQN",
8P,CAW11,2018,2020,35.088283,-115.571401,no_seismometer_on_station,"LFE,LFN,LFZ,LQE,LQN",
8P,CAX09,2018,2020,34.385515,-117.15355,no_seismometer_on_station,"LFE,LFN,LFZ,LQE,LQN",
8Q,P03,2020,2024,27.897,-141.755108,has_BH_LH_should_have_worked,"BH1,BH2,BHZ",
8Q,P09,2020,2024,26.612795,-142.356315,has_BH_LH_should_have_worked,"BH1,BH2,BHZ",
8Q,P11,2020,2024,28.19732,-143.482162,has_BH_LH_should_have_worked,"BH1,BH2,BHZ",
8Q,P12,2020,2024,29.909498,-142.683938,has_BH_LH_should_have_worked,"BH1,BH2,BHZ",
8Q,P13,2020,2024,29.966537,-141.146892,has_BH_LH_should_have_worked,"BH1,BH2,BHZ",
8Q,P15,2020,2024,27.844793,-139.753242,has_BH_LH_should_have_worked,"BH1,BH2,BHZ",
8Q,P17,2020,2024,25.826362,-141.048872,has_BH_LH_should_have_worked,"BH1,BH2,BHZ",
8Q,P18,2020,2024,25.762145,-143.392715,has_BH_LH_should_have_worked,"BH1,BH2,BHZ",
8Q,P22,2020,2024,26.902167,-138.673857,has_BH_LH_should_have_worked,"BH1,BH2,BHZ",
8S,FL01,2021,2023,38.584427,-28.796553,missed_other_seismometer_band,"HHE,HHN,HHZ",
8W,CBHM,2021,2024,-0.46906,-91.60975,missed_other_seismometer_band,"HHE,HHN,HHZ",
9G,AB317,2007,2009,50.155998,-110.862,no_seismometer_on_station,"LFE,LFN,LFZ,LQE,LQN",
9G,AB717,2009,2011,52.945999,-111.913002,no_seismometer_on_station,"LFE,LFN,LFZ,LQE,LQN",
9G,BC009,2008,2010,49.287998,-117.674004,no_seismometer_on_station,"LFE,LFN,LFZ,LQE,LQN",
9G,BC410,2008,2010,50.82,-117.184998,no_seismometer_on_station,"LFE,LFN,LFZ,LQE,LQN",
9G,RC030,2007,2009,53.723,-113.553001,no_seismometer_on_station,"LFE,LFN,LFZ,LQE,LQN",
9G,SA015,2008,2010,50.222,-114.181999,no_seismometer_on_station,"LFE,LFN,LFZ,LQE,LQN",
9G,SA155,2008,2010,51.318001,-112.188004,no_seismometer_on_station,"LFE,LFN,LFZ,LQE,LQN",
9G,SA235,2009,2011,52.112999,-110.266998,no_seismometer_on_station,"LFE,LFN,LFZ,LQE,LQN",
9R,OBS16,2021,2024,18.39057,-81.81344,missed_other_seismometer_band,"EL1,EL2,ELZ",
A0,LUS3,2024,2027,40.916392,45.189975,missed_other_seismometer_band,"HHE,HHN,HHZ",
A7,CAXIT,2022,2024,-8.553669,13.66417,missed_other_seismometer_band,"HHE,HHN,HHZ",
A7,LUENA,2022,2024,-12.370829,19.91033,missed_other_seismometer_band,"HHE,HHN,HHZ",
AF,BLWY,2006,2021,-20.143,28.611,has_BH_LH_should_have_worked,"BHE,BHN,BHZ",
AF,CVNA,2005,2027,-31.482,19.762,has_BH_LH_should_have_worked,"BHE,BHN,BHZ,LHE,LHN,LHZ",
AF,HARE,2007,2009,-17.704,31.009001,has_BH_LH_should_have_worked,"BHE,BHN,BHZ",
AF,HVD,2005,2027,-30.605,25.497,has_BH_LH_should_have_worked,"BHE,BHN,BHZ,LHE,LHN,LHZ",
AF,KTWE,2005,2016,-12.814,28.209,has_BH_LH_should_have_worked,"BHE,BHN,BHZ,LHE,LHN,LHZ",
AF,MONG,2009,2016,-15.15,23.09,has_BH_LH_should_have_worked,"BHE,BHN,BHZ",
AF,MOPA,2005,2027,-23.517,31.398,has_BH_LH_should_have_worked,"BHE,BHN,BHZ,LHE,LHN,LHZ",
AF,NSU,2008,2012,6.86685,7.41742,has_BH_LH_should_have_worked,"BHE,BHN,BHZ",
AF,PKA,2005,2017,-29.67,22.757,has_BH_LH_should_have_worked,"BHE,BHN,BHZ,LHE,LHN,LHZ",
AF,PWET,2009,2015,-8.28,28.530001,has_BH_LH_should_have_worked,"BHE,BHN,BHZ",
AF,RUDU,2014,2027,-17.909599,19.764799,has_BH_LH_should_have_worked,"BHE,BHN,BHZ",
AF,SNKL,2014,2027,-28.27528,27.7714,has_BH_LH_should_have_worked,"BHE,BHN,BHZ",
AF,UPI,2005,2027,-28.362,21.253,has_BH_LH_should_have_worked,"BHE,BHN,BHZ,LHE,LHN,LHZ",
AK,A19K,2019,2027,70.2043,-161.0713,has_BH_LH_should_have_worked,"BHE,BHN,BHZ,LHE,LHN,LHZ",
AK,A22K,2019,2027,71.0033,-154.9742,has_BH_LH_should_have_worked,"BHE,BHN,BHZ,LHE,LHN,LHZ",
AK,DCPH,2002,2027,59.0905,-138.2139,has_BH_LH_should_have_worked,"BHE,BHN,BHZ,LHE,LHN,LHZ",
AK,E18K,2019,2027,67.4213,-160.6027,has_BH_LH_should_have_worked,"BHE,BHN,BHZ,LHE,LHN,LHZ",
AK,GLB,2012,2027,61.4417,-143.8123,has_BH_LH_should_have_worked,"BHE,BHN,BHZ,LHE,LHN,LHZ",
AK,J17K,2018,2027,63.3965,-159.0777,has_BH_LH_should_have_worked,"BHE,BHN,BHZ,LHE,LHN,LHZ",
AK,S31K,2018,2027,57.9616,-136.232,has_BH_LH_should_have_worked,"BHE,BHN,BHZ,LHE,LHN,LHZ",
AK,V35K,2018,2027,55.3279,-131.615,has_BH_LH_should_have_worked,"BHE,BHN,BHZ,LHE,LHN,LHZ",
AL,A032,1969,1971,65.148064,-146.879166,missed_other_seismometer_band,"LLA,LLB,LLC",
AP,PVFF,2016,2026,33.39,-112.86,no_seismometer_on_station,"CNE,CNN,CNZ",
AT,SVW2,2007,2019,61.1082,-155.621704,has_BH_LH_should_have_worked,"BHE,BHN,BHZ",
BC,PIX,2013,2024,31.5629,-113.4599,missed_other_seismometer_band,"HHE,HHN,HHZ",
BC,SPX,2013,2016,31.0451,-115.466,missed_other_seismometer_band,"HHE,HHN,HHZ",
BC,TJX,2013,2024,32.51017,-117.0543,missed_other_seismometer_band,"HHE,HHN,HHZ",
BL,CMPA,2003,2007,-19.57917,-54.168831,has_BH_LH_should_have_worked,"BHE,BHN,BHZ",
BL,COR2,1998,2001,-17.743299,-48.689201,missed_other_seismometer_band,"SHE,SHN,SHZ",
BL,GNSA,2000,2002,-15.2644,-49.085499,missed_other_seismometer_band,"SHE,SHN,SHZ",
BL,IGCB,2002,2005,-1.1272,-47.608501,has_BH_LH_should_have_worked,"BHE,BHN,BHZ",
BL,NUPA,2001,2004,-20.662781,-47.68594,has_BH_LH_should_have_worked,BHZ,
BL,PDCB,2001,2005,-12.5306,-39.123798,has_BH_LH_should_have_worked,"BHE,BHN,BHZ",
BL,PMNB,2009,2027,-18.540001,-46.439999,missed_other_seismometer_band,"HHE,HHN,HHZ",
BL,RCLB,2006,2027,-22.4191,-47.530998,missed_other_seismometer_band,"HHE,HHN,HHZ",
BL,SNVB,2001,2005,0.9051,-51.877102,has_BH_LH_should_have_worked,"BHE,BHN,BHZ",
BL,UNIA,2003,2005,-16.23217,-46.791672,missed_other_seismometer_band,"SHE,SHN,SHZ,SLE,SLN,SLZ",
BX,KGCAE,2017,2027,-22.853821,22.206787,has_BH_LH_should_have_worked,"BHE,BHN,BHZ,LHE,LHN,LHZ",
C1,AF02,2024,2027,-25.418768,-70.45536,has_BH_LH_should_have_worked,"BHE,BHN,BHZ,LHE,LHN,LHZ",
C1,CO05,2015,2027,-29.91864,-71.23841,has_BH_LH_should_have_worked,"BHE,BHN,BHZ,LHE,LHN,LHZ",
C8,BNKB,2014,2019,53.3318,-129.9017,missed_other_seismometer_band,"HHE,HHN,HHZ",
C8,FORQ,2014,2020,48.7542,-69.1135,missed_other_seismometer_band,"HHE,HHN,HHZ",
C8,LR4Q,2017,2019,51.3445,-63.4948,missed_other_seismometer_band,"EHE,EHN,EHZ",
C8,MWAB,2014,2017,49.7411,-125.3032,missed_other_seismometer_band,"HHE,HHN,HHZ",
C8,PCAQ,2014,2025,49.7311,-62.9416,missed_other_seismometer_band,"HHE,HHN,HHZ",
CA,CARA,2016,2027,42.707643,0.818132,missed_other_seismometer_band,"HH1,HH2,HHE,HHN,HHZ",
CA,CFAR,2016,2027,40.5604,0.6614,missed_other_seismometer_band,"HHE,HHN,HHZ",
CA,CPAL,2016,2027,42.310533,3.16244,missed_other_seismometer_band,"HHE,HHN,HHZ",
CB,SNY,2008,2026,41.827801,123.578003,has_BH_LH_should_have_worked,"BHE,BHN,BHZ",
CD,KMI,1985,1997,25.123301,102.739998,has_BH_LH_should_have_worked,"BHE,BHN,BHZ,LHE,LHN,LHZ",
CD,WMQ,1985,1996,43.821098,87.695,has_BH_LH_should_have_worked,"BHE,BHN,BHZ,LHE,LHN,LHZ",
CK,MNAS,2011,2013,42.49321,72.49757,missed_other_seismometer_band,"HHE,HHN,HHZ",
CM,TUM,2011,2027,1.823667,-78.726667,has_BH_LH_should_have_worked,"BHE,BHN,BHZ",
CS,GUM,1991,1995,43.775501,42.228001,missed_other_seismometer_band,"SHE,SHN,SHZ",
CW,CAIB,2017,2027,22.497055,-79.47097,missed_other_seismometer_band,"EHE,EHN,EHZ,HHE,HHN,HHZ",
CW,CAMR,2016,2027,23.061737,-81.370857,missed_other_seismometer_band,"HHE,HHN,HHZ",
CW,CCCC,2014,2027,21.193399,-77.417297,missed_other_seismometer_band,"HHE,HHN,HHZ",
CW,CHIV,2016,2027,19.97648,-76.415131,missed_other_seismometer_band,"HHE,HHN,HHZ",
CW,GNEO,2016,2019,20.3274,-74.592934,missed_other_seismometer_band,"HHE,HHN,HHZ",
CW,SOR,2014,2027,22.7932,-83.008598,missed_other_seismometer_band,"HHE,HHN,HHZ",
CY,CBCY,2010,2027,19.73797,-79.758278,missed_other_seismometer_band,"HHE,HHN,HHZ",
CZ,BEDC,2022,2027,50.78933,15.16976,has_BH_LH_should_have_worked,"BHE,BHN,BHZ",
CZ,PRIC,2022,2027,49.6693,12.6782,has_BH_LH_should_have_worked,"BHE,BHN,BHZ,LHE,LHN,LHZ",
DA,URKR,2016,2018,42.1649,47.631,missed_other_seismometer_band,"SHE,SHN,SHZ",
DK,ANGG,2009,2027,65.616388,-37.63704,has_BH_LH_should_have_worked,"BHE,BHN,BHZ,LHE,LHN,LHZ",
DK,SCO,2008,2027,70.485536,-21.949715,has_BH_LH_should_have_worked,"BHE,BHN,BHZ,LHE,LHN,LHZ",
DT,SWU,1983,1992,39.49,140.79,missed_other_seismometer_band,"EHE,EHN,EHZ,HHE,HHN,HHZ,HLE,HLN,HLZ",
EC,BOSC,2015,2019,-3.1512,-78.495102,missed_other_seismometer_band,"HHE,HHN,HHZ",
EC,MCRA,2015,2019,-4.3697,-79.954399,missed_other_seismometer_band,"HHE,HHN,HHZ",
EC,MILO,2021,2027,-2.1848,-79.5557,missed_other_seismometer_band,"HHE,HHN,HHZ",
EC,PUYO,2015,2027,-1.493,-78.024902,missed_other_seismometer_band,"HHE,HHN,HHZ",
EC,SALI,2012,2019,-2.1863,-80.991203,missed_other_seismometer_band,"HHE,HHN,HHZ",
EC,TULM,2012,2027,0.7161,-77.786903,missed_other_seismometer_band,"HHE,HHN,HHZ",
EM,GT003,1995,1997,39.9039,-115.874603,no_seismometer_on_station,"VFE,VFN,VFZ,VQE,VQN",
EM,PA765,2000,2002,-31.674999,-64.141998,no_seismometer_on_station,"MFE,MFN,MFZ,MQE,MQN",
EM,PA834,2002,2004,-31.716999,-61.580002,no_seismometer_on_station,"MFE,MFN,MFZ,MQE,MQN",
EM,PA878,2004,2006,-31.805,-58.958,no_seismometer_on_station,"MFE,MFN,MFZ,MQE,MQN",
EM,PA970,2003,2005,-34.130001,-65.107002,no_seismometer_on_station,"MFE,MFN,MFZ,MQE,MQN",
EM,TB750,2000,2002,28.705,92.186996,no_seismometer_on_station,"VFE,VFN,VFZ,VQE,VQN",
EM,TS414,1998,2000,43.696999,75.765999,no_seismometer_on_station,"VFE,VFN,VFZ,VQE,VQN",
EO,KLRS,2017,2027,61.03095,-138.40663,missed_other_seismometer_band,"HHE,HHN,HHZ",
EP,CHC4,2013,2015,28.667999,-106.035896,missed_other_seismometer_band,"HHE,HHN,HHZ",
G,NOC,1984,1988,-22.284,166.432,has_BH_LH_should_have_worked,"LHE,LHN,LHZ",
G,PCR,1981,1987,-21.20842,55.5721,missed_other_seismometer_band,"VH1,VH2,VH3,VHZ",
GB,CCA1,2010,2027,50.18667,-5.22767,has_BH_LH_should_have_worked,"BHE,BHN,BHZ",
GB,DRUM,2010,2027,56.91267,-2.4865,has_BH_LH_should_have_worked,"BHE,BHN,BHZ",
GB,GDLE,2017,2027,54.42183,-0.81567,has_BH_LH_should_have_worked,"BHE,BHN,BHZ",
GB,LAWE,2017,2027,56.26,-5.399,has_BH_LH_should_have_worked,"BHE,BHN,BHZ",
GB,LEWI,2017,2021,58.1445,-6.869,missed_other_seismometer_band,"HHE,HHN,HHZ",
GB,WACR,2014,2027,52.72433,0.62833,has_BH_LH_should_have_worked,"BHE,BHN,BHZ",
GE,MTE,1996,2007,40.3997,-7.5442,has_BH_LH_should_have_worked,"BHE,BHN,BHZ,LHE,LHN,LHZ",
GF,TEPE,2014,2027,41.056,28.5147,no_seismometer_on_station,"BS1,BS2,BS3,BS4,LS1,LS2,LS3,LS4,RCA,RCB",
GG,SE1,2015,2020,63.24852,-42.03487,has_BH_LH_should_have_worked,"BH1,BH2,BHZ,LH1,LH2,LHZ",
GH,KLEF,2011,2015,6.6142,0.4407,missed_other_seismometer_band,"HHE,HHN,HHZ",
GH,MRON,2011,2015,6.4647,-1.4371,missed_other_seismometer_band,"HHE,HHN,HHZ",
GH,WEIJ,2011,2015,5.5885,-0.3333,missed_other_seismometer_band,"HHE,HHN,HHZ",
GI,AVPA,2013,2022,15.3972,-89.6417,missed_other_seismometer_band,"HHE,HHN,HHZ",
GI,HUBA,2020,2025,15.816578,-91.294484,missed_other_seismometer_band,"HHE,HHN,HHZ",
GI,PETF,2012,2022,16.916298,-89.866737,missed_other_seismometer_band,"HHE,HHN,HHZ",
GS,DEC08,2012,2027,39.861045,-88.924888,missed_other_seismometer_band,"HHE,HHN,HHZ",
GS,KS24,2016,2018,39.78655,-98.20952,no_seismometer_on_station,"BC0,HN1,HN2,HNZ",
GS,OK006,2009,2012,35.477982,-97.278709,no_seismometer_on_station,"HNE,HNN,HNZ",
GS,SJPH,2009,2011,18.19029,-73.003403,missed_other_seismometer_band,"EHE,EHN,EHZ",
GS,WWHL,2007,2009,41.096401,-114.834534,missed_other_seismometer_band,"HLE,HLN,HLZ",
GY,A11,1992,1995,37.929298,58.112499,missed_other_seismometer_band,"EHE,EHN,EHZ,SHE,SHN,SHZ",
HL,RDO,2007,2027,41.145031,25.53553,has_BH_LH_should_have_worked,"BHE,BHN,BHZ",
HT,AGG,2007,2027,39.021099,22.336,has_BH_LH_should_have_worked,"BHE,BHN,BHZ",
HV,ANDI,2021,2027,-14.247084,-170.564072,missed_other_seismometer_band,"HHE,HHN,HHZ",
HV,HSSD,2010,2027,19.602683,-155.483002,missed_other_seismometer_band,"HHE,HHN,HHZ",
I0,RD179,2024,2027,52.227003,-114.108056,missed_other_seismometer_band,"HHE,HHN,HHZ",
ID,ALE,1981,1996,82.483597,-62.400002,no_seismometer_on_station,"LOG,UGZ,VGZ",
ID,ERM,1979,1995,42.0158,143.157196,no_seismometer_on_station,"LOG,UGZ,VGZ",
ID,RAR,1975,1995,-21.212999,-159.7733,no_seismometer_on_station,"LOG,UGZ,VGZ",
ID,RPN,1986,1991,-27.1273,-109.334396,no_seismometer_on_station,"LOG,UGZ,VGZ",
ID,SEY,1979,1984,-4.673032,55.461128,no_seismometer_on_station,"LOG,UGZ,VGZ",
IE,BCYI,2001,2027,44.310799,-113.405197,missed_other_seismometer_band,"EHZ,HHE,HHN,HHZ",
IE,IRCI,2001,2027,43.515301,-112.033302,missed_other_seismometer_band,"EHE,EHN,EHZ",
II,UOSS,2008,2027,24.9453,56.2042,has_BH_LH_should_have_worked,"BH1,BH2,BHZ,LH1,LH2,LHZ",
IL,IR3,1975,1980,35.476112,51.02375,missed_other_seismometer_band,"LLE,LLN,LLZ",
IM,CY101,1970,2026,34.20406,31.62915,missed_other_seismometer_band,"EH1,EH2,EHZ,HH1,HH2,HHZ",
IM,CY301,1970,2026,33.30031,33.05407,no_seismometer_on_station,EDH,
IM,CY602,1970,2026,34.34664,34.51679,missed_other_seismometer_band,"EH1,EH2,EHZ,HH1,HH2,HHZ",
IM,H01W2,2013,2018,-34.897079,114.134033,no_seismometer_on_station,EDH,
IM,H10S2,2013,2018,-8.9591,-14.64531,no_seismometer_on_station,EDH,
IM,I04H3,2013,2018,-34.607571,116.351547,no_seismometer_on_station,BDF,
IM,I07H8,2013,2018,-19.943291,134.322906,no_seismometer_on_station,BDF,
IM,I18H7,1970,2026,77.47177,-69.27995,no_seismometer_on_station,BDF,
IM,I51H3,2013,2018,32.34124,-64.70222,no_seismometer_on_station,"BDA,BDF",
IM,I52H2,2013,2018,-7.37058,72.482361,no_seismometer_on_station,BDF,
IM,TX02,1999,2018,29.329901,-103.657997,missed_other_seismometer_band,SHZ,
IM,WK30,1999,2001,19.4104,165.855698,no_seismometer_on_station,EDH,
IM,WK31,1999,2001,17.9275,167.499298,no_seismometer_on_station,EDH,
IN,MNC,2010,2027,8.281517,73.059799,missed_other_seismometer_band,"HHE,HHN,HHZ",
IN,PBA,2010,2027,11.655733,92.743919,missed_other_seismometer_band,"HHE,HHN,HHZ",
IN,SHL,2010,2027,25.566816,91.855949,missed_other_seismometer_band,"HHE,HHN,HHZ",
IU,SAML,2002,2014,-8.9489,-63.1831,has_BH_LH_should_have_worked,"BH1,BH2,BHZ,LH1,LH2,LHZ",
JM,CVJB,2017,2024,18.226,-77.535,missed_other_seismometer_band,"HHE,HHN,HHZ",
JM,NMIA0,2013,2017,18.025,-76.02654,no_seismometer_on_station,"HNE,HNN,HNZ",
JP,JMJ2,2012,2027,24.740801,125.327797,missed_other_seismometer_band,"SHE,SHN,SHZ",
JW,BRR,2023,2027,32.772406,-107.564169,missed_other_seismometer_band,"HHE,HHN,HHZ",
K5,MONG,2016,2019,27.260258,91.156708,missed_other_seismometer_band,"HHE,HHN,HHZ",
KO,DKL,2011,2027,39.0713,26.9053,has_BH_LH_should_have_worked,"BHE,BHN,BHZ",
KO,ELL,2011,2027,36.7483,29.9085,has_BH_LH_should_have_worked,"BHE,BHN,BHZ",
KW,MIB,2009,2013,29.8032,47.338799,has_BH_LH_should_have_worked,"BHE,BHN,BHZ,LHE,LHN,LHZ",
KY,LLKY,2004,2027,36.92159,-88.096558,missed_other_seismometer_band,"EHZ,HHE,HHN,HHZ,SHZ",
KZ,AB06,2002,2026,49.261101,59.969299,missed_other_seismometer_band,SHZ,
KZ,CHKZ6,1994,2009,53.697498,70.600197,missed_other_seismometer_band,"EHZ,SHZ",
KZ,OTUK,2009,2026,48.244301,72.337502,has_BH_LH_should_have_worked,"BHE,BHN,BHZ",
LO,LOBA2,2015,2020,18.0814,-71.0936,missed_other_seismometer_band,"EHE,EHN,EHZ",
M8,AY52,2024,2027,-33.46036,123.00861,has_BH_LH_should_have_worked,"LHE,LHN,LHZ",
M8,MOGAR,2023,2027,-36.6965,149.9761,has_BH_LH_should_have_worked,"LHE,LHN,LHZ",
M8,MUKOZ,2024,2027,-26.7575,114.6094,has_BH_LH_should_have_worked,"LHE,LHN,LHZ",
MB,HRY,2000,2027,46.711285,-111.831786,missed_other_seismometer_band,"EHZ,HHE,HHN,HHZ",
MH,P0006,2017,2026,-14.433683,-179.48985,no_seismometer_on_station,BDH,
MH,P0007,2017,2019,-13.51175,-176.492667,no_seismometer_on_station,BDH,
MH,P0008,2017,2023,-12.008233,-172.023102,no_seismometer_on_station,BDH,
MH,P0009,2017,2024,-12.099433,-168.399733,no_seismometer_on_station,BDH,
MH,P0010,2017,2025,-14.043483,-165.862533,no_seismometer_on_station,BDH,
MH,P0011,2017,2026,-14.000417,-159.5934,no_seismometer_on_station,BDH,
MH,P0012,2017,2025,-15.005483,-154.98335,no_seismometer_on_station,BDH,
MH,P0013,2017,2024,-11.499367,-144.00305,no_seismometer_on_station,BDH,
MH,P0016,2017,2025,-9.0,-138.39755,no_seismometer_on_station,BDH,
MH,P0017,2017,2026,-9.9899,-135.034383,no_seismometer_on_station,BDH,
MH,P0018,2017,2026,-12.273467,-132.196487,no_seismometer_on_station,BDH,
MH,P0019,2017,2025,-15.399867,-130.741183,no_seismometer_on_station,BDH,
MH,P0020,2017,2024,-20.2983,-130.667133,no_seismometer_on_station,BDH,
MH,P0021,2017,2026,-23.647167,-133.3218,no_seismometer_on_station,BDH,
MH,P0022,2017,2026,-24.142517,-136.613917,no_seismometer_on_station,BDH,
MH,P0023,2017,2026,-24.176133,-141.1115,no_seismometer_on_station,BDH,
MH,P0024,2017,2026,-24.272183,-145.46665,no_seismometer_on_station,BDH,
MH,P0025,2017,2026,-22.024383,-148.47345,no_seismometer_on_station,BDH,
MM,MDY,2015,2019,22.016199,96.112297,has_BH_LH_should_have_worked,"LHE,LHN,LHZ",
MM,NGU,2016,2027,21.205721,94.916618,missed_other_seismometer_band,"HHE,HHN,HHZ",
MM,TGI,2016,2027,20.768545,97.034073,missed_other_seismometer_band,"HHE,HHN,HHZ",
MP,AMR2,2016,2023,31.9899,47.1902,missed_other_seismometer_band,"HHE,HHN,HHZ",
MP,ANB2,2022,2025,33.0375,40.32,missed_other_seismometer_band,"HHE,HHN,HHZ",
MP,DHK1,2017,2026,36.8606,42.8665,missed_other_seismometer_band,"HHE,HHN,HHZ",
MP,KAR2,2016,2026,32.5398,44.0224,missed_other_seismometer_band,"HHE,HHN,HHZ",
MP,KUT1,2023,2027,32.5091,45.7974,missed_other_seismometer_band,"HHE,HHN,HHZ",
MP,SAM2,2023,2026,30.5295,44.5586,missed_other_seismometer_band,"HHE,HHN,HHZ",
MP,SLY1,2021,2024,35.5784,45.3667,missed_other_seismometer_band,"HHE,HHN,HHZ",
MR,MRIV,2007,2014,-20.298,57.497002,missed_other_seismometer_band,"HHE,HHN,HHZ",
N4,060A,2013,2018,27.0361,-80.3618,has_BH_LH_should_have_worked,"BHE,BHN,BHZ,LHE,LHN,LHZ",
N4,P48A,2013,2018,39.4605,-85.4258,has_BH_LH_should_have_worked,"BHE,BHN,BHZ,LHE,LHN,LHZ",
N4,P51A,2013,2018,39.4818,-83.060097,has_BH_LH_should_have_worked,"BHE,BHN,BHZ,LHE,LHN,LHZ",
N4,V51A,2013,2018,35.803299,-84.351097,has_BH_LH_should_have_worked,"BHE,BHN,BHZ,LHE,LHN,LHZ",
NB,AGBR,2006,2009,-8.42954,-35.936161,has_BH_LH_should_have_worked,"BHE,BHN,BHZ",
NB,OCBR,2006,2009,-4.58127,-38.392159,has_BH_LH_should_have_worked,"BHE,BHN,BHZ",
NB,PFBR,2006,2009,-6.12163,-38.270802,has_BH_LH_should_have_worked,"BHE,BHN,BHZ",
NB,SBBR,2006,2009,-3.74516,-40.371651,has_BH_LH_should_have_worked,"BHE,BHN,BHZ",
NC,G005,2012,2027,38.592064,-123.319794,no_seismometer_on_station,"HNE,HNN,HNZ",
NI,ZOU2,2012,2016,46.558399,12.9729,missed_other_seismometer_band,"HHE,HHN,HHZ",
NJ,TORO,2011,2020,10.055,9.12,has_BH_LH_should_have_worked,"BHE,BHN,BHZ",
NM,EUAL,2014,2016,32.97143,-88.08669,missed_other_seismometer_band,"HHE,HHN,HHZ",
NM,SCMO,2010,2018,38.761799,-90.641296,no_seismometer_on_station,"BNE,BNN,BNZ,ENE,ENN,ENZ,HNE,HNN,HNZ",
NM,WADM,2012,2025,36.366,-89.796,missed_other_seismometer_band,"EHE,EHG,EHN,EHZ",
NN,DIX,2020,2027,39.8021,-118.083,missed_other_seismometer_band,"HHE,HHN,HHZ",
NN,RUB,2010,2027,39.051701,-120.1549,missed_other_seismometer_band,"EHE,EHN,EHZ,HHE,HHN,HHZ",
NN,SLVR,2023,2027,37.7414,-117.6143,missed_other_seismometer_band,"HHE,HHN,HHZ",
NP,7210,2023,2025,46.84859,-114.04056,no_seismometer_on_station,"CPU,DEG,DSK,HNE,HNN,HNZ,HUM,LCE,LCQ,LNE",
NQ,SANFE,2018,2021,35.619492,-105.887451,no_seismometer_on_station,"HNE,HNN,HNZ",
NU,BILN,2018,2027,14.0488,-83.374641,missed_other_seismometer_band,"HHE,HHN,HHZ",
NU,SIUN,2018,2027,13.71616,-84.773499,missed_other_seismometer_band,"EHE,EHN,EHZ,HHE,HHN,HHZ",
NV,BACME,2017,2027,48.314654,-126.058199,no_seismometer_on_station,"HNE,HNN,HNZ,MNE,MNN,MNZ",
NY,MAYO,2013,2027,63.59581,-135.89209,missed_other_seismometer_band,"HHE,HHN,HHZ",
NY,TGTN,2013,2026,61.5267,-128.27268,missed_other_seismometer_band,"HHE,HHN,HHZ",
NY,WGLY,2013,2022,63.22815,-123.45841,missed_other_seismometer_band,"HHE,HHN,HHZ",
O2,SC12,2018,2027,34.921667,-99.3547,missed_other_seismometer_band,"HHE,HHN,HHZ",
OH,CROH,2022,2027,41.293858,-82.152496,missed_other_seismometer_band,"HHE,HHN,HHZ",
OK,HEWI,2024,2027,37.048825,-96.408082,missed_other_seismometer_band,"HHE,HHN,HHZ",
ON,ABR01,2018,2027,-17.964609,-38.695862,missed_other_seismometer_band,"HHE,HHN,HHZ",
ON,ALF01,2013,2027,-20.616865,-40.725212,has_BH_LH_should_have_worked,"BHE,BHN,BHZ,LHE,LHN,LHZ",
ON,ANA01,2018,2027,-14.531001,-40.74522,missed_other_seismometer_band,"HHE,HHN,HHZ",
ON,GDU01,2013,2027,-13.72,-39.575279,missed_other_seismometer_band,"HH1,HH2,HHE,HHN,HHZ",
ON,NAN01,2013,2019,-17.844168,-40.125668,missed_other_seismometer_band,"HH1,HH2,HHE,HHN,HHZ",
ON,PET01,2013,2027,-24.290108,-47.275345,has_BH_LH_should_have_worked,"BHE,BHN,BHZ,LHE,LHN,LHZ",
ON,RIB01,2013,2027,-19.314217,-40.394363,has_BH_LH_should_have_worked,"BHE,BHN,BHZ,LHE,LHN,LHZ",
ON,TER01,2018,2027,-28.531839,-49.12907,has_BH_LH_should_have_worked,"BHE,BHN,BHZ,LHE,LHN,LHZ",
ON,TIJ01,2013,2027,-25.908848,-49.024242,has_BH_LH_should_have_worked,"BHE,BHN,BHZ,LHE,LHN,LHZ",
ON,VAS01,2013,2027,-22.280081,-43.442623,has_BH_LH_should_have_worked,"BHE,BHN,BHZ,LHE,LHN,LHZ",
OV,CCOL,2013,2019,8.4075,-82.973396,has_BH_LH_should_have_worked,"BHE,BHN,BHZ,LHE,LHN,LHZ",
OW,PHRD,2018,2025,50.70615,-127.514717,no_seismometer_on_station,"HNE,HNN,HNZ",
OZ,AWOON,2024,2027,-24.07732,151.31468,missed_other_seismometer_band,"HHE,HHN,HHZ",
OZ,BOGA,2024,2027,-35.547,143.57532,missed_other_seismometer_band,"HHE,HHN,HHZ",
OZ,CURRY,2024,2027,-41.09589,146.95012,missed_other_seismometer_band,"HHE,HHN,HHZ",
OZ,DTMM,2024,2027,-36.52813,147.46539,missed_other_seismometer_band,"HHE,HHN,HHZ",
OZ,GRASY,2024,2027,-40.08652,144.01093,missed_other_seismometer_band,"HHE,HHN,HHZ",
OZ,HKER,2024,2027,-31.7642,138.55251,missed_other_seismometer_band,HHZ,
OZ,MARG,2024,2027,-41.99952,145.55162,missed_other_seismometer_band,"HHE,HHN,HHZ",
OZ,MILD,2024,2027,-34.25915,142.05571,missed_other_seismometer_band,HHZ,
OZ,MRAT,2024,2027,-34.62973,137.6256,missed_other_seismometer_band,"HHE,HHN,HHZ",
OZ,ROBE,2024,2027,-37.1472,139.87424,missed_other_seismometer_band,"HHE,HHN,HHZ",
OZ,ROWM,2024,2027,-37.80614,144.29176,missed_other_seismometer_band,"HHE,HHN,HHZ",
OZ,TOT,2024,2027,-37.82313,146.40738,missed_other_seismometer_band,"HHE,HHN,HHZ",
PB,GUAX,2015,2024,28.88406,-118.28968,no_seismometer_on_station,"HNE,HNN,HNZ",
PE,PAKC,2015,2027,41.37471,-77.932533,has_BH_LH_should_have_worked,"LHE,LHN,LHZ",
PE,PBL2,2016,2027,41.9981,-79.528809,missed_other_seismometer_band,"ELE,ELN,ELZ",
PE,PN1,2019,2027,40.52588,-79.716735,missed_other_seismometer_band,"ELE,ELN,ELZ",
PE,PSSK,2015,2027,40.642586,-76.164978,has_BH_LH_should_have_worked,"LHE,LHN,LHZ",
PL,BEL,2009,2027,51.837002,20.792,has_BH_LH_should_have_worked,"BHE,BHN,BHZ,LHE,LHN,LHZ",
PL,HSPB,2009,2027,77.001877,15.53318,missed_other_seismometer_band,"HHE,HHN,HHZ",
PL,NIE,2009,2027,49.4189,20.313101,has_BH_LH_should_have_worked,"BHE,BHN,BHZ,LHE,LHN,LHZ",
PM,PMOZ,2007,2027,32.823002,-17.19717,has_BH_LH_should_have_worked,"BHE,BHN,BHZ,LHE,LHN,LHZ",
PO,ACTO,2008,2014,43.6087,-80.062401,missed_other_seismometer_band,"HHE,HHN,HHZ",
PO,KJKQ,2018,2022,55.2769,-77.7455,missed_other_seismometer_band,"HHE,HHN,HHZ",
PO,LATQ,2011,2019,47.3835,-72.7819,missed_other_seismometer_band,"HHE,HHN,HHZ",
PO,MATQ,2011,2025,49.7589,-77.6376,missed_other_seismometer_band,"HHE,HHN,HHZ",
PO,MEDO,2008,2014,43.1646,-78.454597,missed_other_seismometer_band,"HHE,HHN,HHZ",
PO,NANL,2018,2020,56.5371,-61.6884,missed_other_seismometer_band,"HHE,HHN,HHZ",
PO,NWRL,2018,2020,53.5253,-60.1424,missed_other_seismometer_band,"HHE,HHN,HHZ",
PQ,KLONY,2020,2027,64.4525,-138.2164,missed_other_seismometer_band,"HHE,HHN,HHZ",
PQ,LHLYB,2023,2027,48.536332,-123.729633,missed_other_seismometer_band,"HHE,HHN,HHZ",
PQ,NAB2,2015,2026,58.59503,-119.16559,missed_other_seismometer_band,"HHE,HHN,HHZ",
PQ,NBC3,2013,2021,59.63716,-120.66875,missed_other_seismometer_band,"HHE,HHN,HHZ",
PQ,NBC8,2015,2027,56.57308,-122.40441,missed_other_seismometer_band,"HH1,HH2,HHZ",
PQ,RICHY,2020,2026,66.9808,-136.2216,missed_other_seismometer_band,"HHE,HHN,HHZ",
PQ,TUKN,2021,2027,69.4382,-132.9945,missed_other_seismometer_band,"HHE,HHN,HHZ",
PQ,ULUN,2021,2027,70.7363,-117.762,missed_other_seismometer_band,"HHE,HHN,HHZ",
PR,IMPR,2011,2024,18.076971,-67.931123,has_BH_LH_should_have_worked,"BHE,BHN,BHZ",
PR,SNC1,2019,2025,17.699398,-64.793793,no_seismometer_on_station,"DEG,HNE,HNN,HNZ,LCE,LCQ,VEC,VEP",
PS,GTC1,1970,2026,31.4007,140.917297,no_seismometer_on_station,"EGE,EGN,EGZ",
QC,00877,2012,2014,-43.489498,172.565002,no_seismometer_on_station,"BN1,BN2,BNZ",
QZ,CHM,2021,2027,42.348271,69.573528,missed_other_seismometer_band,"GLA,GLO",
QZ,SEM,2021,2027,50.403587,80.257129,missed_other_seismometer_band,"GLA,GLO",
QZ,TDK,2022,2027,45.002246,78.40445,missed_other_seismometer_band,"GLA,GLO",
QZ,ZHTS,2022,2027,40.764944,68.290297,missed_other_seismometer_band,"HHE,HHN,HHZ",
RE,BRBY3,2021,2027,34.582365,-119.980601,no_seismometer_on_station,"EN1,EN2,ENZ,HN1,HN2,HNZ,SOH",
RU,ANN,2016,2020,44.881,37.314,has_BH_LH_should_have_worked,"BHE,BHN,BHZ",
RU,ERBR,2016,2021,45.7146,40.4835,has_BH_LH_should_have_worked,"BHE,BHN,BHZ",
RU,VSLR,2016,2020,43.4612,40.0324,missed_other_seismometer_band,"EHE,EHN,EHZ,SHE,SHN,SHZ",
RV,ASHMA,2023,2027,54.208146,-111.571623,missed_other_seismometer_band,"HHE,HHN,HHZ",
RV,DEDWA,2015,2027,56.644562,-117.389069,missed_other_seismometer_band,"HHE,HHN,HHZ",
RV,KAKWA,2021,2027,54.421,-118.981742,missed_other_seismometer_band,"HHE,HHN,HHZ",
RV,SWHSA,2013,2027,54.899441,-116.751793,missed_other_seismometer_band,"HHE,HHN,HHZ",
S1,AUKAL,2012,2027,-30.7637,121.4789,has_BH_LH_should_have_worked,"BHE,BHN,BHZ",
S1,AUMUL,2012,2015,-28.5585,153.4949,has_BH_LH_should_have_worked,"BHE,BHN,BHZ",
SN,WG02,2015,2017,37.240501,-115.197701,missed_other_seismometer_band,"EHE,EHN,EHZ",
SV,RBDL,2024,2027,14.113,-89.6827,missed_other_seismometer_band,"HHE,HHN,HHZ",
TC,ICC3,2014,2019,5.54345,-87.05687,missed_other_seismometer_band,"EHE,EHN,EHZ",
TD,TD009,2012,2027,52.32058,-116.323372,missed_other_seismometer_band,"HH1,HH2,HHZ",
TF,KHO,2025,2027,37.488477,71.565355,no_seismometer_on_station,"HNE,HNN,HNZ",
TJ,CHGR,2008,2027,38.656898,69.158203,missed_other_seismometer_band,"HHE,HHN,HHZ",
TJ,GEZN,2008,2025,39.283298,67.715401,missed_other_seismometer_band,"HHE,HHN,HHZ",
TJ,MURGB,2024,2027,38.254,74.058,missed_other_seismometer_band,"HHE,HHN,HHZ",
TJ,SHAA,2008,2025,37.562,68.122803,missed_other_seismometer_band,"HHE,HHN,HHZ",
TM,CHBT,2008,2027,12.7441,102.3526,has_BH_LH_should_have_worked,"BHE,BHN,BHZ",
TM,LOEI,2008,2027,17.5093,101.6244,has_BH_LH_should_have_worked,"BHE,BHN,BHZ",
TM,PANO,2008,2027,17.147614,104.6122,has_BH_LH_should_have_worked,"BHE,BHN,BHZ",
TO,CARR,2004,2008,17.2064,-99.510902,missed_other_seismometer_band,"HHE,HHN,HHZ",
TO,CC08,2012,2016,35.992199,-120.961197,missed_other_seismometer_band,"HHE,HHN,HHZ",
TO,EGIP,2007,2010,17.264799,-91.975197,missed_other_seismometer_band,"HHE,HHN,HHZ",
TO,MONT,2006,2010,18.6387,-95.094398,missed_other_seismometer_band,"HHE,HHN,HHZ",
TO,MULU,2004,2008,19.4368,-99.129601,missed_other_seismometer_band,"HHE,HHN,HHZ",
TO,PE03,2007,2014,-17.1644,-71.789101,missed_other_seismometer_band,"HHE,HHN,HHZ",
TO,PG01,2010,2014,-15.3626,-75.160202,missed_other_seismometer_band,"HHE,HHN,HHZ",
TO,PG20,2010,2014,-14.6049,-73.997299,missed_other_seismometer_band,"HHE,HHN,HHZ",
TO,PH20,2010,2014,-16.4125,-73.124496,missed_other_seismometer_band,"HHE,HHN,HHZ",
TO,SAFR,2004,2007,21.570499,-98.369598,missed_other_seismometer_band,"HHE,HHN,HHZ",
TW,VDOS,2013,2016,20.701,116.730598,missed_other_seismometer_band,"HHE,HHN,HHZ",
TW,VNAS,2013,2016,10.3774,114.364998,missed_other_seismometer_band,"HHE,HHN,HHZ",
TX,BRDY,2016,2027,31.285872,-98.999447,missed_other_seismometer_band,"HH1,HH2,HHZ",
TX,DKNS,2016,2027,33.66653,-100.92365,missed_other_seismometer_band,"HH1,HH2,HHZ",
TX,ELG6,2022,2027,28.481656,-100.326356,missed_other_seismometer_band,"CH1,CH2,CHZ",
UO,LAIR,1998,2027,43.16148,-123.93143,missed_other_seismometer_band,"GLA,GLO,HHE,HHN,HHZ",
UO,RSBO,2016,2027,44.043361,-122.267036,missed_other_seismometer_band,"EHE,EHN,EHZ,GLA,GLO,HHE,HHN,HHZ",
UO,TOMA,2024,2027,42.44142,-122.10751,missed_other_seismometer_band,"GLA,GLO",
US,GLMI,2005,2027,44.8245,-84.6175,has_BH_LH_should_have_worked,"BH1,BH2,BHE,BHN,BHZ,LH1,LH2,LHE,LHN,LHZ",
VE,CAIV,2002,2007,7.3262,-66.321602,missed_other_seismometer_band,"HHE,HHN,HHZ",
VE,ELOV,2002,2007,7.0011,-69.4832,missed_other_seismometer_band,"HHE,HHN,HHZ",
VE,GUNV,2002,2007,10.1449,-62.9426,missed_other_seismometer_band,"HHE,HHN,HHZ",
VE,IMOV,2002,2007,12.3585,-70.902298,missed_other_seismometer_band,"HHE,HHN,HHZ",
VE,JACV,2002,2007,11.0873,-68.82987,has_BH_LH_should_have_worked,"BHE,BHN,BHZ",
VE,LUEV,2002,2007,5.8433,-61.4613,missed_other_seismometer_band,"HHE,HHN,HHZ",
VE,PAYV,2002,2007,5.4205,-67.656097,missed_other_seismometer_band,"HHE,HHN,HHZ",
VE,RIOV,2002,2005,8.069,-61.814499,missed_other_seismometer_band,"HHE,HHN,HHZ",
VU,RTV,2011,2015,-17.7882,168.430603,missed_other_seismometer_band,"EHE,EHN,EHZ",
WF,SPG,1969,2027,52.32553,-3.01928,missed_other_seismometer_band,SHZ,
WI,SLBI,2013,2024,14.023,-60.974,has_BH_LH_should_have_worked,"BHE,BHN,BHZ,LHE,LHN,LHZ",
WM,UCM,2015,2027,40.307499,-3.2441,has_BH_LH_should_have_worked,"BHE,BHN,BHZ,LHE,LHN,LHZ",
WU,TOBO,2011,2027,45.225804,-81.523445,missed_other_seismometer_band,"HHE,HHN,HHZ",
WY,YHR,2013,2027,44.106,-110.0816,missed_other_seismometer_band,"HHE,HHN,HHZ",
X1,LW2,2010,2013,-80.972198,148.032104,missed_other_seismometer_band,"DHE,DHN,DHZ",
X1,NKF01,2003,2006,49.311901,-127.721001,has_BH_LH_should_have_worked,"BH1,BH2,BHZ,LH1,LH2,LHZ",
X2,CRAT,2012,2015,35.318199,-111.317902,has_BH_LH_should_have_worked,"BHE,BHN,BHZ",
X2,PG1,2009,2011,-41.137699,176.038101,missed_other_seismometer_band,"EHE,EHN,EHZ",
X3,OBS01,2012,2014,36.117802,-34.2104,missed_other_seismometer_band,"EL1,EL2,ELZ",
X5,CHIN,2008,2012,62.636665,-74.236,has_BH_LH_should_have_worked,"BHE,BHN,BHZ",
X5,MARN,2008,2012,71.326279,-79.373581,has_BH_LH_should_have_worked,"BHE,BHN,BHZ",
X5,NOTN,2006,2011,63.293659,-78.135452,has_BH_LH_should_have_worked,"BHE,BHN,BHZ",
X5,PNGN,2007,2012,66.143471,-65.711548,has_BH_LH_should_have_worked,"BHE,BHN,BHZ",
X6,RB1,2012,2014,46.1689,7.8317,missed_other_seismometer_band,"FH1,FH2,FHZ",
X7,MC06,2023,2026,45.17868,94.04808,missed_other_seismometer_band,"HHE,HHN,HHZ,VLA,VLO",
X7,MC14,2023,2026,45.76957,92.21965,missed_other_seismometer_band,"HHE,HHN,HHZ,VLA,VLO",
X8,COSY,2015,2018,43.438499,-65.625298,missed_other_seismometer_band,"HHE,HHN,HHZ",
X9,BB240,2011,2014,43.427502,-128.355698,has_BH_LH_should_have_worked,"LH1,LH2,LHZ",
X9,T2S4A,2003,2006,-69.020897,72.818298,no_seismometer_on_station,"ACE,EPE,EPN,EPZ,LCE,LCQ,LOG,LPE,LPN,LPZ",
X9,YA03,2023,2025,-54.85568,-68.66536,missed_other_seismometer_band,"EH1,EH2,EHZ",
XA,O07H,1986,1989,-32.191299,-68.014503,missed_other_seismometer_band,"SHE,SHN,SHZ",
XA,S11,1968,1970,0.67416,23.473146,missed_other_seismometer_band,"MH1,MH2,MHZ,SHZ",
XA,S12,1968,1978,-3.01084,-23.42456,missed_other_seismometer_band,"MH1,MH2,MHZ,SHZ",
XA,S14,1970,1978,-3.6445,-17.47753,missed_other_seismometer_band,"MH1,MH2,MHE,MHN,MHZ,SHZ",
XA,S15,1970,1978,26.13407,3.62981,missed_other_seismometer_band,"MH1,MH2,MHE,MHN,MHZ,SHZ",
XA,S16,1971,1978,-8.97577,15.49649,missed_other_seismometer_band,"MH1,MH2,MHZ,SHZ",
XA,SA20,1997,2000,-29.0221,26.195299,has_BH_LH_should_have_worked,"BHE,BHN,BHZ",
XB,ALIE5,1999,2002,-41.710701,172.907394,missed_other_seismometer_band,"SHE,SHN,SHZ",
XB,CM01,2005,2008,2.389,9.834,has_BH_LH_should_have_worked,"BHE,BHN,BHZ,LHE,LHN,LHZ",
XB,CM02,2005,2008,2.698,13.289,has_BH_LH_should_have_worked,"BHE,BHN,BHZ,LHE,LHN,LHZ",
XB,CM03,2005,2008,3.519,15.034,has_BH_LH_should_have_worked,"BHE,BHN,BHZ,LHE,LHN,LHZ",
XB,CM06,2004,2008,2.385,11.268,has_BH_LH_should_have_worked,"BHE,BHN,BHZ,LHE,LHN,LHZ",
XB,CM11,2005,2008,3.98,13.188,has_BH_LH_should_have_worked,"BHE,BHN,BHZ,LHE,LHN,LHZ",
XB,CM16,2005,2008,5.48,10.572,has_BH_LH_should_have_worked,"BHE,BHN,BHZ,LHE,LHN,LHZ",
XB,CM17,2005,2008,5.546,12.312,has_BH_LH_should_have_worked,"BHE,BHN,BHZ,LHE,LHN,LHZ",
XB,CM24,2004,2008,6.523,14.288,has_BH_LH_should_have_worked,"BHE,BHN,BHZ,LHE,LHN,LHZ",
XB,CM27,2005,2008,7.359,12.667,has_BH_LH_should_have_worked,"BHE,BHN,BHZ,LHE,LHN,LHZ",
XB,CM29,2004,2008,9.347,13.385,has_BH_LH_should_have_worked,"BHE,BHN,BHZ,LHE,LHN,LHZ",
XB,CM31,2005,2008,10.327,15.262,has_BH_LH_should_have_worked,"BHE,BHN,BHZ,LHE,LHN,LHZ",
XB,ELEF,1996,2000,-61.21981,-55.13903,has_BH_LH_should_have_worked,"BHE,BHN,BHZ,LHE,LHN,LHZ",
XB,ELYH0,2017,2019,4.502384,135.623447,no_seismometer_on_station,"LEA,LEV,LK1,LK2,LKA,LKC,LKD,LKP,LMA,LMB",
XB,HT12,2007,2009,11.282,-82.4506,missed_other_seismometer_band,"EL1,EL2,ELZ,LL1,LL2,LLZ",
XB,LOWI,1997,2000,-63.247002,-62.180801,has_BH_LH_should_have_worked,"BHE,BHN,BHZ,LHE,LHN,LHZ",
XB,NRT6,2007,2009,12.4478,-83.000801,missed_other_seismometer_band,"EL1,EL2,ELZ,LL1,LL2,LLZ",
XB,PM04,2008,2013,35.402599,-5.1525,has_BH_LH_should_have_worked,"BHE,BHN,BHZ,LHE,LHN,LHZ",
XB,PM25,2008,2013,32.875702,-4.888,has_BH_LH_should_have_worked,"BHE,BHN,BHZ",
XB,PS37,2009,2013,38.999699,-4.9555,has_BH_LH_should_have_worked,"BHE,BHN,BHZ,LHE,LHN,LHZ",
XC,FL006,2014,2016,29.119425,-81.99487,no_seismometer_on_station,"MFE,MFN,MFZ,MQE,MQN",
XC,FL014,2014,2016,27.189183,-82.290182,no_seismometer_on_station,"MFE,MFN,MFZ,MQE,MQN",
XC,FL022,2014,2016,25.430755,-80.568892,no_seismometer_on_station,"MFE,MFN,MFZ,MQE,MQN",
XC,OR061,2006,2009,43.3922,-120.561302,has_BH_LH_should_have_worked,"BHE,BHN,BHZ,LHE,LHN,LHZ",
XD,C02,2010,2014,33.070999,-115.560501,has_BH_LH_should_have_worked,"BHE,BHN,BHZ,LHE,LHN,LHZ",
XD,DCD,2001,2004,37.829437,95.366997,has_BH_LH_should_have_worked,"BHE,BHN,BHZ",
XD,DELB,2000,2002,-7.56202,110.462578,has_BH_LH_should_have_worked,"BHE,BHN,BHZ",
XD,EBM,1998,2001,-10.604326,150.653549,has_BH_LH_should_have_worked,"BHE,BHN,BHZ,LHE,LHN,LHZ",
XD,HOT28,1995,1999,64.532478,-19.484184,has_BH_LH_should_have_worked,"BH2,BH3,BH5,BH6,BHE,BHN,BHZ,LH2,LH3,LH5,LH6,LHE,LHN,LHZ",
XD,JYG,2001,2004,39.807545,98.222244,has_BH_LH_should_have_worked,"BHE,BHN,BHZ",
XD,KUL2,1998,2001,-9.088606,152.715454,has_BH_LH_should_have_worked,"BHE,BHN,BHZ,LHE,LHN,LHZ",
XD,MISC,1998,2001,-10.674984,152.784119,has_BH_LH_should_have_worked,"BHE,BHN,BHZ,LHE,LHN,LHZ",
XD,PSP03,2007,2011,-89.929001,144.360992,has_BH_LH_should_have_worked,"BHE,BHN,BHZ,LHE,LHN,LHZ",
XD,ZHY,2001,2004,38.923222,100.401505,has_BH_LH_should_have_worked,"BHE,BHN,BHZ",
XE,ES03,2002,2005,30.752544,92.85878,has_BH_LH_should_have_worked,"BHE,BHN,BHZ,LHE,LHN,LHZ",
XE,ES11,2002,2005,31.906748,94.135582,has_BH_LH_should_have_worked,"BHE,BHN,BHZ,LHE,LHN,LHZ",
XE,ES18,2002,2005,31.301319,97.962425,has_BH_LH_should_have_worked,"BHE,BHN,BHZ,LHE,LHN,LHZ",
XE,ES19,2002,2005,30.813387,95.711105,has_BH_LH_should_have_worked,"BHE,BHN,BHZ,LHE,LHN,LHZ",
XE,ES28,2002,2005,29.720207,98.426933,has_BH_LH_should_have_worked,"BHE,BHN,BHZ,LHE,LHN,LHZ",
XE,ES31,2002,2005,29.506283,96.755737,has_BH_LH_should_have_worked,"BHE,BHN,BHZ,LHE,LHN,LHZ",
XE,SALI,1993,1996,-19.62011,-67.724533,has_BH_LH_should_have_worked,"BHE,BHN,BHZ",
XE,SNP22,2004,2007,37.010502,-119.360199,has_BH_LH_should_have_worked,"BHE,BHN,BHZ,LHE,LHN,LHZ",
XE,SNPG9,2005,2008,40.345299,-120.6017,has_BH_LH_should_have_worked,"BH1,BH2,BH3,BHE,BHN,BHZ,LH1,LH2,LH3,LHE,LHN,LHZ",
XE,SP18,2002,2005,29.483082,94.414757,no_seismometer_on_station,"LOG,SPE,SPN,SPZ",
XE,WC02,2017,2020,-4.97259,-133.70537,has_BH_LH_should_have_worked,"BH1,BH2,BHZ",
XF,B01,2011,2014,16.040501,149.281494,missed_other_seismometer_band,"HH1,HH2,HHZ",
XF,B18,2011,2014,18.6635,148.492706,missed_other_seismometer_band,"HH1,HH2,HHZ",
XF,DN3W,1994,1997,-82.82045,-152.881699,no_seismometer_on_station,"EPE,EPN,EPZ,LOG",
XF,E06,2011,2013,17.3333,149.300003,missed_other_seismometer_band,"EL1,EL2,ELZ,LL1,LL2,LLZ",
XF,ET14,2016,2018,37.737228,15.061717,no_seismometer_on_station,CDF,
XF,H0650,2002,2005,28.8955,85.3274,has_BH_LH_should_have_worked,"BHE,BHN,BHZ,LHE,LHN,LHZ",
XF,H1210,2003,2006,30.782101,85.109398,has_BH_LH_should_have_worked,"BHE,BHN,BHZ,LHE,LHN,LHZ",
XF,H1415,2003,2005,32.307899,84.218903,has_BH_LH_should_have_worked,"BHE,BHN,BHZ,LHE,LHN,LHZ",
XF,H1630,2003,2006,34.065399,84.227402,has_BH_LH_should_have_worked,"BHE,BHN,BHZ,LHE,LHN,LHZ",
XF,L02,1999,2013,17.2999,147.470795,has_BH_LH_should_have_worked,"BHE,BHN,BHZ,LHE,LHN,LHZ",
XF,MA40,2005,2008,20.219801,-103.942001,has_BH_LH_should_have_worked,"BHE,BHN,BHZ,LHE,LHN,LHZ",
XF,NE1,2013,2017,74.87175,-38.55117,has_BH_LH_should_have_worked,"BH1,BH2,BHZ,LH1,LH2,LHZ",
XF,NE5,2013,2017,74.117332,-31.150419,has_BH_LH_should_have_worked,"BH1,BH2,BHZ,LH1,LH2,LHZ",
XF,NG010,2001,2004,27.461399,84.2799,has_BH_LH_should_have_worked,"BHE,BHN,BHZ,LHE,LHN,LHZ",
XF,NJANA,2001,2004,26.7106,85.924202,has_BH_LH_should_have_worked,"BHE,BHN,BHZ,LHE,LHN,LHZ",
XF,NP100,2001,2004,28.7796,83.719101,has_BH_LH_should_have_worked,"BHE,BHN,BHZ,LHE,LHN,LHZ",
XG,BYBT,1998,2002,40.235348,40.265499,has_BH_LH_should_have_worked,"BHE,BHN,BHZ,LHE,LHN,LHZ",
XG,CES,1991,1993,39.393501,-101.065498,has_BH_LH_should_have_worked,"BHE,BHN,BHZ",
XG,DGSU,1998,2002,39.131145,42.729748,has_BH_LH_should_have_worked,"BHE,BHN,BHZ,LHE,LHN,LHZ",
XG,ELSH,2002,2006,41.9869,114.455597,has_BH_LH_should_have_worked,"BHE,BHN,BHZ,LHE,LHN,LHZ",
XG,ERGN,1998,2002,38.258743,39.728668,has_BH_LH_should_have_worked,"BHE,BHN,BHZ,LHE,LHN,LHZ",
XG,KTLN,1998,2002,37.953327,41.705223,has_BH_LH_should_have_worked,"BHE,BHN,BHZ,LHE,LHN,LHZ",
XG,MJPU,2001,2007,40.666698,115.683701,has_BH_LH_should_have_worked,"BHE,BHN,BHZ,LHE,LHN,LHZ",
XG,MSDY,1998,2002,40.461639,37.776543,has_BH_LH_should_have_worked,"BHE,BHN,BHZ,LHE,LHN,LHZ",
XG,SQUAN,2005,2009,40.473,122.138702,has_BH_LH_should_have_worked,"BHE,BHN,BHZ,LHE,LHN,LHZ",
XG,WSG,1991,1993,37.776501,-104.3983,has_BH_LH_should_have_worked,"BHE,BHN,BHZ",
XG,XZHOU,2002,2005,38.423,113.002502,has_BH_LH_should_have_worked,"BHE,BHN,BHZ,LHE,LHN,LHZ",
XH,DR15,2013,2017,-79.492798,-179.919296,has_BH_LH_should_have_worked,"BHE,BHN,BHZ,LHE,LHN,LHZ",
XH,ESP03,2007,2011,-29.7428,-64.014297,has_BH_LH_should_have_worked,"BHE,BHN,BHZ,LHE,LHN,LHZ",
XH,RS08,2013,2017,-79.3899,-163.539398,has_BH_LH_should_have_worked,"BHE,BHN,BHZ,LHE,LHN,LHZ",
XH,RS12,2013,2018,-79.017899,-147.632095,has_BH_LH_should_have_worked,"BHE,BHN,BHZ,LHE,LHN,LHZ",
XH,S22,2000,2002,-39.107071,175.168839,missed_other_seismometer_band,"HHE,HHN,HHZ",
XH,SAR,2001,2004,38.234528,28.685875,no_seismometer_on_station,"LOG,SPE,SPN,SPZ",
XI,CHEF,2000,2003,6.16128,38.210144,has_BH_LH_should_have_worked,"BHE,BHN,BHZ,LHE,LHN,LHZ",
XI,CX111,2004,2006,21.3447,-89.2341,missed_other_seismometer_band,"HHE,HHN,HHZ",
XI,D55,2002,2005,26.105801,-44.840599,missed_other_seismometer_band,"EL1,EL2,ELZ,LL1,LL2,LLZ",
XI,DHAA,1997,2000,43.344456,128.19812,has_BH_LH_should_have_worked,"BH2,BH3,BHE,BHN,BHZ,LH2,LH3,LHE,LHN,LHZ",
XI,HALM,1994,1998,22.8454,44.317299,has_BH_LH_should_have_worked,"BHE,BHN,BHZ",
XI,HOSA,2000,2003,7.563968,37.857258,has_BH_LH_should_have_worked,"BHE,BHN,BHZ,LHE,LHN,LHZ",
XI,KITU,2000,2003,-1.373014,38.002075,has_BH_LH_should_have_worked,"BHE,BHN,BHZ",
XI,KR42,1999,2003,0.037997,35.726284,has_BH_LH_should_have_worked,"BHE,BHN,BHZ",
XI,NDEI,2000,2002,-2.692823,38.168716,has_BH_LH_should_have_worked,"BHE,BHN,BHZ",
XI,TANG,2007,2011,24.275999,89.921997,missed_other_seismometer_band,"EHE,EHN,EHZ",
XJ,E40,2001,2004,9.36161,40.217209,missed_other_seismometer_band,"HHE,HHN,HHZ",
XJ,SHO,1999,2002,42.848701,-114.429703,has_BH_LH_should_have_worked,"BHE,BHN,BHZ",
XJ,SNOW,2015,2018,56.8922,-132.3526,missed_other_seismometer_band,"EH1,EH2,EHZ,SH1,SH2,SHZ",
XK,HOYT,2000,2004,58.826122,-3.239107,has_BH_LH_should_have_worked,"BH2,BH3,BHZ,LH2,LH3,LHZ",
XK,NOVR,2000,2004,57.691681,-4.410162,has_BH_LH_should_have_worked,"BHE,BHN,BHZ,LHE,LHN,LHZ",
XK,UT65,2003,2007,38.584999,-112.425003,has_BH_LH_should_have_worked,"BHE,BHN,BHZ",
XK,W02NB,2011,2015,-13.724,33.559898,has_BH_LH_should_have_worked,"BHE,BHN,BHZ,LHE,LHN,LHZ",
XK,Z04NN,2011,2015,-13.075,30.6276,has_BH_LH_should_have_worked,"BHE,BHN,BHZ,LHE,LHN,LHZ",
XK,Z09CG,2011,2015,-13.3058,32.221001,has_BH_LH_should_have_worked,"BHE,BHN,BHZ,LHE,LHN,LHZ",
XL,HD21,2011,2015,47.967701,101.433296,has_BH_LH_should_have_worked,"LHE,LHN,LHZ",
XL,HD25,2011,2015,47.003502,99.406097,has_BH_LH_should_have_worked,"LHE,LHN,LHZ",
XL,HD68,2011,2015,44.403,102.444702,has_BH_LH_should_have_worked,"LHE,LHN,LHZ",
XL,HD75,2011,2015,49.3102,96.357101,has_BH_LH_should_have_worked,"LHE,LHN,LHZ",
XL,HMP,1994,1997,40.110897,128.286041,missed_other_seismometer_band,"SHE,SHN,SHZ",
XL,MG06,2017,2020,55.87212,-120.041481,missed_other_seismometer_band,"GLA,GLO,HHE,HHN,HHZ",
XM,1026,2001,2004,9.800467,38.416504,missed_other_seismometer_band,"HHE,HHN,HHZ",
XM,1346,2001,2004,7.794967,39.897858,missed_other_seismometer_band,"HHE,HHN,HHZ",
XM,ANB03,2021,2025,-23.50208,-66.11349,has_BH_LH_should_have_worked,"LH1,LH2,LHZ",
XM,ANB07,2021,2025,-23.7691,-63.6877,has_BH_LH_should_have_worked,"LH1,LH2,LHZ",
XM,ASB08,2022,2025,-37.6872,-67.8793,has_BH_LH_should_have_worked,"LH1,LH2,LHZ",
XM,ASB20,2022,2025,-35.8086,-63.9305,has_BH_LH_should_have_worked,"LH1,LH2,LHZ",
XM,HB01,2010,2012,55.8022,-160.905197,missed_other_seismometer_band,"EH1,EH2,EHZ",
XM,NM24,1998,2002,34.046871,-106.119606,has_BH_LH_should_have_worked,"BHE,BHN,BHZ",
XM,NM32,1998,2001,34.980724,-107.264282,has_BH_LH_should_have_worked,"BHE,BHN,BHZ",
XM,UT52,1998,2002,37.234776,-110.131325,has_BH_LH_should_have_worked,"BHE,BHN,BHZ",
XN,A01,2002,2004,58.992599,-123.176598,has_BH_LH_should_have_worked,"BHE,BHN,BHZ",
XN,A06,2002,2006,60.631199,-123.493202,has_BH_LH_should_have_worked,"BHE,BHN,BHZ",
XN,A16,2003,2006,61.576599,-117.147697,has_BH_LH_should_have_worked,"BHE,BHN,BHZ",
XN,B07,2003,2005,59.6548,-126.950104,has_BH_LH_should_have_worked,"BHE,BHN,BHZ,LHE,LHN,LHZ",
XN,B11,2003,2006,60.087002,-130.606995,has_BH_LH_should_have_worked,"BHE,BHN,BHZ,LHE,LHN,LHZ",
XN,B15,2003,2006,60.433998,-134.247406,has_BH_LH_should_have_worked,"BHE,BHN,BHZ,LHE,LHN,LHZ",
XN,BABAY,1995,1997,-1.814066,136.719955,no_seismometer_on_station,"LOG,SGE,SGN,SGZ,SPE,SPN,SPZ",
XN,BC03,2003,2006,61.229599,-120.422997,has_BH_LH_should_have_worked,"BHE,BHN,BHZ,LHE,LHN,LHZ",
XN,NUMFO,1995,1997,-0.966673,134.806885,no_seismometer_on_station,"LOG,SGE,SGN,SGZ,SPE,SPN,SPZ",
XN,SARMI,1995,1997,-1.854546,138.753006,no_seismometer_on_station,"EGE,EGN,EGZ,EPE,EPN,EPZ,LOG,SGE,SGN,SGZ",
XO,EP16,2017,2020,59.1126,-156.8567,has_BH_LH_should_have_worked,"LHE,LHN,LHZ",
XO,ET20,2017,2020,58.1304,-154.9716,has_BH_LH_should_have_worked,"LHE,LHN,LHZ",
XO,GUA3,2002,2005,13.266417,144.717209,has_BH_LH_should_have_worked,"BHE,BHN,BHZ,LHE,LHN,LHZ",
XO,KD02,2017,2020,57.8618,-152.6575,has_BH_LH_should_have_worked,"LHE,LHN,LHZ",
XO,LA32,2017,2020,54.4982,-157.8522,missed_other_seismometer_band,"HH1,HH2,HHZ",
XO,LD42,2017,2020,55.549885,-154.671428,no_seismometer_on_station,RKO,
XO,LE17,2011,2014,37.9874,-89.1763,has_BH_LH_should_have_worked,"BHE,BHN,BHZ,LHE,LHN,LHZ",
XO,SARI,2002,2005,16.709562,145.769669,has_BH_LH_should_have_worked,"BHE,BHN,BHZ,LHE,LHN,LHZ",
XO,SOKY,2012,2016,37.5256,-85.961899,has_BH_LH_should_have_worked,"BHE,BHN,BHZ,LHE,LHN,LHZ",
XO,WD49,2017,2020,54.399083,-151.89947,has_BH_LH_should_have_worked,"LH1,LH2,LHZ",
XO,WD54,2017,2020,56.331433,-149.066665,has_BH_LH_should_have_worked,"LH1,LH2,LHZ",
XO,WD67,2017,2020,52.162563,-160.035832,has_BH_LH_should_have_worked,"LH1,LH2,LHZ",
XO,WD69,2017,2020,53.782065,-160.34289,has_BH_LH_should_have_worked,"LH1,LH2,LHZ",
XO,WD72,2017,2020,56.257748,-151.81063,no_seismometer_on_station,RKO,
XP,DIHI,1999,2004,-79.849022,159.480042,has_BH_LH_should_have_worked,"BHE,BHN,BHZ,LHE,LHN,LHZ",
XP,E006,2001,2004,-77.370201,161.625702,has_BH_LH_should_have_worked,"BHE,BHN,BHZ,LHE,LHN,LHZ",
XP,E026,2000,2004,-76.424698,154.759064,has_BH_LH_should_have_worked,"BHE,BHN,BHZ,LHE,LHN,LHZ",
XP,MINN,2000,2004,-78.550446,166.880066,has_BH_LH_should_have_worked,"BHE,BHN,BHZ,LHE,LHN,LHZ",
XP,N028,2000,2004,-78.029579,153.650864,has_BH_LH_should_have_worked,"BHE,BHN,BHZ,LHE,LHN,LHZ",
XP,N044,2000,2004,-79.069191,148.615921,has_BH_LH_should_have_worked,"BHE,BHN,BHZ,LHE,LHN,LHZ",
XP,N060,2000,2003,-80.000099,142.595001,has_BH_LH_should_have_worked,"BHE,BHN,BHZ,LHE,LHN,LHZ",
XP,N076,2000,2004,-80.806198,135.434006,has_BH_LH_should_have_worked,"BHE,BHN,BHZ,LHE,LHN,LHZ",
XP,N100,2000,2004,-81.652496,122.610001,has_BH_LH_should_have_worked,"BHE,BHN,BHZ,LHE,LHN,LHZ",
XP,N116,2000,2003,-82.009804,112.571198,has_BH_LH_should_have_worked,"BHE,BHN,BHZ,LHE,LHN,LHZ",
XP,ORTK,2004,2008,41.039398,75.056801,has_BH_LH_should_have_worked,"LHE,LHN,LHZ",
XQ,ME10,2006,2010,40.959099,-122.461899,has_BH_LH_should_have_worked,"BHE,BHN,BHZ,LHE,LHN,LHZ",
XQ,ME62,2006,2010,39.534,-121.918999,has_BH_LH_should_have_worked,"BHE,BHN,BHZ,LHE,LHN,LHZ",
XR,BB23,1993,1995,28.485666,89.658524,has_BH_LH_should_have_worked,"BHE,BHN,BHZ",
XR,FA14,2001,2003,41.544838,-94.264229,has_BH_LH_should_have_worked,"BHE,BHN,BHZ,LHE,LHN,LHZ",
XR,FA23,2000,2003,45.550365,-99.9841,has_BH_LH_should_have_worked,"BHE,BHN,BHZ,LHE,LHN,LHZ",
XR,FA24,2000,2003,46.531807,-101.240036,has_BH_LH_should_have_worked,"BHE,BHN,BHZ,LHE,LHN,LHZ",
XR,FA27,2000,2003,49.942284,-108.108139,has_BH_LH_should_have_worked,"BHE,BHN,BHZ,LHE,LHN,LHZ",
XR,GTM,2004,2008,65.401497,-161.277802,has_BH_LH_should_have_worked,"BHE,BHN,BHZ,LHE,LHN,LHZ",
XR,NOM,2004,2008,64.569504,-165.338303,has_BH_LH_should_have_worked,"BHE,BHN,BHZ,LHE,LHN,LHZ",
XR,ST05,1997,2014,31.040247,90.174088,has_BH_LH_should_have_worked,"BHE,BHN,BHZ,LHE,LHN,LHZ",
XR,ST40,1997,2000,33.81459,88.306976,has_BH_LH_should_have_worked,"BHE,BHN,BHZ",
XR,W1,1997,2000,32.092289,88.306221,has_BH_LH_should_have_worked,"BHE,BHN,BHZ",
XS,I04D,2015,2018,-2.123817,-16.17326,has_BH_LH_should_have_worked,"BH1,BH2,BHZ",
XS,I12D,2015,2018,-0.868283,-10.77656,has_BH_LH_should_have_worked,"BH1,BH2,BHZ",
XS,L02A,2015,2018,-1.1667,-17.4085,missed_other_seismometer_band,"HH1,HH2,HHZ",
XS,L16D,2015,2018,0.8933,-7.8953,missed_other_seismometer_band,"HH1,HH2,HHZ",
XS,L18D,2015,2018,0.5769,-9.3765,missed_other_seismometer_band,"HH1,HH2,HHZ",
XS,L37D,2015,2018,1.5657,-14.9718,missed_other_seismometer_band,"HH1,HH2,HHZ",
XS,L39D,2015,2018,2.0557,-11.4905,missed_other_seismometer_band,"HH1,HH2,HHZ",
XS,N020,2007,2010,40.349899,21.960501,has_BH_LH_should_have_worked,"BHE,BHN,BHZ,LHE,LHN,LHZ",
XS,N039,2006,2010,41.1087,23.5846,has_BH_LH_should_have_worked,"BHE,BHN,BHZ,LHE,LHN,LHZ",
XS,S009,2005,2008,37.548,22.212,has_BH_LH_should_have_worked,"BHE,BHN,BHZ,LHE,LHN,LHZ",
XS,S037,2005,2008,38.921001,24.530001,has_BH_LH_should_have_worked,"BHE,BHN,BHZ,LHE,LHN,LHZ",
XS,S040,2005,2008,37.722,24.009001,has_BH_LH_should_have_worked,"BHE,BHN,BHZ,LHE,LHN,LHZ",
XT,KOS,1993,1997,5.3238,163.008698,has_BH_LH_should_have_worked,"BHE,BHN,BHZ",
XT,LIAH,2000,2003,-21.162054,-175.273041,has_BH_LH_should_have_worked,"BHE,BHN,BHZ",
XT,NAU,1993,1997,-0.506318,166.932632,has_BH_LH_should_have_worked,"BHE,BHN,BHZ",
XT,ST119,2003,2005,13.3311,-69.815498,missed_other_seismometer_band,"EL1,EL2,ELZ,LL1,LL2,LLZ",
XT,TAUF,2000,2003,-17.971741,177.280457,has_BH_LH_should_have_worked,"BHE,BHN,BHZ",
XU,MACQ,1995,1998,-54.497299,158.938599,missed_other_seismometer_band,"MHE,MHN,MHZ",
XV,AMPY,2011,2014,-24.7033,44.743599,has_BH_LH_should_have_worked,"BHE,BHN,BHZ,LHE,LHN,LHZ",
XV,BAND,2011,2014,-20.3428,45.596401,has_BH_LH_should_have_worked,"BHE,BHN,BHZ,LHE,LHN,LHZ",
XV,BITY,2011,2014,-20.060801,47.000099,has_BH_LH_should_have_worked,"BHE,BHN,BHZ,LHE,LHN,LHZ",
XV,C16D,2002,2005,-76.300003,167.199997,has_BH_LH_should_have_worked,"LHE,LHN,LHZ",
XV,EH,1996,1999,9.058173,-79.664642,no_seismometer_on_station,"EPE,EPN,EPZ,LOG",
XV,HNJO,1994,1997,65.5626,-24.1531,missed_other_seismometer_band,"MHE,MHN,MHZ",
XV,HRAU,1994,1996,66.1186,-20.0987,missed_other_seismometer_band,"MHE,MHN,MHZ",
XV,MAHA,2010,2014,-23.1714,47.689899,has_BH_LH_should_have_worked,"BHE,BHN,BHZ,LHE,LHN,LHZ",
XV,MAJA,2010,2014,-15.7323,46.4263,has_BH_LH_should_have_worked,"BHE,BHN,BHZ,LHE,LHN,LHZ",
XV,NW140,2023,2025,50.82925,77.20242,has_BH_LH_should_have_worked,"LH1,LH2,LHZ",
XV,NW300,2023,2025,51.63364,75.30625,has_BH_LH_should_have_worked,"LH1,LH2,LHZ",
XV,SKOT,1994,1997,65.3412,-17.2467,has_BH_LH_should_have_worked,"BHE,BHN,BHZ",
XV,SW060,2023,2025,49.53487,78.41968,has_BH_LH_should_have_worked,"LH1,LH2,LHZ",
XW,ESG8,2012,2014,30.011152,-91.177429,has_BH_LH_should_have_worked,"BHE,BHN,BHZ",
XW,KSA,1997,2001,41.5425,77.925697,has_BH_LH_should_have_worked,"BHE,BHN,BHZ",
XW,LIRA,2016,2019,2.1096,33.064301,has_BH_LH_should_have_worked,"BHE,BHN,BHZ,LHE,LHN,LHZ",
XW,PDG,1996,2001,43.327499,79.487602,has_BH_LH_should_have_worked,"BHE,BHN,BHZ",
XW,SS20,2015,2017,-18.908386,-70.926254,missed_other_seismometer_band,"EL1,EL2,ELZ",
XW,SS21A,2015,2017,-20.31518,-72.438164,missed_other_seismometer_band,"EL1,EL2,ELZ",
XW,SS61,2015,2017,-20.591789,-70.841278,missed_other_seismometer_band,"EL1,EL2,ELZ",
XY,BN23,2004,2007,55.410999,-127.640999,has_BH_LH_should_have_worked,"BHE,BHN,BHZ,LHE,LHN,LHZ",
XY,BONG,1998,2002,9.753544,-85.207817,no_seismometer_on_station,"BPE,BPN,BPZ,LOG",
XY,BS07,2004,2007,52.390099,-126.834999,has_BH_LH_should_have_worked,"BHE,BHN,BHZ,LHE,LHN,LHZ",
Y1,N7027,2007,2010,65.917526,23.97368,missed_other_seismometer_band,"HHE,HHN,HHZ",
Y3,CROE,2008,2010,-42.336498,171.398407,missed_other_seismometer_band,"HHE,HHN,HHZ",
Y6,HOLY,2012,2016,46.525902,-66.463997,has_BH_LH_should_have_worked,"BHE,BHN,BHZ,LHE,LHN,LHZ",
YA,KV01,2011,2014,-2.0783,29.351101,missed_other_seismometer_band,"HHE,HHN,HHZ",
YA,LIQ1,2000,2002,23.48757,69.9161,no_seismometer_on_station,"EGE,EGN,EGZ,EPE,EPN,EPZ,LOG",
YA,MC02,2002,2005,30.3811,103.428902,has_BH_LH_should_have_worked,"BHE,BHN,BHZ,LHE,LHN,LHZ",
YA,MC05,2002,2005,29.9921,100.220703,has_BH_LH_should_have_worked,"BHE,BHN,BHZ,LHE,LHN,LHZ",
YA,MC08,2002,2005,28.995899,101.511803,has_BH_LH_should_have_worked,"BHE,BHN,BHZ,LHE,LHN,LHZ",
YA,MC10,2002,2005,28.976101,103.870499,has_BH_LH_should_have_worked,"BHE,BHN,BHZ,LHE,LHN,LHZ",
YA,MC12,2002,2005,27.662901,102.208397,has_BH_LH_should_have_worked,"BHE,BHN,BHZ,LHE,LHN,LHZ",
YA,MC14,2002,2005,27.864599,99.735199,has_BH_LH_should_have_worked,"BHE,BHN,BHZ,LHE,LHN,LHZ",
YA,MC16,2002,2005,27.1824,103.633003,has_BH_LH_should_have_worked,"BHE,BHN,BHZ,LHE,LHN,LHZ",
YA,MC17,2002,2005,26.4706,101.743698,has_BH_LH_should_have_worked,"BHE,BHN,BHZ,LHE,LHN,LHZ",
YA,MC21,2002,2005,25.4876,99.643303,has_BH_LH_should_have_worked,"BHE,BHN,BHZ,LHE,LHN,LHZ",
YB,AT49,2012,2016,38.513699,32.252998,has_BH_LH_should_have_worked,"BHE,BHN,BHZ,LHE,LHN,LHZ",
YB,AT63,2012,2016,36.712502,33.472,has_BH_LH_should_have_worked,"BHE,BHN,BHZ,LHE,LHN,LHZ",
YB,CUST,1995,1998,45.307598,-106.283699,missed_other_seismometer_band,"HHE,HHN,HHZ",
YB,IF01,2010,2013,62.359459,-6.52752,has_BH_LH_should_have_worked,"LHE,LHN,LHZ",
YB,SM05,2022,2024,38.70424,37.21084,no_seismometer_on_station,"HN1,HN2,HNZ",
YC,HEDI,1999,2003,-30.138674,-68.543419,has_BH_LH_should_have_worked,"BHE,BHN,BHZ",
YC,HUER,1999,2003,-32.419113,-65.717194,has_BH_LH_should_have_worked,"BHE,BHN,BHZ",
YC,MATA,1998,2000,9.332191,-83.949112,no_seismometer_on_station,"BPE,BPN,BPZ,LOG",
YC,SBE1,2017,2021,6.20282,115.596382,has_BH_LH_should_have_worked,"BHE,BHN,BHZ,LHE,LHN,LHZ",
YC,SBF4,2017,2021,6.37312,117.620827,has_BH_LH_should_have_worked,"BHE,BHN,BHZ,LHE,LHN,LHZ",
YD,3F11,2008,2012,45.865082,23.72257,has_BH_LH_should_have_worked,"BHE,BHN,BHZ",
YD,3H07,2008,2012,47.673592,23.49605,has_BH_LH_should_have_worked,"BHE,BHN,BHZ",
YD,6C04,2008,2012,46.661442,19.74328,has_BH_LH_should_have_worked,"BHE,BHN,BHZ",
YD,GROM,2002,2005,41.072701,15.0594,has_BH_LH_should_have_worked,"BHE,BHN,BHZ",
YD,MMNN,2003,2006,39.8909,15.9904,has_BH_LH_should_have_worked,"BHE,BHN,BHZ",
YF,PB49,2006,2009,52.4916,17.804701,missed_other_seismometer_band,"SHE,SHN,SHZ",
YF,PB60,2006,2008,53.950298,22.0117,missed_other_seismometer_band,"SHE,SHN,SHZ",
YF,STN05,2004,2006,19.240499,-64.666901,missed_other_seismometer_band,"EL1,EL2,ELZ,LL1,LL2,LLZ",
YF,STN10,2004,2006,20.3675,-65.524498,missed_other_seismometer_band,"EL1,EL2,ELZ,LL1,LL2,LLZ",
YG,CBP2J,2005,2008,47.367298,18.03178,missed_other_seismometer_band,"HHE,HHN,HHZ",
YG,CBP4F,2005,2008,47.720261,15.97801,missed_other_seismometer_band,"HHE,HHN,HHZ",
YG,CBP4N,2005,2008,45.978298,18.12705,missed_other_seismometer_band,"HHE,HHN,HHZ",
YG,INC37,2023,2026,15.691732,-88.351567,missed_other_seismometer_band,"EHE,EHN,EHZ",
YH,IFAK,2009,2012,-8.1397,36.6828,has_BH_LH_should_have_worked,"BHE,BHN,BHZ,LHE,LHN,LHZ",
YH,KO07,2011,2014,41.045898,30.1702,has_BH_LH_should_have_worked,"BHE,BHN,BHZ,LHE,LHN,LHZ",
YH,LOBS4,2013,2016,-39.120098,178.981506,missed_other_seismometer_band,"HH1,HH2,HHZ",
YH,MOHO,2009,2012,-8.1426,39.183201,has_BH_LH_should_have_worked,"BHE,BHN,BHZ,LHE,LHN,LHZ",
YH,MTWA,2009,2012,-10.2776,40.194,has_BH_LH_should_have_worked,"BHE,BHN,BHZ,LHE,LHN,LHZ",
YH,WALE,2009,2012,-9.7896,37.917,has_BH_LH_should_have_worked,"BHE,BHN,BHZ,LHE,LHN,LHZ",
YI,BOB,2002,2007,44.767921,9.44782,missed_other_seismometer_band,"HHE,HHN,HHZ",
YI,D35,2006,2008,20.112801,-63.517601,missed_other_seismometer_band,"EL1,EL2,ELZ,LL1,LL2,LLZ",
YI,GROG,2004,2007,43.426182,9.89201,missed_other_seismometer_band,"HHE,HHN,HHZ",
YI,ISDE,1998,2002,-80.0,-134.992996,has_BH_LH_should_have_worked,"BHE,BHN,BHZ,LHE,LHN,LHZ",
YL,ARSL,2005,2009,40.955002,35.887001,has_BH_LH_should_have_worked,"BHE,BHN,BHZ,LHE,LHN,LHZ",
YL,BEKI,2005,2009,41.314999,34.263,has_BH_LH_should_have_worked,"BHE,BHN,BHZ,LHE,LHN,LHZ",
YL,LBA60,2008,2010,-20.306999,-176.297806,missed_other_seismometer_band,"EL1,EL2,ELZ,LL1,LL2,LLZ",
YM,12,2007,2010,23.405899,122.687202,has_BH_LH_should_have_worked,"BH1,BH2,BHZ",
YM,MHCG,2015,2020,44.2571,-75.7522,has_BH_LH_should_have_worked,"BHE,BHN,BHZ,LHE,LHN,LHZ",
YM,NTW4,2001,2004,62.672298,-141.066803,has_BH_LH_should_have_worked,"BHE,BHN,BHZ",
YM,UCM,2001,2004,63.911201,-148.8862,missed_other_seismometer_band,"HHE,HHN,HHZ",
YN,OBS27,2008,2010,48.295799,-129.367401,missed_other_seismometer_band,"EL1,EL2,ELZ,LL1,LL2,LLZ",
YO,F6,2003,2007,11.3652,-85.8209,has_BH_LH_should_have_worked,"BHE,BHN,BHZ",
YO,N11,2003,2007,13.1963,-86.130402,has_BH_LH_should_have_worked,"BHE,BHN,BHZ",
YP,NE32,2008,2012,42.670799,117.070099,has_BH_LH_should_have_worked,"BHE,BHN,BHZ,LHE,LHN,LHZ",
YP,NE5D,2008,2012,44.107601,129.6008,has_BH_LH_should_have_worked,"BHE,BHN,BHZ,LHE,LHN,LHZ",
YP,NE66,2008,2012,45.004101,120.704201,has_BH_LH_should_have_worked,"BHE,BHN,BHZ,LHE,LHN,LHZ",
YP,NE6F,2008,2012,45.295898,131.201401,has_BH_LH_should_have_worked,"BHE,BHN,BHZ,LHE,LHN,LHZ",
YQ,109,2014,2016,-10.218,34.3922,missed_other_seismometer_band,"EL1,EL2,ELZ",
YQ,KIMO,2013,2016,-10.6922,36.046299,has_BH_LH_should_have_worked,"BHE,BHN,BHZ,LHE,LHN,LHZ",
YQ,N002,2016,2019,13.54526,39.416191,has_BH_LH_should_have_worked,"LHE,LHN,LHZ",
YQ,N009,2016,2019,13.2014,40.860081,has_BH_LH_should_have_worked,"LHE,LHN,LHZ",
YQ,VWZM,2013,2016,-11.1753,33.574402,missed_other_seismometer_band,"HHE,HHN,HHZ",
YR,ED15,2015,2018,42.527802,13.55816,missed_other_seismometer_band,"HHE,HHN,HHZ",
YR,S021,2020,2022,45.09969,-124.34912,missed_other_seismometer_band,"EL1,EL2,ELZ",
YS,MRKH,2003,2007,21.108999,-157.270004,has_BH_LH_should_have_worked,"BHE,BHN,BHZ",
YS,MTNG,2013,2017,-8.2969,125.1025,has_BH_LH_should_have_worked,"BH1,BH2,BHZ",
YS,PL03,2004,2007,21.2055,-155.679398,has_BH_LH_should_have_worked,"BH1,BH2,BHZ,LH1,LH2,LHZ",
YS,PL38,2005,2008,19.9863,-162.025604,has_BH_LH_should_have_worked,"BH1,BH2,BHZ",
YS,PL40,2005,2008,23.9972,-161.095001,has_BH_LH_should_have_worked,"BH1,BH2,BHZ",
YS,PL41,2005,2008,24.573799,-158.933105,has_BH_LH_should_have_worked,"BH1,BH2,BHZ,LH1,LH2,LHZ",
YS,PL43,2005,2008,26.776699,-155.765305,has_BH_LH_should_have_worked,"BH1,BH2,BHZ,LH1,LH2,LHZ",
YS,PL46,2005,2008,24.312099,-156.9646,has_BH_LH_should_have_worked,"BH1,BH2,BHZ,LH1,LH2,LHZ",
YS,PL57,2005,2008,18.9142,-150.914993,has_BH_LH_should_have_worked,"BH1,BH2,BHZ,LH1,LH2,LHZ",
YS,PL71,2005,2008,17.746901,-161.367599,has_BH_LH_should_have_worked,"BH1,BH2,BHZ,LH1,LH2,LHZ",
YS,SARA,2013,2017,-8.7873,121.1043,has_BH_LH_should_have_worked,"BH1,BH2,BHZ,LH1,LH2,LHZ",
YS,TL06,2013,2019,-8.4718,126.4576,has_BH_LH_should_have_worked,"BH1,BH2,BHZ",
YT,EAGL,2015,2019,-80.894402,-22.309799,missed_other_seismometer_band,"HHE,HHN,HHZ",
YT,FALL,2008,2020,-85.3066,-143.6284,has_BH_LH_should_have_worked,"BHE,BHN,BHZ,LHE,LHN,LHZ",
YT,HOWD,2007,2027,-77.5286,-86.7694,has_BH_LH_should_have_worked,"BHE,BHN,BHZ,LHE,LHN,LHZ",
YT,MA06,2014,2017,-79.4397,-97.5587,has_BH_LH_should_have_worked,"LHE,LHN,LHZ",
YT,MECK,2007,2020,-75.2808,-72.185,has_BH_LH_should_have_worked,"BHE,BHN,BHZ,LHE,LHN,LHZ",
YT,MPAT,2006,2018,-78.0297,-155.0221,has_BH_LH_should_have_worked,"BHE,BHN,BHZ,LHE,LHN,LHZ",
YT,ST07,2009,2013,-78.6388,-123.7953,has_BH_LH_should_have_worked,"BHE,BHN,BHZ,LHE,LHN,LHZ",
YT,THRO,2015,2018,-79.127296,-28.317499,missed_other_seismometer_band,"HHE,HHN,HHZ",
YU,B01A,2018,2027,42.554493,-76.505821,missed_other_seismometer_band,"HHE,HHN,HHZ",
YV,HJO,1999,2003,70.352203,-28.164,has_BH_LH_should_have_worked,"BHE,BHN,BHZ",
YV,NSS,2000,2004,64.530701,11.9673,has_BH_LH_should_have_worked,"BHE,BHN,BHZ",
YW,MSWL3,2023,2026,-32.3933,150.92683,has_BH_LH_should_have_worked,"BHE,BHN,BHZ",
YW,PATM,2001,2005,14.86933,-24.42407,has_BH_LH_should_have_worked,"BHE,BHN,BHZ,LHE,LHN,LHZ",
YW,PJOR,2001,2005,16.984131,-25.19426,has_BH_LH_should_have_worked,"BHE,BHN,BHZ,LHE,LHN,LHZ",
YW,SALA,2001,2005,16.73283,-22.935659,has_BH_LH_should_have_worked,"BHE,BHN,BHZ,LHE,LHN,LHZ",
YY,SN32,2004,2007,59.712399,7.9995,missed_other_seismometer_band,"HHE,HHN,HHZ",
YY,SN34,2004,2007,58.248798,8.1688,missed_other_seismometer_band,"HHE,HHN,HHZ",
Z1,LBSA,2008,2011,-16.540899,179.300201,has_BH_LH_should_have_worked,"BHE,BHN,BHZ,LHE,LHN,LHZ",
Z1,MOAL,2008,2011,-18.566299,179.951599,has_BH_LH_should_have_worked,"BHE,BHN,BHZ,LHE,LHN,LHZ",
Z1,Z01J,2021,2024,-11.10908,24.020639,has_BH_LH_should_have_worked,"LHE,LHN,LHZ",
Z1,Z09L,2022,2024,-11.820822,25.11821,has_BH_LH_should_have_worked,"LHE,LHN,LHZ",
Z1,Z16N,2021,2024,-13.10831,25.87236,has_BH_LH_should_have_worked,"LHE,LHN,LHZ",
Z1,Z21G,2021,2024,-14.29531,26.53437,has_BH_LH_should_have_worked,"LHE,LHN,LHZ",
Z1,Z34S,2021,2024,-17.164391,27.52483,has_BH_LH_should_have_worked,"LHE,LHN,LHZ",
Z4,CP02,2011,2014,-34.586201,-73.293198,no_seismometer_on_station,"HDH,HKO",
Z5,GIMR,2021,2023,3.272,31.501,has_BH_LH_should_have_worked,"BH1,BH2,BHZ,LH1,LH2,LHZ",
Z5,KAGD,2021,2025,1.024,30.662,has_BH_LH_should_have_worked,"BH1,BH2,BHZ,LH1,LH2,LHZ",
Z5,LAMW,2021,2025,3.563,32.743,has_BH_LH_should_have_worked,"BH1,BH2,BHZ,LH1,LH2,LHZ",
Z5,NTGM,2021,2025,-0.832,30.272,has_BH_LH_should_have_worked,"BH1,BH2,BHZ,LH1,LH2,LHZ",
Z6,01,2008,2011,27.766001,149.092804,has_BH_LH_should_have_worked,"BH1,BH2,BHZ",
Z6,BRDL,2011,2016,22.677999,91.642998,missed_other_seismometer_band,"HHE,HHN,HHZ",
Z7,FAG,2012,2015,63.874779,-16.653641,has_BH_LH_should_have_worked,"LHE,LHN,LHZ",
Z9,E07,2011,2015,30.718,-82.0979,has_BH_LH_should_have_worked,"BHE,BHN,BHZ",
ZA,A11,2010,2012,9.1184,-146.218796,missed_other_seismometer_band,"EL1,EL2,ELZ,LL1,LL2,LLZ",
ZA,A20,2010,2012,9.4403,-144.620102,missed_other_seismometer_band,"EL1,EL2,ELZ,LL1,LL2,LLZ",
ZA,B02,2010,2013,11.0639,-145.714005,has_BH_LH_should_have_worked,"BH1,BH2,BHZ",
ZA,B06,2010,2013,9.7074,-147.748093,has_BH_LH_should_have_worked,"BH1,BH2,BHZ",
ZA,B21,2010,2014,7.9484,-147.358002,has_BH_LH_should_have_worked,"BH1,BH2,BHZ",
ZA,B26,2010,2014,7.5382,-144.945801,has_BH_LH_should_have_worked,"BH1,BH2,BHZ",
ZB,B01,2016,2019,14.5593,-92.216599,missed_other_seismometer_band,"HHE,HHN,HHZ",
ZB,N60B,2007,2010,1.63527,99.883049,missed_other_seismometer_band,"HHE,HHN,HHZ",
ZB,PPNG,2006,2009,-1.99397,99.603699,missed_other_seismometer_band,"HHE,HHN,HHZ",
ZC,TIN1,2005,2008,14.9603,145.641205,has_BH_LH_should_have_worked,"BHE,BHN,BHZ,LHE,LHN,LHZ",
ZD,D03,2006,2010,-4.0416,-104.491798,has_BH_LH_should_have_worked,"BH1,BH2,BHZ,LH1,LH2,LHZ",
ZF,B001,2011,2013,-84.374199,170.981598,missed_other_seismometer_band,"CHE,CHN,CHZ",
ZF,HYNE,2006,2010,9.31476,42.096199,has_BH_LH_should_have_worked,"BHE,BHN,BHZ",
ZG,CB34,2009,2013,-14.4346,-67.538803,has_BH_LH_should_have_worked,"BHE,BHN,BHZ,LHE,LHN,LHZ",
ZI,2299,2009,2011,44.351398,-107.611,missed_other_seismometer_band,"DHZ,DLZ,EHZ",
ZI,MB16,2010,2014,29.7026,-9.5269,missed_other_seismometer_band,"HHE,HHN,HHZ",
ZI,MB19,2010,2014,29.741051,-7.979389,missed_other_seismometer_band,"HHE,HHN,HHZ",
ZJ,BEBP,2011,2016,-73.032547,156.869019,has_BH_LH_should_have_worked,"BHE,BHN,BHZ,LHE,LHN,LHZ",
ZJ,DONT,2011,2016,-73.876846,165.12001,has_BH_LH_should_have_worked,"BHE,BHN,BHZ,LHE,LHN,LHZ",
ZJ,RKST,2011,2016,-74.201065,159.001755,has_BH_LH_should_have_worked,"BHE,BHN,BHZ,LHE,LHN,LHZ",
ZL,A01,2009,2016,33.629501,156.598007,has_BH_LH_should_have_worked,"LHE,LHN,LHZ",
ZL,A21,2009,2011,31.995399,160.351196,missed_other_seismometer_band,"EL1,EL2,ELZ,LL1,LL2,LLZ",
ZL,B01,2009,2016,32.136501,158.233002,has_BH_LH_should_have_worked,"LHE,LHN,LHZ",
ZL,B07,2009,2016,33.2645,158.8983,has_BH_LH_should_have_worked,"LHE,LHN,LHZ",
ZL,BARR,2006,2010,-31.6495,-69.415901,has_BH_LH_should_have_worked,"BHE,BHN,BHZ,LHE,LHN,LHZ",
ZL,JYCE,2002,2005,-75.597504,160.9189,has_BH_LH_should_have_worked,"BHE,BHN,BHZ",
ZL,N07A,2011,2013,35.485802,-91.857803,missed_other_seismometer_band,"HHE,HHN,HHZ",
ZM,D21,2004,2007,30.187901,-41.987301,missed_other_seismometer_band,"EL1,EL2,ELZ,LL1,LL2,LLZ",
ZM,N215,2008,2012,-78.904503,59.994301,has_BH_LH_should_have_worked,"BHE,BHN,BHZ,LHE,LHN,LHZ",
ZM,P061,2006,2013,-84.499603,77.223801,has_BH_LH_should_have_worked,"BHE,BHN,BHZ,LHE,LHN,LHZ",
ZM,P080,2006,2010,-82.805397,77.363998,has_BH_LH_should_have_worked,"BHE,BHN,BHZ,LHE,LHN,LHZ",
ZN,DC34,2014,2016,38.8634,-76.985199,missed_other_seismometer_band,"EHE,EHN,EHZ",
ZN,PMNI,2009,2012,-9.7562,149.467102,has_BH_LH_should_have_worked,"BHE,BHN,BHZ",
ZO,A07,2005,2007,69.625099,-49.2952,no_seismometer_on_station,"EPE,EPN,EPZ,LOG",
ZO,HVU2,2006,2008,41.778999,-112.7752,no_seismometer_on_station,"BDF,LOG",
ZP,BKBA,2006,2009,-1.364,31.812,has_BH_LH_should_have_worked,"BHE,BHN,BHZ,LHE,LHN,LHZ",
ZP,GEIT,2006,2009,-2.881,32.216999,has_BH_LH_should_have_worked,"BHE,BHN,BHZ,LHE,LHN,LHZ",
ZP,ISOK,2009,2012,-10.1708,32.645699,has_BH_LH_should_have_worked,"BHE,BHN,BHZ,LHE,LHN,LHZ",
ZP,JNJA,2006,2009,0.446,33.181999,has_BH_LH_should_have_worked,"BHE,BHN,BHZ,LHE,LHN,LHZ",
ZP,KAMZ,2009,2012,-14.7948,24.804399,has_BH_LH_should_have_worked,"BHE,BHN,BHZ,LHE,LHN,LHZ",
ZP,KASM,2009,2012,-10.2174,31.1401,has_BH_LH_should_have_worked,"BHE,BHN,BHZ,LHE,LHN,LHZ",
ZP,KIBO,2006,2009,-3.583,30.712999,has_BH_LH_should_have_worked,"BHE,BHN,BHZ,LHE,LHN,LHZ",
ZP,KISH,2009,2012,-12.0219,29.612301,has_BH_LH_should_have_worked,"BHE,BHN,BHZ,LHE,LHN,LHZ",
ZP,LAEL,2008,2011,-8.566,32.059101,has_BH_LH_should_have_worked,"BHE,BHN,BHZ,LHE,LHN,LHZ",
ZP,MGOR,2008,2011,-6.8279,37.669601,has_BH_LH_should_have_worked,"BHE,BHN,BHZ,LHE,LHN,LHZ",
ZP,MKUS,2009,2012,-13.6035,29.379101,has_BH_LH_should_have_worked,"BHE,BHN,BHZ,LHE,LHN,LHZ",
ZP,MPIK,2009,2012,-11.821,31.4517,has_BH_LH_should_have_worked,"BHE,BHN,BHZ,LHE,LHN,LHZ",
ZP,MWEN,2009,2011,-10.0582,28.7017,has_BH_LH_should_have_worked,"BHE,BHN,BHZ,LHE,LHN,LHZ",
ZP,PNDA,2007,2011,-6.3519,31.0613,has_BH_LH_should_have_worked,"BHE,BHN,BHZ,LHE,LHN,LHZ",
ZQ,159,2000,2004,38.216702,117.391502,has_BH_LH_should_have_worked,"BHE,BHN,BHZ",
ZQ,AAM2,2005,2010,-26.473,27.490999,missed_other_seismometer_band,"HHE,HHN,HHZ",
ZQ,ETIP,2015,2017,58.443645,-133.990631,missed_other_seismometer_band,"HHE,HHN,HHZ",
ZR,N1312,2012,2015,65.628799,13.44193,has_BH_LH_should_have_worked,"LHE,LHN,LHZ",
ZR,N1317,2012,2015,64.797462,16.955721,has_BH_LH_should_have_worked,"LHE,LHN,LHZ",
ZS,W05,2011,2014,39.379101,-71.982002,missed_other_seismometer_band,"EL1,EL2,ELZ,LL1,LL2,LLZ",
ZT,DULL,2016,2021,-25.36478,30.17588,has_BH_LH_should_have_worked,"BHE,BHN,BHZ",
ZU,101,2017,2019,18.84335,-157.61711,missed_other_seismometer_band,"EL1,EL2,ELZ",
ZU,134,2017,2019,21.950873,-154.18751,missed_other_seismometer_band,"EL1,EL2,ELZ",
ZU,214,2017,2019,20.959118,-158.64342,missed_other_seismometer_band,"EL1,EL2,ELZ",
ZU,227,2017,2019,22.674228,-158.1445,missed_other_seismometer_band,"EL1,EL2,ELZ",
ZU,ALB50,2021,2023,31.520683,-86.43978,no_seismometer_on_station,"LFE,LFN,LFZ,LQE,LQN",
ZU,ALD48,2023,2025,30.583397,-88.365967,no_seismometer_on_station,"LFE,LFN,LFZ,LQE,LQN",
ZU,ARV39,2022,2024,35.741458,-93.680646,no_seismometer_on_station,"LFE,LFN,LFZ,LQE,LQN",
ZU,ARY40,2021,2023,33.924108,-93.505624,no_seismometer_on_station,"LFE,LFN,LFZ,LQE,LQN",
ZU,ARY43,2021,2023,33.775818,-91.189773,no_seismometer_on_station,"LFE,LFN,LFZ,LQE,LQN",
ZU,AZB19,2020,2022,32.148583,-109.466373,no_seismometer_on_station,"LFE,LFN,LFZ,LQE,LQN",
ZU,COS28,2020,2022,37.869652,-102.146964,no_seismometer_on_station,"LFE,LFN,LFZ,LQE,LQN",
ZU,E118,2018,2020,46.122799,169.574997,missed_other_seismometer_band,"EL1,EL2,ELZ,LL1,LL2,LLZ",
ZU,FLD53,2021,2023,30.16414,-84.734619,no_seismometer_on_station,"LFE,LFN,LFZ,LQE,LQN",
ZU,GGIL,2012,2015,19.57,-72.220001,has_BH_LH_should_have_worked,"LHE,LHN,LHZ",
ZU,LAB43,2021,2023,31.816204,-91.757171,no_seismometer_on_station,"LFE,LFN,LFZ,LQE,LQN",
ZU,LAD42,2021,2023,30.713307,-92.843487,no_seismometer_on_station,"LFE,LFN,LFZ,LQE,LQN",
ZU,MSB45,2021,2024,31.959723,-90.094485,no_seismometer_on_station,"LFE,LFN,LFZ,LQE,LQN",
ZU,MSW46,2021,2023,34.942353,-88.592052,no_seismometer_on_station,"LFE,LFN,LFZ,LQE,LQN",
ZU,MSY45,2022,2024,33.601275,-89.647607,no_seismometer_on_station,"LFE,LFN,LFZ,LQE,LQN",
ZU,NMA25,2019,2022,32.801077,-105.083331,no_seismometer_on_station,"LFE,LFN,LFZ,LQE,LQN",
ZU,NMV26,2019,2021,35.783683,-103.857885,no_seismometer_on_station,"LFE,LFN,LFZ,LQE,LQN",
ZU,NMW20,2019,2021,35.273922,-108.735317,no_seismometer_on_station,"LFE,LFN,LFZ,LQE,LQN",
ZU,NMX25,2019,2021,34.623024,-104.776556,no_seismometer_on_station,"LFE,LFN,LFZ,LQE,LQN",
ZU,NMY20,2019,2021,33.957069,-108.787672,no_seismometer_on_station,"LFE,LFN,LFZ,LQE,LQN",
ZU,OKU37,2022,2024,36.355606,-95.057238,no_seismometer_on_station,"LFE,LFN,LFZ,LQE,LQN",
ZU,PA69,2006,2008,53.238701,19.841999,missed_other_seismometer_band,"HHE,HHN,HHZ",
ZU,REY18,2022,2024,33.794371,-110.573079,no_seismometer_on_station,"LFE,LFN,LFZ,LQE,LQN",
ZU,TXC24,2020,2022,31.493786,-106.042888,no_seismometer_on_station,"LFE,LFN,LFZ,LQE,LQN",
ZU,TXC31,2020,2022,31.531997,-100.539838,no_seismometer_on_station,"LFE,LFN,LFZ,LQE,LQN",
ZU,TXD38,2023,2025,30.611722,-95.523681,no_seismometer_on_station,"LFE,LFN,LFZ,LQE,LQN",
ZU,TXE30,2020,2022,30.241536,-101.386563,no_seismometer_on_station,"LFE,LFN,LFZ,LQE,LQN",
ZU,TXE33,2023,2025,30.094019,-99.582373,no_seismometer_on_station,"LFE,LFN,LFZ,LQE,LQN",
ZU,TXF37,2023,2025,29.532851,-96.844231,no_seismometer_on_station,"LFE,LFN,LFZ,LQE,LQN",
ZU,TXF39,2022,2024,29.194367,-94.967993,no_seismometer_on_station,"LFE,LFN,LFZ,LQE,LQN",
ZU,TXH36,2023,2025,28.344834,-97.816395,no_seismometer_on_station,"LFE,LFN,LFZ,LQE,LQN",
ZU,TXJ34,2022,2024,27.016254,-99.433312,no_seismometer_on_station,"LFE,LFN,LFZ,LQE,LQN",
ZU,TXK37,2022,2024,26.160578,-97.364209,no_seismometer_on_station,"LFE,LFN,LFZ,LQE,LQN",
ZV,GUNA,2007,2010,35.5835,101.088799,has_BH_LH_should_have_worked,"BHE,BHN,BHZ",
ZV,OBS02,2005,2007,59.468201,-153.401398,missed_other_seismometer_band,"EL1,EL2,ELZ,LL1,LL2,LLZ",
ZV,XWAN,2008,2011,38.452499,102.6717,has_BH_LH_should_have_worked,"BHE,BHN,BHZ",
ZW,AZCF,2013,2015,33.184074,-97.446251,missed_other_seismometer_band,"EHE,EHN,EHZ,HHE,HHN,HHZ,MHE,MHN,MHZ",
ZZ,FWU17,2018,2022,36.2869,-101.0,missed_other_seismometer_band,"CH1,CH2,CHZ",
ZZ,XSJN,2014,2017,18.9669,-66.213501,has_BH_LH_should_have_worked,"LH1,LH2,LHZ",
nan,SABA,1970,2026,17.620501,-63.242599,manifest_defect,,network code is nan/empty
