action,rank,old,new,band,dist_deg,note
REPLACED,60,ID.RPN,II.RPN,LH,0.0006,data confirmed 1988-12-31
REPLACED,86,IM.I52H2,II.DGAR,LH,0.051,data confirmed 2016-01-01
REPLACED,106,4P.RET57,N4.V58A,LH,0.1802,data confirmed 2016-07-01
REPLACED,166,ID.RAR,IU.RAR,LH,0.0005,data confirmed 1993-11-24
REPLACED,180,4P.MTB15,TA.B15A,LH,0.0764,data confirmed 2008-07-01
REPLACED,199,XH.SAR,XH.KUL,BH,0.3083,data confirmed 2003-02-07
REPLACED,206,IM.I07H8,AU.WB2,BH,0.0265,data confirmed 2016-01-01
REPLACED,235,ZU.TXC24,EP.KIDD,LH,0.4827,data confirmed 2020-09-30
REPLACED,236,3E.MEL15,C.LMEL,LH,0.1823,data confirmed 2025-12-31
REPLACED,237,ZU.FLD53,N4.553A,LH,0.263,data confirmed 2022-07-02
REPLACED,269,IM.I51H3,IU.BBSR,LH,0.0305,data confirmed 2016-01-01
REPLACED,355,4P.WAC06,TA.C06A,LH,0.1587,data confirmed 2007-07-02
REPLACED,428,NC.G005,YK.OCW,EH,0.4062,data confirmed 2015-12-31
REPLACED,437,4P.ILM43,TA.M43A,LH,0.2803,data confirmed 2012-07-01
REPLACED,448,3B.EOC03,OK.WILB,HH,0.0577,data confirmed 2021-07-01
REPLACED,468,4P.MNB33,TA.B33A,LH,0.1223,data confirmed 2011-10-01
REPLACED,527,4P.NVM07,XC.NV012,LH,0.2269,data confirmed 2009-05-27
REPLACED,572,4P.WIG42,TA.G42A,LH,0.2334,data confirmed 2012-07-01
REPLACED,627,4P.MTB21,TA.B21A,LH,0.0805,data confirmed 2009-07-01
REPLACED,679,XO.LD42,XO.WD56,LH,0.421,data confirmed 2019-01-01
REPLACED,690,4P.UTO15,US.DUG,LH,0.2251,data confirmed 2011-07-02
DELETED,693,XB.ELYH0,,,,InSight lander on Mars
REPLACED,718,4P.MTG16,TA.G16A,LH,0.135,data confirmed 2008-07-01
REPLACED,728,TF.KHO,TJ.MANEM,HH,0.1055,data confirmed 2026-07-02
REPLACED,733,8L.MG58,CN.MGMB,HH,0.2384,data confirmed 2018-10-01
REPLACED,761,4P.SDH25,X6.DEAD,LH,0.4924,data confirmed 2016-04-19
REPLACED,768,8P.CAW11,CI.GMR,LH,0.3123,data confirmed 2019-07-02
REPLACED,784,ZU.TXF39,4T.EL08,CH,0.3972,data confirmed 2023-07-02
REPLACED,799,4P.TNU48,NM.CLTN,HH,0.1149,data confirmed 2015-07-02
REPLACED,817,4P.OHN52,7A.MUSK,LH,0.2813,data confirmed 2015-04-01
REPLACED,826,Z4.CP02,Z4.CP06,BH,0.0923,data confirmed 2012-12-31
REPLACED,831,4P.MBB03,TA.T39A,LH,0.2822,data confirmed 2012-04-01
REPLACED,842,4P.IDC11,TA.C11A,LH,0.0116,data confirmed 2008-07-01
REPLACED,845,4P.NJL60,TA.O61A,LH,0.1003,data confirmed 2015-04-20
REPLACED,859,EM.GT003,XH.RTS,BH,0.2446,data confirmed 1995-04-20
REPLACED,861,XC.FL006,Z9.E01,BH,0.1059,data confirmed 2014-01-06
REPLACED,878,4P.IAL39,TA.L39A,LH,0.0905,data confirmed 2012-07-01
REPLACED,897,4P.OHM48,TA.N49A,LH,0.2437,data confirmed 2013-07-01
REPLACED,915,4P.MIJ45,TA.J45A,LH,0.3051,data confirmed 2013-07-01
REPLACED,919,4P.TNT53,ET.CCNC,EH,0.3681,data confirmed 2015-07-02
REPLACED,977,NM.SCMO,TA.Q42A,LH,0.1722,data confirmed 2012-04-01
REPLACED,1072,4P.VAQ55,TA.S56A,LH,0.281,data confirmed 2015-04-20
REPLACED,1086,8P.CAV08,CI.ISA,LH,0.262,data confirmed 2020-07-01
REPLACED,1118,4P.WII40,TA.I40A,LH,0.0362,data confirmed 2012-04-01
REPLACED,1129,XE.SP18,XC.NB08,HH,0.1398,data confirmed 2002-05-27
REPLACED,1157,7P.PC53,TX.PB07,HH,0.1198,data confirmed 2020-01-01
REPLACED,1160,9G.SA015,Y5.CLA,BH,0.4745,data confirmed 2009-07-01
REPLACED,1165,9G.AB317,Y5.MHB,BH,0.478,data confirmed 2009-09-12
REPLACED,1166,ID.ERM,II.ERM,LH,0.0008,data confirmed 1991-10-01
REPLACED,1179,ZU.MSB45,US.VBMS,LH,0.4422,data confirmed 2023-01-01
REPLACED,1227,ZU.ALB50,N4.250A,LH,0.48,data confirmed 2022-07-02
REPLACED,1248,4P.WIF39,TA.F39A,LH,0.1474,data confirmed 2012-04-01
REPLACED,1253,4P.ALY50,TA.Z50A,LH,0.1468,data confirmed 2014-04-20
REPLACED,1259,4P.MTE22,US.LAO,LH,0.122,data confirmed 2018-07-02
REPLACED,1292,4P.NCT60,N4.V61A,LH,0.4179,data confirmed 2016-07-01
REPLACED,1301,NP.7210,US.MSO,LH,0.0711,data confirmed 2024-07-01
REPLACED,1304,ZU.ARY40,AG.WLAR,HH,0.4034,data confirmed 2022-07-02
REPLACED,1313,4P.UTN19,UU.RDMU,HH,0.4832,data confirmed 2011-07-02
REPLACED,1318,4P.KSQ35,US.KSU1,LH,0.0139,data confirmed 2013-07-01
REPLACED,1338,4P.MTB18,TA.B18A,LH,0.0516,data confirmed 2009-07-01
REPLACED,1372,4P.NHC60,N4.G62A,LH,0.4644,data confirmed 2017-07-01
REPLACED,1380,4P.UTQ13,UU.PSUT,HH,0.3495,data confirmed 2011-07-02
REPLACED,1391,XY.BONG,XY.INDI,BH,0.3107,data confirmed 2000-07-01
REPLACED,1410,4P.UTQ17,UU.CVRU,HH,0.2327,data confirmed 2011-07-02
REPLACED,1439,4P.WYK20,TA.K20A,LH,0.2297,data confirmed 2009-07-01
REPLACED,1450,GS.OK006,OK.OKCFA,HH,0.1543,data confirmed 2012-01-01
REPLACED,1454,ZU.REY18,AE.TONTO,HH,0.3896,data confirmed 2023-07-02
REPLACED,1470,ZO.HVU2,UU.HVU,HH,0.0007,data confirmed 2007-07-02
REPLACED,1487,4P.KSR37,TA.R37A,LH,0.0712,data confirmed 2012-01-03
REPLACED,1495,4P.NEN28,US.OGNE,LH,0.3335,data confirmed 2018-07-02
REPLACED,1503,4P.MNF34,TA.F34A,LH,0.1976,data confirmed 2012-07-01
REPLACED,1504,ID.ALE,II.ALE,LH,0.0208,data confirmed 1995-05-26
REPLACED,1508,4P.NVM10,XC.NV009,LH,0.4123,data confirmed 2009-04-20
REPLACED,1509,4P.MIE44,TA.F44A,LH,0.448,data confirmed 2012-07-01
REPLACED,1530,ZU.TXE33,US.JCT,LH,0.4296,data confirmed 2024-07-01
REPLACED,1534,9G.BC009,TA.A10A,LH,0.3159,data confirmed 2008-04-19
REPLACED,1565,YB.SM05,YB.BB10,HH,0.2833,data confirmed 2023-07-02
REPLACED,1577,ZU.LAD42,N4.441B,LH,0.2999,data confirmed 2022-07-02
REPLACED,1586,XO.WD72,XO.WS72,LH,0.0,data confirmed 2019-01-01
REPLACED,1613,ZU.NMA25,SC.DAG,HH,0.3908,data confirmed 2022-08-07
REPLACED,1634,IM.CY301,IM.CY302,EH,0.0094,data confirmed 2021-04-19
REPLACED,1642,NV.BACME,NV.NCBC,MH,0.137,data confirmed 2022-07-02
REPLACED,1662,4P.NYG58,TA.J59A,LH,0.2792,data confirmed 2015-04-20
REPLACED,1677,JM.NMIA0,JM.YHJB,HH,0.4613,data confirmed 2015-07-02
REPLACED,1689,4P.MOO36,TA.O36A,LH,0.234,data confirmed 2012-01-04
REPLACED,1703,8P.CAX09,CI.VTV,LH,0.2275,data confirmed 2019-07-02
REPLACED,1741,ZU.TXF37,TX.MLDN,HH,0.349,data confirmed 2024-07-01
REPLACED,1743,4P.NYJ61,TA.N63A,LH,0.2724,data confirmed 2015-04-20
REPLACED,1746,OW.PHRD,CN.PHC,HH,0.0518,data confirmed 2021-12-31
REPLACED,1753,4P.MIK47,N4.L48A,LH,0.3519,data confirmed 2014-09-12
REPLACED,1779,8P.CAU10,SN.AMD,EH,0.2039,data confirmed 2019-07-02
REPLACED,1783,4P.SCX58,TA.Z58A,LH,0.1768,data confirmed 2014-10-01
REPLACED,1800,4P.IDI11,TA.I11A,LH,0.0062,data confirmed 2007-07-02
REPLACED,1814,4P.GAW50,ET.FPAL,HH,0.2453,data confirmed 2015-07-02
REPLACED,1832,4P.UTO17,UU.BSUT,HH,0.1775,data confirmed 2012-10-10
REPLACED,1849,4P.MTB13,TA.B13A,LH,0.0091,data confirmed 2008-07-01
REPLACED,1850,4P.MII47,TA.J48A,LH,0.3291,data confirmed 2013-07-01
REPLACED,1859,4P.KYS51,XO.KH56,LH,0.3832,data confirmed 2015-07-02
REPLACED,1871,4P.IAJ36,TA.J36A,LH,0.0655,data confirmed 2012-07-01
REPLACED,1885,4P.WVO55,TA.Q56A,LH,0.1523,data confirmed 2015-04-20
REPLACED,1891,ZU.MSY45,N4.Y45B,LH,0.2782,data confirmed 2023-07-02
REPLACED,1894,4P.WAC09,TA.C09A,LH,0.0539,data confirmed 2007-07-02
REPLACED,1895,XF.DN3W,XF.DN3C,BH,0.037,data confirmed 1995-12-13
REPLACED,1902,4P.NEL31,N4.K31B,LH,0.4432,data confirmed 2017-10-01
REPLACED,1915,4P.IAL41,TA.L41A,LH,0.1435,data confirmed 2012-07-01
REPLACED,1924,9G.AB717,Y5.RW2,BH,0.4161,data confirmed 2011-04-01
REPLACED,1939,ZU.OKU37,OK.RLO2,HH,0.1891,data confirmed 2023-07-02
REPLACED,1946,4P.MTG18,TA.G18A,LH,0.0336,data confirmed 2009-07-01
REPLACED,1966,4P.MIE41,TA.E41A,LH,0.3243,data confirmed 2012-07-01
