orig_network,orig_station,orig_lat,orig_lon,y0,y1,new_network,new_station,new_lat,new_lon,band,rate,instr,dist_km,dist_deg,data_samples,data_day,reject_reason
4P,COO21,40.255679,-107.442303,2010,2012,TA,O20A,40.1348,-108.2416,LH,1.0,H,69.4,0.6224,259203,2011-07-02,"0.62 deg away, beyond the 0.5 deg threshold"
3R,E05,16.130194,-92.996735,2021,2023,MX,CCIG,16.281799,-92.136803,BH,20.0,H,93.5,0.8396,5170710,2022-07-02,"0.84 deg away, beyond the 0.5 deg threshold"
4P,COP26,39.709203,-103.653028,2017,2019,XU,ORC1,40.364,-104.1483,EH,100.0,H,84.1,0.7567,25920000,2018-07-02,"0.76 deg away, beyond the 0.5 deg threshold"
4P,MAH64,41.746854,-70.019214,2016,2018,TA,M65A,41.562,-70.6466,LH,1.0,H,56.1,0.5039,259203,2017-07-01,"0.50 deg away, beyond the 0.5 deg threshold"
4P,MED63,44.041383,-69.098008,2016,2018,NE,WVL,44.5646,-69.6617,LH,1.0,H,73.5,0.6607,259200,2017-07-01,"0.66 deg away, beyond the 0.5 deg threshold"
4P,MIC41,47.432262,-87.76179,2011,2013,TA,D41A,47.060501,-88.565697,LH,1.0,H,73.6,0.6603,259203,2012-07-01,"0.66 deg away, beyond the 0.5 deg threshold"
4P,MNB36,48.27194,-92.709114,2011,2013,TA,C36A,47.757999,-92.837799,LH,1.0,H,57.9,0.5211,259201,2012-07-01,"0.52 deg away, beyond the 0.5 deg threshold"
4P,NDE32,46.516699,-97.103976,2016,2018,N4,D32B,47.135502,-97.016403,LH,1.0,H,69.1,0.6217,259203,2017-07-01,"0.62 deg away, beyond the 0.5 deg threshold"
4P,NDD30,47.258204,-98.844029,2016,2018,TA,MDND,47.848099,-99.602898,LH,1.0,H,87.0,0.7812,259203,2017-07-01,"0.78 deg away, beyond the 0.5 deg threshold"
4P,NEK29,42.886919,-100.444528,2017,2019,N4,K30B,42.6742,-99.6131,LH,1.0,H,72.0,0.6462,259203,2018-07-02,"0.65 deg away, beyond the 0.5 deg threshold"
4P,NEL26,42.209447,-103.106243,2017,2019,US,OGNE,40.9451,-102.033,LH,1.0,H,166.5,1.4977,259203,2018-07-02,"1.50 deg away, beyond the 0.5 deg threshold"
4P,NDB29,48.587595,-99.198715,2016,2018,N4,MDND,47.8481,-99.6029,LH,1.0,H,87.5,0.787,259203,2018-09-12,"0.79 deg away, beyond the 0.5 deg threshold"
4P,NDC26,47.845129,-102.105529,2017,2019,C8,SV4S,49.0866,-103.074,HH,100.0,H,155.5,1.3977,25920003,2018-07-02,"1.40 deg away, beyond the 0.5 deg threshold"
4P,NEN31,40.92382,-99.273701,2017,2019,GS,NE02,41.353303,-100.091557,LH,1.0,H,83.6,0.7509,259200,2019-04-01,"0.75 deg away, beyond the 0.5 deg threshold"
4P,SDG32,45.250353,-97.284757,2016,2018,N4,F33B,45.8398,-96.2929,LH,1.0,H,101.4,0.911,259203,2017-07-01,"0.91 deg away, beyond the 0.5 deg threshold"
4P,SDJ31,43.472086,-98.696039,2017,2019,N4,K31B,42.622898,-98.7547,LH,1.0,H,94.5,0.8503,259203,2017-10-01,"0.85 deg away, beyond the 0.5 deg threshold"
4P,TTL24,42.327362,-104.79123,2017,2019,IW,PHWY,41.3016,-105.4577,LH,1.0,H,126.7,1.1397,259200,2018-07-02,"1.14 deg away, beyond the 0.5 deg threshold"
4P,SDJ26,43.564262,-103.105346,2017,2019,2F,TB032,44.338612,-103.450783,HH,100.0,H,90.4,0.8133,25920003,2018-07-02,"0.81 deg away, beyond the 0.5 deg threshold"
4P,SDI28,44.125693,-101.231956,2016,2018,2F,TB037,44.418335,-102.954288,HH,100.0,H,141.3,1.2675,25920003,2018-04-01,"1.27 deg away, beyond the 0.5 deg threshold"
4P,WYM22,41.451249,-106.557096,2017,2019,IW,RWWY,41.6889,-107.2102,LH,1.0,H,60.5,0.5433,259200,2018-07-02,"0.54 deg away, beyond the 0.5 deg threshold"
4P,WYJ23,43.415405,-105.625944,2017,2019,2F,TB013,43.954294,-105.765629,HH,100.0,H,60.9,0.5483,25920003,2018-07-02,"0.55 deg away, beyond the 0.5 deg threshold"
8P,AZV14,35.488803,-113.39142,2020,2022,AE,W13A,35.097382,-113.894318,HH,100.0,H,63.1,0.5672,25919599,2021-07-01,"0.57 deg away, beyond the 0.5 deg threshold"
9G,BC410,50.82,-117.184998,2008,2010,CN,SLEB,51.1685,-118.1326,BH,40.0,H,77.0,0.6908,10368003,2010-04-01,"0.69 deg away, beyond the 0.5 deg threshold"
7S,RR06,40.37447,-125.21833,2023,2026,PB,B046,40.321972,-124.284302,LH,1.0,H,79.6,0.7138,259200,2024-12-31,"0.71 deg away, beyond the 0.5 deg threshold"
9G,SA235,52.112999,-110.266998,2009,2011,Y5,CZA,52.490002,-110.860001,BH,20.0,H,58.3,0.5231,5184003,2009-10-01,"0.52 deg away, beyond the 0.5 deg threshold"
9G,SA155,51.318001,-112.188004,2008,2010,Y5,LYA,51.16,-113.470001,BH,20.0,H,91.2,0.818,5184003,2008-04-19,"0.82 deg away, beyond the 0.5 deg threshold"
AP,PVFF,33.39,-112.86,2016,2026,AE,Y14A,33.938301,-113.004799,HH,100.0,H,62.3,0.5614,25919801,2021-07-01,"0.56 deg away, beyond the 0.5 deg threshold"
EM,PA765,-31.674999,-64.141998,2000,2002,YC,PICH,-30.907492,-65.186806,BH,40.0,H,130.9,1.1774,10368000,2002-04-01,"1.18 deg away, beyond the 0.5 deg threshold"
EM,TS414,43.696999,75.765999,1998,2000,KN,TKM2,42.920799,75.596603,LH,1.0,H,87.3,0.7859,259203,1999-07-02,"0.79 deg away, beyond the 0.5 deg threshold"
EM,PA834,-31.716999,-61.580002,2002,2004,YC,PICH,-30.907492,-65.186806,BH,40.0,H,354.9,3.1858,10368000,2002-04-20,"3.19 deg away, beyond the 0.5 deg threshold"
EM,TB750,28.705,92.186996,2000,2002,XA,BUMT,27.547701,90.766403,BH,50.0,H,189.5,1.7055,12959900,2002-09-12,"1.71 deg away, beyond the 0.5 deg threshold"
GS,KS24,39.78655,-98.20952,2016,2018,N4,N33B,40.737099,-97.451103,LH,1.0,H,123.7,1.1129,259202,2017-07-01,"1.11 deg away, beyond the 0.5 deg threshold"
IM,H10S2,-8.9591,-14.64531,2013,2018,II,ASCN,-7.9327,-14.3601,LH,1.0,H,117.8,1.0645,432000,2016-01-01,"1.06 deg away, beyond the 0.5 deg threshold"
EM,PA970,-34.130001,-65.107002,2003,2005,G,PEL,-33.143607,-70.67494,LH,1.0,H,528.0,4.7388,259200,2004-07-01,"4.74 deg away, beyond the 0.5 deg threshold"
IM,I04H3,-34.607571,116.351547,2013,2018,AU,RKGY,-34.6094,116.9773,SH,40.0,H,57.4,0.515,10368000,2016-01-01,"0.52 deg away, beyond the 0.5 deg threshold"
IM,WK30,19.4104,165.855698,1999,2001,IU,WAKE,19.2834,166.652,LH,1.0,H,84.8,0.762,777600,2000-07-01,"0.76 deg away, beyond the 0.5 deg threshold"
IM,H01W2,-34.897079,114.134033,2013,2018,AU,RKGY,-34.6094,116.9773,SH,40.0,H,262.3,2.3536,10368000,2016-01-01,"2.35 deg away, beyond the 0.5 deg threshold"
IM,WK31,17.9275,167.499298,1999,2001,IU,WAKE,19.2834,166.652,LH,1.0,H,174.7,1.5758,777600,2000-07-01,"1.58 deg away, beyond the 0.5 deg threshold"
MH,P0007,-13.51175,-176.492667,2017,2019,IU,AFI,-13.90853,-171.78265,LH,1.0,H,511.4,4.5929,518400,2017-10-01,"4.59 deg away, beyond the 0.5 deg threshold"
MH,P0006,-14.433683,-179.48985,2017,2026,OI,FNUL,-16.477444,179.370472,LH,1.0,H,257.1,2.3202,259203,2024-07-01,"2.32 deg away, beyond the 0.5 deg threshold"
MH,P0016,-9.0,-138.39755,2017,2025,XE,WW04,-7.0385,-135.62722,BH,50.0,H,374.6,3.3722,12960000,2019-04-02,"3.37 deg away, beyond the 0.5 deg threshold"
NQ,SANFE,35.619492,-105.887451,2018,2021,GS,ANMX,34.945902,-106.457038,LH,1.0,H,90.9,0.8185,259200,2020-01-01,"0.82 deg away, beyond the 0.5 deg threshold"
IM,I18H7,77.47177,-69.27995,1970,2026,DK,TULEG,76.537399,-68.8237,LH,1.0,H,104.9,0.94,259202,2012-09-30,"0.94 deg away, beyond the 0.5 deg threshold"
QC,00877,-43.489498,172.565002,2012,2014,NZ,RPZ,-43.714608,171.053865,LH,1.0,H,124.5,1.1172,259200,2013-07-01,"1.12 deg away, beyond the 0.5 deg threshold"
PS,GTC1,31.4007,140.917297,1970,2026,JP,JSG,34.67767,138.182999,BH,20.0,H,444.2,3.9986,5184003,2021-04-19,"4.00 deg away, beyond the 0.5 deg threshold"
XC,FL014,27.189183,-82.290182,2014,2016,IU,DWPF,28.1103,-81.4327,LH,1.0,H,132.6,1.1939,518400,2015-07-02,"1.19 deg away, beyond the 0.5 deg threshold"
XB,ELYH0,4.502384,135.623447,2017,2019,XB,ELYSE,4.502384,135.623447,MH,2.0,H,0.0,0.0,864000,2019-04-01,"original is on Mars (InSight) -- delete, do not replace"
XC,FL022,25.430755,-80.568892,2014,2016,N4,061Z,25.8657,-80.907,LH,1.0,H,58.9,0.5311,259203,2015-07-02,"0.53 deg away, beyond the 0.5 deg threshold"
XF,ET14,37.737228,15.061717,2016,2018,MN,CEL,38.2603,15.8939,LH,1.0,H,93.3,0.8388,259200,2017-07-01,"0.84 deg away, beyond the 0.5 deg threshold"
ZO,A07,69.625099,-49.2952,2005,2007,X3,JAKO,69.128098,-49.721199,SL,20.0,L,57.9,0.5192,5184002,2007-09-12,low-gain seismometer (SL)
XV,EH,9.058173,-79.664642,1996,1999,G,HDC,10.00201,-84.11142,LH,1.0,H,499.3,4.4857,259200,1997-12-31,"4.49 deg away, beyond the 0.5 deg threshold"
ZU,ALD48,30.583397,-88.365967,2023,2025,N4,346B,31.3876,-89.4649,LH,1.0,H,137.7,1.2387,259200,2024-07-01,"1.24 deg away, beyond the 0.5 deg threshold"
ZU,ARV39,35.741458,-93.680646,2022,2024,AG,HHAR,36.282,-93.94,HH,100.0,H,64.4,0.5798,25919042,2023-07-02,"0.58 deg away, beyond the 0.5 deg threshold"
ZU,COS28,37.869652,-102.146964,2020,2022,C0,LAMA,38.273002,-102.645293,LH,1.0,H,62.6,0.5627,259200,2021-07-01,"0.56 deg away, beyond the 0.5 deg threshold"
ZU,ARY43,33.775818,-91.189773,2021,2023,AG,CCAR,33.917,-91.772,HH,100.0,H,56.1,0.5037,25920003,2022-07-02,"0.50 deg away, beyond the 0.5 deg threshold"
ZU,AZB19,32.148583,-109.466373,2020,2022,AE,DUN6,32.553799,-109.090103,HH,100.0,H,57.2,0.515,25913034,2021-07-01,"0.52 deg away, beyond the 0.5 deg threshold"
ZU,LAB43,31.816204,-91.757171,2021,2023,N4,143B,32.7032,-91.4036,LH,1.0,H,103.8,0.936,259203,2022-07-02,"0.94 deg away, beyond the 0.5 deg threshold"
ZU,NMY20,33.957069,-108.787672,2019,2021,AE,HANNA,33.63636,-109.32029,HH,100.0,H,60.8,0.5466,25873197,2019-10-01,"0.55 deg away, beyond the 0.5 deg threshold"
ZU,NMV26,35.783683,-103.857885,2019,2021,TX,RTBA,36.43795,-102.73743,HH,200.0,H,124.3,1.1169,51840003,2020-07-01,"1.12 deg away, beyond the 0.5 deg threshold"
ZU,TXD38,30.611722,-95.523681,2023,2025,IU,HKT,29.96478,-95.83812,LH,1.0,H,77.8,0.7016,518400,2024-07-01,"0.70 deg away, beyond the 0.5 deg threshold"
ZU,NMX25,34.623024,-104.776556,2019,2021,GS,ASA6,34.943617,-106.456733,LH,1.0,H,157.8,1.4167,259203,2020-07-01,"1.42 deg away, beyond the 0.5 deg threshold"
ZU,TXC31,31.531997,-100.539838,2020,2022,TX,SGCY,31.91436,-101.12639,HH,200.0,H,69.9,0.6286,51840003,2021-07-01,"0.63 deg away, beyond the 0.5 deg threshold"
ZU,TXE30,30.241536,-101.386563,2020,2022,TX,SAND,29.95471,-102.12331,HH,200.0,H,77.8,0.699,51840003,2021-07-01,"0.70 deg away, beyond the 0.5 deg threshold"
PB,GUAX,28.88406,-118.28968,2015,2024,BC,CCX,31.867887,-116.66446,HH,100.0,H,365.8,3.2967,25786920,2020-01-01,"3.30 deg away, beyond the 0.5 deg threshold"
ZU,TXJ34,27.016254,-99.433312,2022,2024,TX,HBVL,27.064992,-98.669634,HH,200.0,H,76.0,0.6819,51840003,2023-07-02,"0.68 deg away, beyond the 0.5 deg threshold"
ZU,TXK37,26.160578,-97.364209,2022,2024,4T,FMR3,26.580821,-98.541353,HH,200.0,H,126.4,1.1353,50556875,2023-07-02,"1.14 deg away, beyond the 0.5 deg threshold"
