orig_network,orig_station,orig_lat,orig_lon,y0,y1,new_network,new_station,new_lat,new_lon,band,rate,instr,dist_km,dist_deg,data_samples,data_day
3E,MEL15,-34.017221,-70.126983,2024,2027,C,LMEL,-33.8476,-70.2075,LH,1.0,H,20.2,0.1823,259200,2025-12-31
4P,ALY50,33.397383,-85.88498,2014,2016,TA,Z50A,33.254002,-85.9226,LH,1.0,H,16.3,0.1468,259203,2014-04-20
3B,EOC03,34.914823,-95.331186,2020,2022,OK,WILB,34.9488,-95.3881,HH,100.0,H,6.4,0.0577,25920003,2021-07-01
4P,IAJ36,43.310219,-94.425679,2011,2013,TA,J36A,43.329201,-94.3395,LH,1.0,H,7.3,0.0655,259203,2012-07-01
4P,IAL41,41.951988,-90.398566,2011,2013,TA,L41A,42.0751,-90.497704,LH,1.0,H,16.0,0.1435,259201,2012-07-01
4P,IAL39,42.093177,-92.115706,2011,2013,TA,L39A,42.123402,-92.000702,LH,1.0,H,10.1,0.0905,259203,2012-07-01
4P,IDC11,47.839025,-116.273,2007,2009,TA,C11A,47.839699,-116.255699,LH,1.0,H,1.3,0.0116,259201,2008-07-01
4P,IDI11,43.917462,-115.962003,2006,2008,TA,I11A,43.912102,-115.957802,LH,1.0,H,0.7,0.0062,259202,2007-07-02
4P,GAW50,34.688985,-85.374215,2014,2016,ET,FPAL,34.54,-85.611,HH,100.0,H,27.3,0.2453,25830934,2015-07-02
4P,KSQ35,39.102871,-96.591728,2012,2014,US,KSU1,39.1009,-96.6094,LH,1.0,H,1.5,0.0139,518406,2013-07-01
4P,ILM43,41.206753,-88.744317,2011,2013,TA,M43A,41.436501,-88.958099,LH,1.0,H,31.2,0.2803,259203,2012-07-01
4P,MIE41,46.278794,-88.577997,2011,2013,TA,E41A,46.464298,-88.9636,LH,1.0,H,36.1,0.3243,259202,2012-07-01
4P,MBB03,37.028999,-93.024002,2007,2013,TA,T39A,37.024101,-93.377403,LH,1.0,H,31.5,0.2822,259203,2012-04-01
4P,KYS51,37.003046,-83.670698,2014,2016,XO,KH56,37.3148,-83.950203,LH,1.0,H,42.6,0.3832,259200,2015-07-02
4P,MIE44,46.163002,-85.837399,2011,2013,TA,F44A,45.973701,-86.4226,LH,1.0,H,49.9,0.448,259203,2012-07-01
4P,MIJ45,43.140395,-86.281774,2012,2014,TA,J45A,43.435398,-86.388901,LH,1.0,H,33.9,0.3051,259202,2013-07-01
4P,MII47,43.453601,-84.18429,2012,2014,TA,J48A,43.298599,-83.784897,LH,1.0,H,36.7,0.3291,259202,2013-07-01
4P,MTB13,48.3728,-114.454,2007,2009,TA,B13A,48.373901,-114.467598,LH,1.0,H,1.0,0.0091,259203,2008-07-01
4P,MNB33,48.381253,-95.504593,2011,2013,TA,B33A,48.272202,-95.587997,LH,1.0,H,13.6,0.1223,259202,2011-10-01
4P,MNF34,45.984562,-95.175876,2011,2013,TA,F34A,45.795399,-95.258102,LH,1.0,H,22.0,0.1976,259203,2012-07-01
4P,MTB15,48.3131,-112.447,2007,2009,TA,B15A,48.312901,-112.561897,LH,1.0,H,8.5,0.0764,259201,2008-07-01
4P,MIK47,42.168608,-84.79754,2012,2014,N4,L48A,41.943802,-84.432899,LH,1.0,H,39.2,0.3519,259203,2014-09-12
4P,MTB18,48.4444,-109.796,2008,2010,TA,B18A,48.394299,-109.777496,LH,1.0,H,5.7,0.0516,259203,2009-07-01
4P,MTE22,46.618758,-106.077252,2017,2019,US,LAO,46.6885,-106.2231,LH,1.0,H,13.6,0.122,259203,2018-07-02
4P,MTB21,48.3517,-107.056,2008,2010,TA,B21A,48.427799,-107.016602,LH,1.0,H,9.0,0.0805,259203,2009-07-01
4P,MTG16,45.24855,-111.615,2007,2009,TA,G16A,45.2285,-111.804604,LH,1.0,H,15.1,0.135,259203,2008-07-01
4P,MTG18,45.3061,-109.518,2008,2010,TA,G18A,45.317101,-109.563103,LH,1.0,H,3.7,0.0336,259203,2009-07-01
4P,NEL31,42.189154,-98.878054,2017,2019,N4,K31B,42.622898,-98.7547,LH,1.0,H,49.2,0.4432,259203,2017-10-01
4P,NEN28,41.055641,-101.616032,2017,2019,US,OGNE,40.9451,-102.033,LH,1.0,H,37.2,0.3335,259203,2018-07-02
4P,NHC60,45.156504,-71.184871,2016,2018,N4,G62A,45.2186,-70.5319,LH,1.0,H,51.8,0.4644,259203,2017-07-01
4P,NJL60,40.068568,-74.426009,2015,2017,TA,O61A,40.093399,-74.553001,LH,1.0,H,11.2,0.1003,259202,2015-04-20
4P,OHM48,40.798366,-84.460195,2012,2014,TA,N49A,40.922001,-84.182503,LH,1.0,H,27.1,0.2437,259202,2013-07-01
4P,NVM07,41.388492,-119.171245,2009,2012,XC,NV012,41.615398,-119.171097,LH,1.0,H,25.2,0.2269,259200,2009-05-27
4P,NVM10,41.4667,-116.592,2009,2011,XC,NV009,41.827202,-116.324303,LH,1.0,H,45.8,0.4123,259200,2009-04-20
4P,NYG58,43.271217,-74.22728,2015,2017,TA,J59A,43.464699,-74.504097,LH,1.0,H,31.1,0.2792,259203,2015-04-20
4P,NYJ61,40.918588,-72.869379,2015,2017,TA,N63A,40.987801,-72.520599,LH,1.0,H,30.4,0.2724,259202,2015-04-20
4P,RET57,35.807823,-79.336545,2015,2017,N4,V58A,35.794,-79.115,LH,1.0,H,20.1,0.1802,259202,2016-07-01
4P,OHN52,39.887555,-81.399164,2013,2015,7A,MUSK,39.997601,-81.736801,LH,1.0,H,31.3,0.2813,259200,2015-04-01
4P,SCX58,33.276455,-79.613258,2014,2016,TA,Z58A,33.3349,-79.812897,LH,1.0,H,19.7,0.1768,259203,2014-10-01
4P,NCT60,35.472862,-76.910764,2015,2017,N4,V61A,35.7912,-76.5776,LH,1.0,H,46.5,0.4179,259203,2016-07-01
4P,SDH25,44.873759,-103.702928,2016,2018,X6,DEAD,44.382702,-103.753197,LH,1.0,H,54.7,0.4924,49154,2016-04-19
4P,UTO15,40.125864,-112.533033,2010,2012,US,DUG,40.195,-112.8133,LH,1.0,H,25.1,0.2251,259202,2011-07-02
4P,TNU48,36.020782,-86.443872,2014,2016,NM,CLTN,36.09115,-86.3315,HH,100.0,H,12.8,0.1149,25834420,2015-07-02
4P,UTN19,40.900575,-109.103315,2010,2012,UU,RDMU,40.5708,-109.5695,HH,100.0,H,53.8,0.4832,25613763,2011-07-02
4P,TNT53,36.174247,-82.298692,2014,2016,ET,CCNC,36.023,-82.714,EH,100.0,H,41.0,0.3681,25831872,2015-07-02
4P,WAC06,47.88108,-120.666119,2006,2008,TA,C06A,47.923,-120.894402,LH,1.0,H,17.7,0.1587,259202,2007-07-02
4P,UTQ17,39.008854,-110.896235,2010,2012,UU,CVRU,38.9176,-111.1716,HH,100.0,H,25.9,0.2327,167319,2011-07-02
4P,UTQ13,38.853336,-114.035881,2010,2012,UU,PSUT,38.5337,-113.8547,HH,100.0,H,38.8,0.3495,25908585,2011-07-02
4P,WIG42,45.046331,-88.246908,2011,2013,TA,G42A,45.241798,-88.427696,LH,1.0,H,26.0,0.2334,259203,2012-07-01
4P,VAQ55,37.882941,-79.808136,2015,2017,TA,S56A,37.677101,-79.5662,LH,1.0,H,31.2,0.281,259202,2015-04-20
4P,WIF39,45.842041,-90.735261,2010,2012,TA,F39A,45.915298,-90.918999,LH,1.0,H,16.4,0.1474,259201,2012-04-01
4P,WYK20,42.6972,-108.034,2008,2010,TA,K20A,42.657902,-108.341797,LH,1.0,H,25.6,0.2297,259202,2009-07-01
4P,WII40,43.855541,-90.613957,2010,2012,TA,I40A,43.891602,-90.617699,LH,1.0,H,4.0,0.0362,259203,2012-04-01
4P,WAC09,47.8214,-118.2,2006,2008,TA,C09A,47.800598,-118.274101,LH,1.0,H,6.0,0.0539,259201,2007-07-02
4P,WVO55,39.129289,-79.346076,2015,2017,TA,Q56A,39.0401,-79.187103,LH,1.0,H,16.9,0.1523,259201,2015-04-20
8L,MG58,50.64865,-123.03358,2018,2020,CN,MGMB,50.6279,-123.4081,HH,100.0,H,26.6,0.2384,25920003,2018-10-01
7P,PC53,31.4616,-103.6937,2018,2021,TX,PB07,31.57935,-103.66793,HH,100.0,H,13.3,0.1198,25920003,2020-01-01
8P,CAU10,36.299895,-116.449604,2018,2020,SN,AMD,36.4526,-116.2818,EH,100.0,H,22.7,0.2039,25920003,2019-07-02
9G,AB717,52.945999,-111.913002,2009,2011,Y5,RW2,53.349701,-111.745201,BH,20.0,H,46.3,0.4161,12960003,2011-04-01
9G,BC009,49.287998,-117.674004,2008,2010,TA,A10A,48.9813,-117.558601,LH,1.0,H,35.1,0.3159,259203,2008-04-19
9G,AB317,50.155998,-110.862,2007,2009,Y5,MHB,50.32,-110.160004,BH,20.0,H,53.3,0.478,5184003,2009-09-12
9G,SA015,50.222,-114.181999,2008,2010,Y5,CLA,50.009998,-113.519997,BH,20.0,H,52.9,0.4745,5184003,2009-07-01
8P,CAW11,35.088283,-115.571401,2018,2020,CI,GMR,34.78457,-115.65994,LH,1.0,H,34.7,0.3123,259200,2019-07-02
EM,GT003,39.9039,-115.874603,1995,1997,XH,RTS,39.668098,-115.790001,BH,25.0,H,27.2,0.2446,997596,1995-04-20
ID,ERM,42.0158,143.157196,1979,1995,II,ERM,42.015,143.1572,LH,1.0,H,0.1,0.0008,259203,1991-10-01
8P,CAX09,34.385515,-117.15355,2018,2020,CI,VTV,34.56065,-117.3296,LH,1.0,H,25.3,0.2275,259200,2019-07-02
ID,ALE,82.483597,-62.400002,1981,1996,II,ALE,82.5033,-62.35,LH,1.0,H,2.3,0.0208,259203,1995-05-26
ID,RPN,-27.1273,-109.334396,1986,1991,II,RPN,-27.1267,-109.3344,LH,1.0,H,0.1,0.0006,258959,1988-12-31
GS,OK006,35.477982,-97.278709,2009,2012,OK,OKCFA,35.41531,-97.45177,HH,100.0,H,17.2,0.1543,25920003,2012-01-01
8P,CAV08,35.695485,-118.154066,2019,2021,CI,ISA,35.66278,-118.47403,LH,1.0,H,29.2,0.262,259200,2020-07-01
ID,RAR,-21.212999,-159.7733,1975,1995,IU,RAR,-21.2125,-159.7733,LH,1.0,H,0.1,0.0005,518400,1993-11-24
IM,I07H8,-19.943291,134.322906,2013,2018,AU,WB2,-19.942753,134.35112,BH,40.0,H,3.0,0.0265,10344003,2016-01-01
IM,I51H3,32.34124,-64.70222,2013,2018,IU,BBSR,32.371299,-64.696299,LH,1.0,H,3.4,0.0305,518400,2016-01-01
IM,I52H2,-7.37058,72.482361,2013,2018,II,DGAR,-7.4121,72.4525,LH,1.0,H,5.7,0.051,518400,2016-01-01
JM,NMIA0,18.025,-76.02654,2013,2017,JM,YHJB,17.890543,-76.490441,HH,100.0,H,51.3,0.4613,19288911,2015-07-02
IM,CY301,33.30031,33.05407,1970,2026,IM,CY302,33.29619,33.04393,EH,100.0,H,1.0,0.0094,25920003,2021-04-19
NP,7210,46.84859,-114.04056,2023,2025,US,MSO,46.8292,-113.9406,LH,1.0,H,7.9,0.0711,259202,2024-07-01
NM,SCMO,38.761799,-90.641296,2010,2018,TA,Q42A,38.911999,-90.533096,LH,1.0,H,19.1,0.1722,259203,2012-04-01
OW,PHRD,50.70615,-127.514717,2018,2025,CN,PHC,50.7067,-127.433,HH,100.0,H,5.8,0.0518,25920003,2021-12-31
NV,BACME,48.314654,-126.058199,2017,2027,NV,NCBC,48.4275,-126.1752,MH,8.0,H,15.3,0.137,2073603,2022-07-02
TF,KHO,37.488477,71.565355,2025,2027,TJ,MANEM,37.542,71.68,HH,100.0,H,11.7,0.1055,25289007,2026-07-02
NC,G005,38.592064,-123.319794,2012,2027,YK,OCW,38.425842,-122.846184,EH,200.0,H,45.2,0.4062,2930229,2015-12-31
XO,LD42,55.549885,-154.671428,2017,2020,XO,WD56,55.322267,-154.047078,LH,1.0,H,46.9,0.421,259200,2019-01-01
XE,SP18,29.483082,94.414757,2002,2005,XC,NB08,29.564877,94.545067,HH,100.0,H,15.5,0.1398,25920000,2002-05-27
XO,WD72,56.257748,-151.81063,2017,2020,XO,WS72,56.257748,-151.81063,LH,1.0,H,0.0,0.0,259200,2019-01-01
Z4,CP02,-34.586201,-73.293198,2011,2014,Z4,CP06,-34.5457,-73.192497,BH,40.0,H,10.3,0.0923,10368000,2012-12-31
YB,SM05,38.70424,37.21084,2022,2024,YB,BB10,38.95715,37.37475,HH,100.0,H,31.5,0.2833,25920003,2023-07-02
ZU,ALB50,31.520683,-86.43978,2021,2023,N4,250A,31.9778,-86.2677,LH,1.0,H,53.2,0.48,259203,2022-07-02
ZO,HVU2,41.778999,-112.7752,2006,2008,UU,HVU,41.77967,-112.775,HH,100.0,H,0.1,0.0007,25920000,2007-07-02
XY,BONG,9.753544,-85.207817,1998,2002,XY,INDI,9.86471,-85.502213,BH,40.0,H,34.6,0.3107,7079139,2000-07-01
ZU,ARY40,33.924108,-93.505624,2021,2023,AG,WLAR,33.688,-93.112,HH,100.0,H,44.9,0.4034,25920003,2022-07-02
ZU,FLD53,30.16414,-84.734619,2021,2023,N4,553A,30.189,-84.4317,LH,1.0,H,29.3,0.263,259202,2022-07-02
ZU,MSB45,31.959723,-90.094485,2021,2024,US,VBMS,32.21851,-90.517671,LH,1.0,H,49.2,0.4422,259203,2023-01-01
ZU,MSY45,33.601275,-89.647607,2022,2024,N4,Y45B,33.8656,-89.5431,LH,1.0,H,30.9,0.2782,259200,2023-07-02
ZU,LAD42,30.713307,-92.843487,2021,2023,N4,441B,30.7498,-93.1898,LH,1.0,H,33.4,0.2999,259202,2022-07-02
ZU,NMA25,32.801077,-105.083331,2019,2022,SC,DAG,32.591,-104.691704,HH,100.0,H,43.5,0.3908,25920003,2022-08-07
ZU,REY18,33.794371,-110.573079,2022,2024,AE,TONTO,33.649147,-111.007675,HH,100.0,H,43.4,0.3896,25920001,2023-07-02
ZU,OKU37,36.355606,-95.057238,2022,2024,OK,RLO2,36.168056,-95.0275,HH,100.0,H,21.0,0.1891,25920000,2023-07-02
ZU,TXE33,30.094019,-99.582373,2023,2025,US,JCT,30.4794,-99.8022,LH,1.0,H,47.7,0.4296,259200,2024-07-01
ZU,TXC24,31.493786,-106.042888,2020,2022,EP,KIDD,31.771774,-106.506378,LH,1.0,H,53.7,0.4827,259200,2020-09-30
ZU,TXF39,29.194367,-94.967993,2022,2024,4T,EL08,29.567319,-95.124682,CH,250.0,H,44.0,0.3972,46312123,2023-07-02
ZU,TXF37,29.532851,-96.844231,2023,2025,TX,MLDN,29.822212,-97.068723,HH,200.0,H,38.7,0.349,51840003,2024-07-01
4P,KSR37,38.24314,-94.845077,2012,2014,TA,R37A,38.313301,-94.829399,LH,1.0,H,7.9,0.0712,0,2012-01-03
4P,MOO36,40.244931,-95.232452,2012,2014,TA,O36A,40.1315,-94.9645,LH,1.0,H,26.1,0.234,0,2012-01-04
4P,UTO17,40.361792,-110.802649,2010,2012,UU,BSUT,40.5365,-110.7612,HH,100.0,H,19.7,0.1775,0,2012-10-10
XF,DN3W,-82.82045,-152.881699,1994,1997,XF,DN3C,-82.811295,-152.595184,BH,10.0,H,4.1,0.037,0,1995-12-13
XH,SAR,38.234528,28.685875,2001,2004,XH,KUL,38.540142,28.633942,BH,40.0,H,34.2,0.3083,0,2003-02-07
XC,FL006,29.119425,-81.99487,2014,2016,Z9,E01,29.211599,-82.054497,BH,50.0,H,11.7,0.1059,0,2014-01-06
