orig_network,orig_station,orig_lat,orig_lon,y0,y1,status,new_network,new_station,new_lat,new_lon,band,rate,instr,dist_km,data_samples,data_day,candidates_seen
3E,MEL15,-34.017221,-70.126983,2024,2027,replacement_found,C,LMEL,-33.8476,-70.2075,LH,1.0,H,20.2,259200,2025-12-31,15
4P,COO21,40.255679,-107.442303,2010,2012,replacement_found,TA,O20A,40.1348,-108.2416,LH,1.0,H,69.4,259203,2011-07-02,10
1L,TIS1,75.0483,105.5827,2018,2021,none_found,,,,,,,,,,,0
4P,ALY50,33.397383,-85.88498,2014,2016,replacement_found,TA,Z50A,33.254002,-85.9226,LH,1.0,H,16.3,259203,2014-04-20,2
3R,E05,16.130194,-92.996735,2021,2023,replacement_found,MX,CCIG,16.281799,-92.136803,BH,20.0,H,93.5,5170710,2022-07-02,3
17,S20,49.160267,-66.391147,2022,2024,candidates_but_no_data,16,MG14,49.19733,-66.17813,HH,200.0,H,16.1,0,,1
3B,EOC03,34.914823,-95.331186,2020,2022,replacement_found,OK,WILB,34.9488,-95.3881,HH,100.0,H,6.4,25920003,2021-07-01,6
4P,IAJ36,43.310219,-94.425679,2011,2013,replacement_found,TA,J36A,43.329201,-94.3395,LH,1.0,H,7.3,259203,2012-07-01,2
4P,IAL41,41.951988,-90.398566,2011,2013,replacement_found,TA,L41A,42.0751,-90.497704,LH,1.0,H,16.0,259201,2012-07-01,2
4P,IAL39,42.093177,-92.115706,2011,2013,replacement_found,TA,L39A,42.123402,-92.000702,LH,1.0,H,10.1,259203,2012-07-01,2
4P,IDC11,47.839025,-116.273,2007,2009,replacement_found,TA,C11A,47.839699,-116.255699,LH,1.0,H,1.3,259201,2008-07-01,2
4P,IDI11,43.917462,-115.962003,2006,2008,replacement_found,TA,I11A,43.912102,-115.957802,LH,1.0,H,0.7,259202,2007-07-02,2
4P,GAW50,34.688985,-85.374215,2014,2016,replacement_found,ET,FPAL,34.54,-85.611,HH,100.0,H,27.3,25830934,2015-07-02,8
4P,KSQ35,39.102871,-96.591728,2012,2014,replacement_found,US,KSU1,39.1009,-96.6094,LH,1.0,H,1.5,518406,2013-07-01,8
4P,ILM43,41.206753,-88.744317,2011,2013,replacement_found,TA,M43A,41.436501,-88.958099,LH,1.0,H,31.2,259203,2012-07-01,4
4P,COP26,39.709203,-103.653028,2017,2019,replacement_found,XU,ORC1,40.364,-104.1483,EH,100.0,H,84.1,25920000,2018-07-02,13
4P,MAH64,41.746854,-70.019214,2016,2018,replacement_found,TA,M65A,41.562,-70.6466,LH,1.0,H,56.1,259203,2017-07-01,6
4P,MIE41,46.278794,-88.577997,2011,2013,replacement_found,TA,E41A,46.464298,-88.9636,LH,1.0,H,36.1,259202,2012-07-01,7
4P,MED63,44.041383,-69.098008,2016,2018,replacement_found,NE,WVL,44.5646,-69.6617,LH,1.0,H,73.5,259200,2017-07-01,3
4P,MBB03,37.028999,-93.024002,2007,2013,replacement_found,TA,T39A,37.024101,-93.377403,LH,1.0,H,31.5,259203,2012-04-01,4
4P,KYS51,37.003046,-83.670698,2014,2016,replacement_found,XO,KH56,37.3148,-83.950203,LH,1.0,H,42.6,259200,2015-07-02,10
4P,MIE44,46.163002,-85.837399,2011,2013,replacement_found,TA,F44A,45.973701,-86.4226,LH,1.0,H,49.9,259203,2012-07-01,6
3R,A06,16.596106,-94.705902,2021,2023,candidates_but_no_data,MU,HUIG,15.7692,-96.1083,HH,100.0,H,175.7,0,,2
4P,MIJ45,43.140395,-86.281774,2012,2014,replacement_found,TA,J45A,43.435398,-86.388901,LH,1.0,H,33.9,259202,2013-07-01,2
4P,MII47,43.453601,-84.18429,2012,2014,replacement_found,TA,J48A,43.298599,-83.784897,LH,1.0,H,36.7,259202,2013-07-01,2
4P,KSR37,38.24314,-94.845077,2012,2014,candidates_but_no_data,TA,R37A,38.313301,-94.829399,LH,1.0,H,7.9,0,,4
4P,MIC41,47.432262,-87.76179,2011,2013,replacement_found,TA,D41A,47.060501,-88.565697,LH,1.0,H,73.6,259203,2012-07-01,5
4P,MTB13,48.3728,-114.454,2007,2009,replacement_found,TA,B13A,48.373901,-114.467598,LH,1.0,H,1.0,259203,2008-07-01,2
4P,MNB33,48.381253,-95.504593,2011,2013,replacement_found,TA,B33A,48.272202,-95.587997,LH,1.0,H,13.6,259202,2011-10-01,5
4P,MNF34,45.984562,-95.175876,2011,2013,replacement_found,TA,F34A,45.795399,-95.258102,LH,1.0,H,22.0,259203,2012-07-01,4
4P,MNB36,48.27194,-92.709114,2011,2013,replacement_found,TA,C36A,47.757999,-92.837799,LH,1.0,H,57.9,259201,2012-07-01,10
4P,MTB15,48.3131,-112.447,2007,2009,replacement_found,TA,B15A,48.312901,-112.561897,LH,1.0,H,8.5,259201,2008-07-01,2
4P,MIK47,42.168608,-84.79754,2012,2014,replacement_found,N4,L48A,41.943802,-84.432899,LH,1.0,H,39.2,259203,2014-09-12,7
4P,MTB18,48.4444,-109.796,2008,2010,replacement_found,TA,B18A,48.394299,-109.777496,LH,1.0,H,5.7,259203,2009-07-01,7
4P,MOO36,40.244931,-95.232452,2012,2014,candidates_but_no_data,TA,O36A,40.1315,-94.9645,LH,1.0,H,26.1,0,,2
4P,MTE22,46.618758,-106.077252,2017,2019,replacement_found,US,LAO,46.6885,-106.2231,LH,1.0,H,13.6,259203,2018-07-02,2
4P,MTB21,48.3517,-107.056,2008,2010,replacement_found,TA,B21A,48.427799,-107.016602,LH,1.0,H,9.0,259203,2009-07-01,2
4P,MTG16,45.24855,-111.615,2007,2009,replacement_found,TA,G16A,45.2285,-111.804604,LH,1.0,H,15.1,259203,2008-07-01,8
4P,MTG18,45.3061,-109.518,2008,2010,replacement_found,TA,G18A,45.317101,-109.563103,LH,1.0,H,3.7,259203,2009-07-01,9
4P,NDE32,46.516699,-97.103976,2016,2018,replacement_found,N4,D32B,47.135502,-97.016403,LH,1.0,H,69.1,259203,2017-07-01,6
4P,NDD30,47.258204,-98.844029,2016,2018,replacement_found,TA,MDND,47.848099,-99.602898,LH,1.0,H,87.0,259203,2017-07-01,6
4P,NEL31,42.189154,-98.878054,2017,2019,replacement_found,N4,K31B,42.622898,-98.7547,LH,1.0,H,49.2,259203,2017-10-01,3
4P,NEN28,41.055641,-101.616032,2017,2019,replacement_found,US,OGNE,40.9451,-102.033,LH,1.0,H,37.2,259203,2018-07-02,2
4P,NEK29,42.886919,-100.444528,2017,2019,replacement_found,N4,K30B,42.6742,-99.6131,LH,1.0,H,72.0,259203,2018-07-02,3
4P,NEL26,42.209447,-103.106243,2017,2019,replacement_found,US,OGNE,40.9451,-102.033,LH,1.0,H,166.5,259203,2018-07-02,12
4P,NDB29,48.587595,-99.198715,2016,2018,replacement_found,N4,MDND,47.8481,-99.6029,LH,1.0,H,87.5,259203,2018-09-12,6
4P,NDC26,47.845129,-102.105529,2017,2019,replacement_found,C8,SV4S,49.0866,-103.074,HH,100.0,H,155.5,25920003,2018-07-02,14
4P,NHC60,45.156504,-71.184871,2016,2018,replacement_found,N4,G62A,45.2186,-70.5319,LH,1.0,H,51.8,259203,2017-07-01,3
4P,NEN31,40.92382,-99.273701,2017,2019,replacement_found,GS,NE02,41.353303,-100.091557,LH,1.0,H,83.6,259200,2019-04-01,10
4P,NJL60,40.068568,-74.426009,2015,2017,replacement_found,TA,O61A,40.093399,-74.553001,LH,1.0,H,11.2,259202,2015-04-20,14
4P,OHM48,40.798366,-84.460195,2012,2014,replacement_found,TA,N49A,40.922001,-84.182503,LH,1.0,H,27.1,259202,2013-07-01,7
4P,NVM07,41.388492,-119.171245,2009,2012,replacement_found,XC,NV012,41.615398,-119.171097,LH,1.0,H,25.2,259200,2009-05-27,10
4P,NVM10,41.4667,-116.592,2009,2011,replacement_found,XC,NV009,41.827202,-116.324303,LH,1.0,H,45.8,259200,2009-04-20,2
4P,NYG58,43.271217,-74.22728,2015,2017,replacement_found,TA,J59A,43.464699,-74.504097,LH,1.0,H,31.1,259203,2015-04-20,9
4P,NYJ61,40.918588,-72.869379,2015,2017,replacement_found,TA,N63A,40.987801,-72.520599,LH,1.0,H,30.4,259202,2015-04-20,15
4P,RET57,35.807823,-79.336545,2015,2017,replacement_found,N4,V58A,35.794,-79.115,LH,1.0,H,20.1,259202,2016-07-01,11
4P,OHN52,39.887555,-81.399164,2013,2015,replacement_found,7A,MUSK,39.997601,-81.736801,LH,1.0,H,31.3,259200,2015-04-01,18
4P,SCX58,33.276455,-79.613258,2014,2016,replacement_found,TA,Z58A,33.3349,-79.812897,LH,1.0,H,19.7,259203,2014-10-01,7
4P,SDG32,45.250353,-97.284757,2016,2018,replacement_found,N4,F33B,45.8398,-96.2929,LH,1.0,H,101.4,259203,2017-07-01,3
4P,NCT60,35.472862,-76.910764,2015,2017,replacement_found,N4,V61A,35.7912,-76.5776,LH,1.0,H,46.5,259203,2016-07-01,12
4P,SDH25,44.873759,-103.702928,2016,2018,replacement_found,X6,DEAD,44.382702,-103.753197,LH,1.0,H,54.7,49154,2016-04-19,2
4P,SDJ31,43.472086,-98.696039,2017,2019,replacement_found,N4,K31B,42.622898,-98.7547,LH,1.0,H,94.5,259203,2017-10-01,9
4P,UTO15,40.125864,-112.533033,2010,2012,replacement_found,US,DUG,40.195,-112.8133,LH,1.0,H,25.1,259202,2011-07-02,6
4P,TNU48,36.020782,-86.443872,2014,2016,replacement_found,NM,CLTN,36.09115,-86.3315,HH,100.0,H,12.8,25834420,2015-07-02,4
4P,TTL24,42.327362,-104.79123,2017,2019,replacement_found,IW,PHWY,41.3016,-105.4577,LH,1.0,H,126.7,259200,2018-07-02,51
4P,SDJ26,43.564262,-103.105346,2017,2019,replacement_found,2F,TB032,44.338612,-103.450783,HH,100.0,H,90.4,25920003,2018-07-02,13
4P,UTN19,40.900575,-109.103315,2010,2012,replacement_found,UU,RDMU,40.5708,-109.5695,HH,100.0,H,53.8,25613763,2011-07-02,1
4P,TNT53,36.174247,-82.298692,2014,2016,replacement_found,ET,CCNC,36.023,-82.714,EH,100.0,H,41.0,25831872,2015-07-02,8
4P,SDI28,44.125693,-101.231956,2016,2018,replacement_found,2F,TB037,44.418335,-102.954288,HH,100.0,H,141.3,25920003,2018-04-01,65
4P,WAC06,47.88108,-120.666119,2006,2008,replacement_found,TA,C06A,47.923,-120.894402,LH,1.0,H,17.7,259202,2007-07-02,4
4P,UTO17,40.361792,-110.802649,2010,2012,candidates_but_no_data,UU,BSUT,40.5365,-110.7612,HH,100.0,H,19.7,0,,1
4P,UTQ17,39.008854,-110.896235,2010,2012,replacement_found,UU,CVRU,38.9176,-111.1716,HH,100.0,H,25.9,167319,2011-07-02,16
4P,UTQ13,38.853336,-114.035881,2010,2012,replacement_found,UU,PSUT,38.5337,-113.8547,HH,100.0,H,38.8,25908585,2011-07-02,1
4P,WIG42,45.046331,-88.246908,2011,2013,replacement_found,TA,G42A,45.241798,-88.427696,LH,1.0,H,26.0,259203,2012-07-01,4
4P,VAQ55,37.882941,-79.808136,2015,2017,replacement_found,TA,S56A,37.677101,-79.5662,LH,1.0,H,31.2,259202,2015-04-20,9
4P,WIF39,45.842041,-90.735261,2010,2012,replacement_found,TA,F39A,45.915298,-90.918999,LH,1.0,H,16.4,259201,2012-04-01,10
4P,WYK20,42.6972,-108.034,2008,2010,replacement_found,TA,K20A,42.657902,-108.341797,LH,1.0,H,25.6,259202,2009-07-01,2
4P,WII40,43.855541,-90.613957,2010,2012,replacement_found,TA,I40A,43.891602,-90.617699,LH,1.0,H,4.0,259203,2012-04-01,6
4P,WAC09,47.8214,-118.2,2006,2008,replacement_found,TA,C09A,47.800598,-118.274101,LH,1.0,H,6.0,259201,2007-07-02,3
4P,WVO55,39.129289,-79.346076,2015,2017,replacement_found,TA,Q56A,39.0401,-79.187103,LH,1.0,H,16.9,259201,2015-04-20,14
4P,WYM22,41.451249,-106.557096,2017,2019,replacement_found,IW,RWWY,41.6889,-107.2102,LH,1.0,H,60.5,259200,2018-07-02,9
4P,WYJ23,43.415405,-105.625944,2017,2019,replacement_found,2F,TB013,43.954294,-105.765629,HH,100.0,H,60.9,25920003,2018-07-02,7
8L,MG58,50.64865,-123.03358,2018,2020,replacement_found,CN,MGMB,50.6279,-123.4081,HH,100.0,H,26.6,25920003,2018-10-01,2
8P,AZV14,35.488803,-113.39142,2020,2022,replacement_found,AE,W13A,35.097382,-113.894318,HH,100.0,H,63.1,25919599,2021-07-01,5
7P,PC53,31.4616,-103.6937,2018,2021,replacement_found,TX,PB07,31.57935,-103.66793,HH,100.0,H,13.3,25920003,2020-01-01,27
8P,CAU10,36.299895,-116.449604,2018,2020,replacement_found,SN,AMD,36.4526,-116.2818,EH,100.0,H,22.7,25920003,2019-07-02,19
9G,AB717,52.945999,-111.913002,2009,2011,replacement_found,Y5,RW2,53.349701,-111.745201,BH,20.0,H,46.3,12960003,2011-04-01,1
9G,BC009,49.287998,-117.674004,2008,2010,replacement_found,TA,A10A,48.9813,-117.558601,LH,1.0,H,35.1,259203,2008-04-19,2
9G,AB317,50.155998,-110.862,2007,2009,replacement_found,Y5,MHB,50.32,-110.160004,BH,20.0,H,53.3,5184003,2009-09-12,2
9G,BC410,50.82,-117.184998,2008,2010,replacement_found,CN,SLEB,51.1685,-118.1326,BH,40.0,H,77.0,10368003,2010-04-01,1
9G,SA015,50.222,-114.181999,2008,2010,replacement_found,Y5,CLA,50.009998,-113.519997,BH,20.0,H,52.9,5184003,2009-07-01,1
8P,CAW11,35.088283,-115.571401,2018,2020,replacement_found,CI,GMR,34.78457,-115.65994,LH,1.0,H,34.7,259200,2019-07-02,54
9G,RC030,53.723,-113.553001,2007,2009,candidates_but_no_data,CN,EDM,53.223,-113.3497,BH,40.0,H,57.3,0,,1
7S,RR06,40.37447,-125.21833,2023,2026,replacement_found,PB,B046,40.321972,-124.284302,LH,1.0,H,79.6,259200,2024-12-31,34
9G,SA235,52.112999,-110.266998,2009,2011,replacement_found,Y5,CZA,52.490002,-110.860001,BH,20.0,H,58.3,5184003,2009-10-01,1
9G,SA155,51.318001,-112.188004,2008,2010,replacement_found,Y5,LYA,51.16,-113.470001,BH,20.0,H,91.2,5184003,2008-04-19,1
AP,PVFF,33.39,-112.86,2016,2026,replacement_found,AE,Y14A,33.938301,-113.004799,HH,100.0,H,62.3,25919801,2021-07-01,3
EM,GT003,39.9039,-115.874603,1995,1997,replacement_found,XH,RTS,39.668098,-115.790001,BH,25.0,H,27.2,997596,1995-04-20,1
EM,PA878,-31.805,-58.958,2004,2006,none_found,,,,,,,,,,,0
EM,PA765,-31.674999,-64.141998,2000,2002,replacement_found,YC,PICH,-30.907492,-65.186806,BH,40.0,H,130.9,10368000,2002-04-01,1
EM,TS414,43.696999,75.765999,1998,2000,replacement_found,KN,TKM2,42.920799,75.596603,LH,1.0,H,87.3,259203,1999-07-02,3
EM,PA834,-31.716999,-61.580002,2002,2004,replacement_found,YC,PICH,-30.907492,-65.186806,BH,40.0,H,354.9,10368000,2002-04-20,2
EM,TB750,28.705,92.186996,2000,2002,replacement_found,XA,BUMT,27.547701,90.766403,BH,50.0,H,189.5,12959900,2002-09-12,1
GS,KS24,39.78655,-98.20952,2016,2018,replacement_found,N4,N33B,40.737099,-97.451103,LH,1.0,H,123.7,259202,2017-07-01,13
ID,ERM,42.0158,143.157196,1979,1995,replacement_found,II,ERM,42.015,143.1572,LH,1.0,H,0.1,259203,1991-10-01,7
8P,CAX09,34.385515,-117.15355,2018,2020,replacement_found,CI,VTV,34.56065,-117.3296,LH,1.0,H,25.3,259200,2019-07-02,60
ID,ALE,82.483597,-62.400002,1981,1996,replacement_found,II,ALE,82.5033,-62.35,LH,1.0,H,2.3,259203,1995-05-26,4
GF,TEPE,41.056,28.5147,2014,2027,candidates_but_no_data,KO,BALB,39.6507,27.8642,BH,50.0,H,165.5,0,,5
ID,RPN,-27.1273,-109.334396,1986,1991,replacement_found,II,RPN,-27.1267,-109.3344,LH,1.0,H,0.1,258959,1988-12-31,6
GS,OK006,35.477982,-97.278709,2009,2012,replacement_found,OK,OKCFA,35.41531,-97.45177,HH,100.0,H,17.2,25920003,2012-01-01,34
ID,SEY,-4.673032,55.461128,1979,1984,none_found,,,,,,,,,,,0
8P,CAV08,35.695485,-118.154066,2019,2021,replacement_found,CI,ISA,35.66278,-118.47403,LH,1.0,H,29.2,259200,2020-07-01,63
ID,RAR,-21.212999,-159.7733,1975,1995,replacement_found,IU,RAR,-21.2125,-159.7733,LH,1.0,H,0.1,518400,1993-11-24,2
IM,H10S2,-8.9591,-14.64531,2013,2018,replacement_found,II,ASCN,-7.9327,-14.3601,LH,1.0,H,117.8,432000,2016-01-01,2
EM,PA970,-34.130001,-65.107002,2003,2005,replacement_found,G,PEL,-33.143607,-70.67494,LH,1.0,H,528.0,259200,2004-07-01,8
IM,I04H3,-34.607571,116.351547,2013,2018,replacement_found,AU,RKGY,-34.6094,116.9773,SH,40.0,H,57.4,10368000,2016-01-01,2
IM,I07H8,-19.943291,134.322906,2013,2018,replacement_found,AU,WB2,-19.942753,134.35112,BH,40.0,H,3.0,10344003,2016-01-01,5
8P,CAS04,37.633351,-121.468382,2019,2021,candidates_but_no_data,NP,PLA,37.798672,-121.46315,HH,100.0,H,18.4,0,,24
IM,I51H3,32.34124,-64.70222,2013,2018,replacement_found,IU,BBSR,32.371299,-64.696299,LH,1.0,H,3.4,518400,2016-01-01,3
IM,I52H2,-7.37058,72.482361,2013,2018,replacement_found,II,DGAR,-7.4121,72.4525,LH,1.0,H,5.7,518400,2016-01-01,2
IM,WK30,19.4104,165.855698,1999,2001,replacement_found,IU,WAKE,19.2834,166.652,LH,1.0,H,84.8,777600,2000-07-01,4
IM,H01W2,-34.897079,114.134033,2013,2018,replacement_found,AU,RKGY,-34.6094,116.9773,SH,40.0,H,262.3,10368000,2016-01-01,16
IM,WK31,17.9275,167.499298,1999,2001,replacement_found,IU,WAKE,19.2834,166.652,LH,1.0,H,174.7,777600,2000-07-01,4
MH,P0007,-13.51175,-176.492667,2017,2019,replacement_found,IU,AFI,-13.90853,-171.78265,LH,1.0,H,511.4,518400,2017-10-01,3
MH,P0008,-12.008233,-172.023102,2017,2023,candidates_but_no_data,3J,OBS02,-12.67413,-172.74025,BH,50.0,H,107.3,0,,1
MH,P0006,-14.433683,-179.48985,2017,2026,replacement_found,OI,FNUL,-16.477444,179.370472,LH,1.0,H,257.1,259203,2024-07-01,12
JM,NMIA0,18.025,-76.02654,2013,2017,replacement_found,JM,YHJB,17.890543,-76.490441,HH,100.0,H,51.3,19288911,2015-07-02,1
MH,P0009,-12.099433,-168.399733,2017,2024,candidates_but_no_data,3J,OBS27,-13.37239,-169.93224,BH,50.0,H,218.0,0,,1
MH,P0011,-14.000417,-159.5934,2017,2026,none_found,,,,,,,,,,,0
MH,P0013,-11.499367,-144.00305,2017,2024,none_found,,,,,,,,,,,0
MH,P0012,-15.005483,-154.98335,2017,2025,none_found,,,,,,,,,,,0
IM,CY301,33.30031,33.05407,1970,2026,replacement_found,IM,CY302,33.29619,33.04393,EH,100.0,H,1.0,25920003,2021-04-19,7
MH,P0020,-20.2983,-130.667133,2017,2024,none_found,,,,,,,,,,,0
MH,P0019,-15.399867,-130.741183,2017,2025,none_found,,,,,,,,,,,0
MH,P0021,-23.647167,-133.3218,2017,2026,none_found,,,,,,,,,,,0
MH,P0023,-24.176133,-141.1115,2017,2026,none_found,,,,,,,,,,,0
MH,P0022,-24.142517,-136.613917,2017,2026,none_found,,,,,,,,,,,0
MH,P0024,-24.272183,-145.46665,2017,2026,none_found,,,,,,,,,,,0
MH,P0010,-14.043483,-165.862533,2017,2025,candidates_but_no_data,3J,OBS29,-14.08586,-167.21641,BH,50.0,H,146.3,0,,1
MH,P0016,-9.0,-138.39755,2017,2025,replacement_found,XE,WW04,-7.0385,-135.62722,BH,50.0,H,374.6,12960000,2019-04-02,3
MH,P0025,-22.024383,-148.47345,2017,2026,none_found,,,,,,,,,,,0
NP,7210,46.84859,-114.04056,2023,2025,replacement_found,US,MSO,46.8292,-113.9406,LH,1.0,H,7.9,259202,2024-07-01,3
MH,P0018,-12.273467,-132.196487,2017,2026,candidates_but_no_data,XE,EC05,-7.85622,-132.32978,BH,50.0,H,488.8,0,,2
NM,SCMO,38.761799,-90.641296,2010,2018,replacement_found,TA,Q42A,38.911999,-90.533096,LH,1.0,H,19.1,259203,2012-04-01,11
OW,PHRD,50.70615,-127.514717,2018,2025,replacement_found,CN,PHC,50.7067,-127.433,HH,100.0,H,5.8,25920003,2021-12-31,10
NQ,SANFE,35.619492,-105.887451,2018,2021,replacement_found,GS,ANMX,34.945902,-106.457038,LH,1.0,H,90.9,259200,2020-01-01,47
IM,I18H7,77.47177,-69.27995,1970,2026,replacement_found,DK,TULEG,76.537399,-68.8237,LH,1.0,H,104.9,259202,2012-09-30,9
PR,SNC1,17.699398,-64.793793,2019,2025,candidates_but_no_data,PR,CDVI,17.75222,-64.76472,BH,40.0,H,6.6,0,,2
NV,BACME,48.314654,-126.058199,2017,2027,replacement_found,NV,NCBC,48.4275,-126.1752,MH,8.0,H,15.3,2073603,2022-07-02,14
QC,00877,-43.489498,172.565002,2012,2014,replacement_found,NZ,RPZ,-43.714608,171.053865,LH,1.0,H,124.5,259200,2013-07-01,64
TF,KHO,37.488477,71.565355,2025,2027,replacement_found,TJ,MANEM,37.542,71.68,HH,100.0,H,11.7,25289007,2026-07-02,1
PS,GTC1,31.4007,140.917297,1970,2026,replacement_found,JP,JSG,34.67767,138.182999,BH,20.0,H,444.2,5184003,2021-04-19,6
MH,P0017,-9.9899,-135.034383,2017,2026,candidates_but_no_data,XE,WC05,-7.26945,-134.5177,BH,50.0,H,306.2,0,,14
XC,FL014,27.189183,-82.290182,2014,2016,replacement_found,IU,DWPF,28.1103,-81.4327,LH,1.0,H,132.6,518400,2015-07-02,12
X9,T2S4A,-69.020897,72.818298,2003,2006,candidates_but_no_data,X9,BFS4,-68.998497,72.882599,LH,1.0,H,3.6,0,,4
NC,G005,38.592064,-123.319794,2012,2027,replacement_found,YK,OCW,38.425842,-122.846184,EH,200.0,H,45.2,2930229,2015-12-31,35
XB,ELYH0,4.502384,135.623447,2017,2019,replacement_found,XB,ELYSE,4.502384,135.623447,MH,2.0,H,0.0,864000,2019-04-01,14
XF,DN3W,-82.82045,-152.881699,1994,1997,candidates_but_no_data,XF,DN3C,-82.811295,-152.595184,BH,10.0,H,4.1,0,,1
XC,FL022,25.430755,-80.568892,2014,2016,replacement_found,N4,061Z,25.8657,-80.907,LH,1.0,H,58.9,259203,2015-07-02,5
XH,SAR,38.234528,28.685875,2001,2004,candidates_but_no_data,XH,KUL,38.540142,28.633942,BH,40.0,H,34.2,0,,1
XN,BABAY,-1.814066,136.719955,1995,1997,none_found,,,,,,,,,,,0
XN,NUMFO,-0.966673,134.806885,1995,1997,none_found,,,,,,,,,,,0
XF,ET14,37.737228,15.061717,2016,2018,replacement_found,MN,CEL,38.2603,15.8939,LH,1.0,H,93.3,259200,2017-07-01,5
XO,LD42,55.549885,-154.671428,2017,2020,replacement_found,XO,WD56,55.322267,-154.047078,LH,1.0,H,46.9,259200,2019-01-01,2
XN,SARMI,-1.854546,138.753006,1995,1997,none_found,,,,,,,,,,,0
XE,SP18,29.483082,94.414757,2002,2005,replacement_found,XC,NB08,29.564877,94.545067,HH,100.0,H,15.5,25920000,2002-05-27,10
XO,WD72,56.257748,-151.81063,2017,2020,replacement_found,XO,WS72,56.257748,-151.81063,LH,1.0,H,0.0,259200,2019-01-01,7
YA,LIQ1,23.48757,69.9161,2000,2002,none_found,,,,,,,,,,,0
YC,MATA,9.332191,-83.949112,1998,2000,candidates_but_no_data,TC,LCR2,9.7415,-84.005333,HH,100.0,H,45.7,0,,1
Z4,CP02,-34.586201,-73.293198,2011,2014,replacement_found,Z4,CP06,-34.5457,-73.192497,BH,40.0,H,10.3,10368000,2012-12-31,4
YB,SM05,38.70424,37.21084,2022,2024,replacement_found,YB,BB10,38.95715,37.37475,HH,100.0,H,31.5,25920003,2023-07-02,2
ZU,ALB50,31.520683,-86.43978,2021,2023,replacement_found,N4,250A,31.9778,-86.2677,LH,1.0,H,53.2,259203,2022-07-02,2
XC,FL006,29.119425,-81.99487,2014,2016,candidates_but_no_data,Z9,E01,29.211599,-82.054497,BH,50.0,H,11.7,0,,20
ZO,A07,69.625099,-49.2952,2005,2007,replacement_found,X3,JAKO,69.128098,-49.721199,SL,20.0,L,57.9,5184002,2007-09-12,16
ZO,HVU2,41.778999,-112.7752,2006,2008,replacement_found,UU,HVU,41.77967,-112.775,HH,100.0,H,0.1,25920000,2007-07-02,7
XV,EH,9.058173,-79.664642,1996,1999,replacement_found,G,HDC,10.00201,-84.11142,LH,1.0,H,499.3,259200,1997-12-31,5
ZU,ALD48,30.583397,-88.365967,2023,2025,replacement_found,N4,346B,31.3876,-89.4649,LH,1.0,H,137.7,259200,2024-07-01,4
ZU,ARV39,35.741458,-93.680646,2022,2024,replacement_found,AG,HHAR,36.282,-93.94,HH,100.0,H,64.4,25919042,2023-07-02,5
ZU,COS28,37.869652,-102.146964,2020,2022,replacement_found,C0,LAMA,38.273002,-102.645293,LH,1.0,H,62.6,259200,2021-07-01,10
XY,BONG,9.753544,-85.207817,1998,2002,replacement_found,XY,INDI,9.86471,-85.502213,BH,40.0,H,34.6,7079139,2000-07-01,10
RE,BRBY3,34.582365,-119.980601,2021,2027,candidates_but_no_data,CI,SYP,34.52781,-119.97832,LH,1.0,H,6.1,0,,70
ZU,ARY40,33.924108,-93.505624,2021,2023,replacement_found,AG,WLAR,33.688,-93.112,HH,100.0,H,44.9,25920003,2022-07-02,1
ZU,ARY43,33.775818,-91.189773,2021,2023,replacement_found,AG,CCAR,33.917,-91.772,HH,100.0,H,56.1,25920003,2022-07-02,1
ZU,AZB19,32.148583,-109.466373,2020,2022,replacement_found,AE,DUN6,32.553799,-109.090103,HH,100.0,H,57.2,25913034,2021-07-01,2
ZU,FLD53,30.16414,-84.734619,2021,2023,replacement_found,N4,553A,30.189,-84.4317,LH,1.0,H,29.3,259202,2022-07-02,4
ZU,LAB43,31.816204,-91.757171,2021,2023,replacement_found,N4,143B,32.7032,-91.4036,LH,1.0,H,103.8,259203,2022-07-02,2
ZU,MSB45,31.959723,-90.094485,2021,2024,replacement_found,US,VBMS,32.21851,-90.517671,LH,1.0,H,49.2,259203,2023-01-01,2
ZU,MSY45,33.601275,-89.647607,2022,2024,replacement_found,N4,Y45B,33.8656,-89.5431,LH,1.0,H,30.9,259200,2023-07-02,2
ZU,LAD42,30.713307,-92.843487,2021,2023,replacement_found,N4,441B,30.7498,-93.1898,LH,1.0,H,33.4,259202,2022-07-02,2
ZU,NMW20,35.273922,-108.735317,2019,2021,candidates_but_no_data,AE,W18A,35.118099,-109.735703,LH,1.0,H,92.7,0,,2
ZU,MSW46,34.942353,-88.592052,2021,2023,candidates_but_no_data,NM,PLAL,34.9824,-88.0755,LH,1.0,H,47.4,0,,5
ZU,NMY20,33.957069,-108.787672,2019,2021,replacement_found,AE,HANNA,33.63636,-109.32029,HH,100.0,H,60.8,25873197,2019-10-01,1
ZU,NMA25,32.801077,-105.083331,2019,2022,replacement_found,SC,DAG,32.591,-104.691704,HH,100.0,H,43.5,25920003,2022-08-07,1
ZU,REY18,33.794371,-110.573079,2022,2024,replacement_found,AE,TONTO,33.649147,-111.007675,HH,100.0,H,43.4,25920001,2023-07-02,1
ZU,OKU37,36.355606,-95.057238,2022,2024,replacement_found,OK,RLO2,36.168056,-95.0275,HH,100.0,H,21.0,25920000,2023-07-02,1
ZU,NMV26,35.783683,-103.857885,2019,2021,replacement_found,TX,RTBA,36.43795,-102.73743,HH,200.0,H,124.3,51840003,2020-07-01,20
ZU,TXD38,30.611722,-95.523681,2023,2025,replacement_found,IU,HKT,29.96478,-95.83812,LH,1.0,H,77.8,518400,2024-07-01,5
ZU,TXE33,30.094019,-99.582373,2023,2025,replacement_found,US,JCT,30.4794,-99.8022,LH,1.0,H,47.7,259200,2024-07-01,2
ZU,TXC24,31.493786,-106.042888,2020,2022,replacement_found,EP,KIDD,31.771774,-106.506378,LH,1.0,H,53.7,259200,2020-09-30,3
ZU,NMX25,34.623024,-104.776556,2019,2021,replacement_found,GS,ASA6,34.943617,-106.456733,LH,1.0,H,157.8,259203,2020-07-01,192
ZU,TXC31,31.531997,-100.539838,2020,2022,replacement_found,TX,SGCY,31.91436,-101.12639,HH,200.0,H,69.9,51840003,2021-07-01,29
ZU,TXE30,30.241536,-101.386563,2020,2022,replacement_found,TX,SAND,29.95471,-102.12331,HH,200.0,H,77.8,51840003,2021-07-01,3
ZU,TXF39,29.194367,-94.967993,2022,2024,replacement_found,4T,EL08,29.567319,-95.124682,CH,250.0,H,44.0,46312123,2023-07-02,7
PB,GUAX,28.88406,-118.28968,2015,2024,replacement_found,BC,CCX,31.867887,-116.66446,HH,100.0,H,365.8,25786920,2020-01-01,533
ZU,TXJ34,27.016254,-99.433312,2022,2024,replacement_found,TX,HBVL,27.064992,-98.669634,HH,200.0,H,76.0,51840003,2023-07-02,7
ZU,TXK37,26.160578,-97.364209,2022,2024,replacement_found,4T,FMR3,26.580821,-98.541353,HH,200.0,H,126.4,50556875,2023-07-02,9
ZU,TXF37,29.532851,-96.844231,2023,2025,replacement_found,TX,MLDN,29.822212,-97.068723,HH,200.0,H,38.7,51840003,2024-07-01,7
ZU,TXH36,28.344834,-97.816395,2023,2025,candidates_but_no_data,2T,EF77,28.24334,-97.97107,HH,200.0,H,18.9,0,,6
