key,network,station,lat,lon,n_channels,bands,band_primary,days_covered,first_day,last_day,cov_len,h5_bytes,json_days,units
1A.NE26,1A,NE26,42.306,121.470001,3,BH,BH,336,13780,14146,14147,324640327,85,m
1A.NE48,1A,NE48,44.651001,118.269997,3,BH,BH,361,13777,14141,14142,348111083,361,m
1C.NASO,1C,NASO,1.17194,36.359058,3,LH,LH,219,15600,15839,15840,211118250,219,m
1D.ATOL,1D,ATOL,-71.389671,-68.870117,3,LH,LH,356,17176,17531,17532,346677856,356,m
1D.BREN,1D,BREN,-72.67498,-63.020939,3,LH,LH,364,17185,17548,17549,352068853,364,m
1D.ELSW,1D,ELSW,-75.519371,-85.707581,3,LH,LH,360,17172,17531,17532,350099726,360,m
1D.KIBB,1D,KIBB,-75.276108,-65.604904,3,LH,LH,349,16818,17166,17167,335986625,349,m
1D.PIG3,1D,PIG3,-75.084061,-97.474449,3,LH,LH,23,17532,17554,17555,21952932,23,m
1D.ROTH,1D,ROTH,-67.520012,-68.148849,3,LH,LH,369,16812,17180,17181,360382922,369,m
1D.WELC,1D,WELC,-70.731812,-63.82737,3,LH,LH,354,17184,17537,17538,345068402,354,m
1E.CNF,1E,CNF,79.65667,-80.778328,2,BH,BH,89,14790,14945,14946,28459012,89,counts
1G.EA29,1G,EA29,41.62461,112.42881,3,BH,BH,143,15128,15270,15271,138154283,143,m
1G.NOP01,1G,NOP01,41.97177,110.49863,2,BH,BH,48,14975,15091,15092,20996995,48,m
1G.WA05,1G,WA05,39.46912,107.78784,3,BH,BH,154,15120,15273,15274,149178783,154,m
1G.WA08,1G,WA08,39.78198,105.74621,3,BH,BH,151,15122,15272,15273,145861165,151,m
1G.WA17,1G,WA17,40.77207,108.32398,3,BH,BH,140,15131,15270,15271,135683580,140,m
1G.WA20,1G,WA20,41.14854,106.47017,3,BH,BH,140,15134,15273,15274,135157155,140,m
1G.WOP11,1G,WOP11,37.52923,104.79038,3,BH,BH,360,14751,15110,15111,348361057,360,m
1G.WOP23,1G,WOP23,37.3256,100.06438,3,BH,BH,235,14757,14991,14992,227472812,235,m
1J.TI4A,1J,TI4A,-67.39725,114.135036,3,LH,LH,37,17889,17925,17926,34790176,37,m
1P.CURI,1P,CURI,-51.6131,-74.556,6,BH;LH,BH,79,17863,18686,18687,121597745,79,m
1P.GUMN,1P,GUMN,-50.3199,-75.3644,2,BH,BH,18,17865,17882,17883,7738790,18,m
1P.LVAN,1P,LVAN,-51.0252,-71.1152,4,BH;HH,BH,28,18628,18655,18656,29968753,28,counts
1P.MAMA,1P,MAMA,-52.0337,-72.3827,6,BH;LH,BH,341,17877,18217,18218,657970847,108,m
1P.OHRS,1P,OHRS,-48.7078,-73.9807,6,BH;LH,BH,368,17868,18235,18236,177453964,267,m
1P.PMOR,1P,PMOR,-50.4904,-73.0428,6,BH;LH,BH,54,17843,17896,17897,102542388,54,m
1R.BHP8,1R,BHP8,28.572783,-80.572114,2,EH,EH,2,17820,17821,17822,660303,2,counts
1U.SHRD,1U,SHRD,41.945759,128.791214,1,BH,BH,23,15926,15993,15994,8068923,23,m
2A.28,2A,28,-15.6994,-117.000801,3,BH,BH,15,11658,11672,11673,14401048,15,m
2A.30,2A,30,-14.3692,-116.1567,3,BH,BH,354,11659,12012,12013,342623885,354,m
2A.32,2A,32,-12.9996,-115.8554,3,BH,BH,344,11661,12004,12005,331346394,344,m
2A.34,2A,34,-11.7336,-117.275101,3,BH,BH,344,11662,12005,12006,332790548,344,m
2A.39,2A,39,-12.37,-114.524902,3,BH,BH,189,11670,11858,11859,182785079,189,m
2A.44,2A,44,-16.002001,-115.2491,3,BH,BH,343,11674,12016,12017,332087171,343,m
2A.46,2A,46,-14.85,-118.3703,3,BH,BH,248,11760,12007,12008,239310602,248,m
2A.48,2A,48,-13.1701,-117.201202,3,BH,BH,290,11719,12008,12009,280471471,290,m
2D.OBS21,2D,OBS21,34.032799,-122.286301,1,BH,BH,9,14846,14892,14893,2101075,7,m
2H.BTIE,2H,BTIE,11.1949,40.021801,3,BH,BH,131,14529,14659,14660,126592060,131,m
2P.RD10,2P,RD10,-39.646616,177.076505,2,HH,HH,25,17532,17563,17564,11585970,24,counts
3D.MM05,3D,MM05,30.680401,-6.3895,1,HH,HH,3,14924,14926,14927,666849,3,counts
3D.MM15,3D,MM15,31.1991,-8.8973,1,HH,HH,3,14930,14932,14933,667292,3,counts
3H.G01,3H,G01,1.0132,-88.9369,3,LH,LH,443,19455,19897,19898,429378809,443,m
3H.G06,3H,G06,2.0564,-90.6769,3,LH,LH,267,19456,19722,19723,258651302,267,m
3H.G18,3H,G18,1.5202,-93.2519,3,LH,LH,451,19451,19901,19902,435633622,451,m
3H.G23,3H,G23,0.9001,-92.0216,3,LH,LH,443,19453,19895,19896,343756994,443,m
3H.G30,3H,G30,1.2999,-94.808,3,LH,LH,453,19449,19901,19902,437804793,453,m
3H.G33,3H,G33,2.8879,-94.4777,3,LH,LH,452,19449,19900,19901,437232092,452,m
3H.G39,3H,G39,-0.9632,-95.7405,3,LH,LH,276,19447,19722,19723,252888749,276,m
4J.XB07,4J,XB07,3.338652,8.69917,3,LH,LH,836,17978,18813,18814,743603755,836,m
5A.LASU,5A,LASU,-4.303918,153.108185,1,BH,BH,249,16436,16717,16718,81864997,249,m
5C.IL17,5C,IL17,-32.128165,-71.50888,1,HH,HH,5,16756,16760,16761,1322734,5,counts
5G.D16,5G,D16,41.745,126.4048,1,BH,BH,8,13153,13160,13161,2620826,8,m
6E.SB04,6E,SB04,38.573502,-87.751999,3,LH,LH,198,16342,16790,16791,173205980,198,m
6H.CHID,6H,CHID,-24.9242,34.188702,3,BH,BH,90,15304,15393,15394,86652775,5,m
6H.INCA,6H,INCA,-19.2197,33.8419,3,BH,BH,99,15059,15178,15179,94383961,99,m
6H.MAMB,6H,MAMB,-21.0061,34.959801,3,BH,BH,84,15297,15380,15381,80504659,84,m
6K.BRIO,6K,BRIO,-45.9395,170.30144,1,HH,HH,73,16139,16307,16308,21523716,67,counts
6R.YABE,6R,YABE,4.889818,38.088238,3,LH,LH,829,17918,18770,18771,767794521,829,m
7A.BDEG,7A,BDEG,37.331501,-77.208298,6,BH;LH,BH,384,16002,17091,17092,665131262,265,m
7B.MM04,7B,MM04,-34.0909,-154.12547,3,BH,BH,32,18218,18249,18250,23219346,32,m
7B.MM12,7B,MM12,-35.50344,-157.16479,3,BH,BH,342,18227,18568,18569,331783801,342,m
7B.NM04,7B,NM04,-34.07651,-156.41882,3,BH,BH,368,18226,18593,18594,355766721,368,m
7B.NN01,7B,NN01,-31.70961,-154.60328,3,BH,BH,370,18216,18585,18586,358324221,370,m
7B.NN04,7B,NN04,-33.35722,-158.09491,3,BH,BH,370,18228,18597,18598,358122909,370,m
7B.SA01,7B,SA01,-13.9586,143.180099,3,BH,BH,104,8576,8679,8680,99792004,104,m
7B.SA02,7B,SA02,-17.3633,144.484695,3,BH,BH,41,8577,8617,8618,39350801,41,m
7B.SA03,7B,SA03,-20.337999,142.667801,3,BH,BH,146,8533,8678,8679,140721471,146,m
7B.SA04,7B,SA04,-22.941799,140.143997,3,BH,BH,143,8534,8676,8677,138363497,143,m
7B.SA05,7B,SA05,-23.2005,144.272293,3,BH,BH,142,8535,8676,8677,135877184,142,m
7B.SA06,7B,SA06,-22.892,148.308594,3,BH,BH,119,8525,8644,8645,113581075,119,m
7B.SA07,7B,SA07,-26.0327,146.781693,3,BH,BH,139,8537,8675,8676,134171102,139,m
7B.SA08,7B,SA08,-25.708401,150.892593,3,BH,BH,153,8523,8683,8684,146173006,153,m
7B.SB01,7B,SB01,-25.792299,139.588699,3,BH,BH,71,8723,8793,8794,69048349,71,m
7B.SB03,7B,SB03,-28.600201,140.264999,3,BH,BH,66,8726,8791,8792,63327682,67,counts
7B.SB04,7B,SB04,-29.3367,145.006104,3,BH,BH,23,8720,8742,8743,21813590,23,m
7B.SB05,7B,SB05,-31.878901,141.595306,3,BH,BH,72,8725,8796,8797,67813852,72,m
7B.SB06,7B,SB06,-35.036659,140.146194,3,BH,BH,141,8728,8868,8869,135887331,141,m
7B.SB09,7B,SB09,-32.2892,146.857498,3,BH,BH,116,8747,8862,8863,111543118,116,m
7B.SB10,7B,SB10,-28.6597,149.012497,3,BH,BH,87,8749,8835,8836,83747583,87,m
7B.SC05,7B,SC05,-16.966999,135.783905,3,BH,BH,85,8908,9022,9023,80779100,85,m
7B.SC06,7B,SC06,-19.1437,128.117905,3,BH,BH,139,8917,9055,9056,133968691,139,m
7B.SC07,7B,SC07,-19.369101,138.329407,3,BH,BH,72,8907,8978,8979,68856829,72,m
7B.SC08,7B,SC08,-22.274799,131.367203,3,BH,BH,136,8918,9056,9057,130348182,136,m
7B.SC09,7B,SC09,-22.3969,136.295303,3,BH,BH,50,8905,8979,8980,47279070,50,m
7B.SC10,7B,SC10,-25.190001,133.324097,3,BH,BH,72,8986,9057,9058,69302775,72,m
7B.SD03,7B,SD03,-27.0515,125.185699,3,BH,BH,138,9212,9349,9350,132701949,138,m
7B.SD04,7B,SD04,-28.510401,128.988693,3,BH,BH,20,9218,9237,9238,19205429,20,m
7B.SD05,7B,SD05,-29.001301,133.585098,3,BH,BH,102,9208,9346,9347,98035225,102,m
7B.SD06,7B,SD06,-28.4963,135.9021,3,BH,BH,68,9207,9274,9275,65038933,68,m
7B.SD07,7B,SD07,-31.0807,125.321602,3,BH,BH,71,9215,9318,9319,67624216,71,m
7B.SD08,7B,SD08,-30.7208,130.410904,3,BH,BH,137,9216,9352,9353,131527761,137,m
7B.SD09,7B,SD09,-30.4324,139.421494,3,BH,BH,68,9205,9272,9273,65113739,68,m
7B.SD10,7B,SD10,-32.843601,136.065704,3,BH,BH,65,9220,9284,9285,62092544,65,m
7B.SS01,7B,SS01,-35.53273,-151.77364,3,BH,BH,367,18223,18589,18590,354867193,367,m
7B.SS03,7B,SS03,-36.54219,-154.34819,3,BH,BH,367,18224,18590,18591,354803032,367,m
7C.MM26,7C,MM26,63.081,-130.1928,2,BH,BH,159,17008,17166,17167,65753149,28,m
7C.MM30,7C,MM30,64.2803,-128.8747,3,BH,BH,125,17027,17157,17158,114793149,125,counts
7C.MM40,7C,MM40,66.0246,-124.6709,6,BH;LH,BH,584,17025,17763,17764,1121366561,584,m
7D.G13B,7D,G13B,40.683998,-128.028305,6,BH;LH,BH,286,15578,15863,15864,552926779,57,m
7D.J31C,7D,J31C,45.551899,-129.672394,6,BH;LH,BH,282,15924,16205,16206,541233688,129,m
7D.KA05,7D,KA05,-16.8195,124.9123,3,BH,BH,78,10065,10142,10143,75524313,78,m
7D.KA07,7D,KA07,-18.182199,124.077721,3,BH,BH,78,10067,10144,10145,74852526,78,m
7D.KA08,7D,KA08,-18.868,126.016121,3,BH,BH,79,10068,10146,10147,75749543,79,m
7D.KA09,7D,KA09,-17.2813,127.4645,3,BH,BH,79,10069,10147,10148,75592972,79,m
7E.KB03,7E,KB03,-16.039301,129.263306,3,BH,BH,59,10368,10426,10427,56489147,59,m
7E.KB06,7E,KB06,-16.101999,126.600998,3,BH,BH,59,10370,10428,10429,56296806,59,m
7E.KB08,7E,KB08,-17.346201,126.098503,3,BH,BH,61,10371,10431,10432,58140886,61,m
7K.AN4,7K,AN4,40.332022,-66.973035,3,LH,LH,239,17865,18140,18141,229302915,239,m
8A.AIAI,8A,AIAI,-27.915554,17.491323,6,BH;LH,BH,488,17335,17867,17868,936205396,488,m
8A.AROB,8A,AROB,-26.798342,19.647346,2,BH,BH,73,17335,17526,17527,24779928,73,m
8A.HAO,8A,HAO,-17.8869,15.0599,6,BH;LH,BH,28,16557,17684,17685,8720102,28,m
8A.KANO,8A,KANO,-19.194901,19.4398,2,BH,BH,336,16561,17759,17760,126767371,336,counts
8A.MALT,8A,MALT,-24.846022,16.996233,2,BH,BH,103,17337,17439,17440,56212915,103,m
8A.NEPA,8A,NEPA,-17.7703,18.4597,6,BH;LH,BH,245,16556,16800,16801,390052570,245,m
8A.OKAM,8A,OKAM,-20.407301,18.2187,3,BH,BH,244,16557,16800,16801,157185288,244,m
8A.OMUT,8A,OMUT,-18.4093,16.6364,6,BH;LH,BH,457,16560,17866,17867,209240616,13,m
8A.SOLI,8A,SOLI,-23.861238,16.039537,6,BH;LH,BH,492,17338,17864,17865,941979215,492,m
8A.WAND,8A,WAND,-24.649982,19.743595,6,BH;LH,BH,484,17340,17863,17864,931644412,484,m
8A.WEWE,8A,WEWE,-21.209,16.809099,3,BH,BH,240,16561,16800,16801,175891303,240,m
8G.EC17,8G,EC17,-0.0268,-79.847702,3,LH,LH,166,16936,17122,17123,159817053,166,m
8Q.P03,8Q,P03,27.897,-141.755108,3,BH,BH,41,18951,18991,18992,23859664,41,counts
8Q.P18,8Q,P18,25.762145,-143.392715,1,BH,BH,5,18950,18954,18955,1378392,5,counts
8Q.P19,8Q,P19,26.723123,-144.689908,2,BH,BH,8,18941,18948,18949,3679156,8,m
8Q.P20,8Q,P20,29.158303,-137.94284,2,BH,BH,22,18954,18975,18976,12102474,22,m
8Q.P21,8Q,P21,29.6944,-139.63128,1,BH,BH,4,18954,18957,18958,1322349,4,m
9C.2A11,9C,2A11,53.6955,-166.7401,2,BH,BH,240,16610,17013,17014,83853522,240,m
9D.KNS,9D,KNS,64.290802,-49.683102,1,BH,BH,25,14726,14909,14910,8215989,25,m
AB.HASN,AB,HASN,39.336076,49.217978,3,LH,LH,880,19200,20088,20089,851188302,880,m
AB.PRLH,AB,PRLH,40.401754,50.332841,3,LH,LH,690,19358,20088,20089,665040753,690,m
AC.VLO,AC,VLO,40.468601,19.495501,6,BH;LH,BH,503,14600,15813,15814,879846501,505,m
AF.GRM,AF,GRM,-33.313,26.507999,4,BH;LH,BH,1456,13279,15941,15942,534730468,212,m
AF.IFE,AF,IFE,7.546667,4.45692,3,BH,BH,257,14490,15561,15562,227011184,257,"displacement[COUNTS-derived, not rescaled]"
AF.LBB,AF,LBB,-11.631,27.485001,3,BH,BH,231,13894,16819,16820,106928650,231,m
AF.POGA,AF,POGA,-27.346,31.707,3,BH,BH,2640,13262,20724,20725,1160824879,971,m
AF.TEZI,AF,TEZI,-15.747,26.016001,3,BH,BH,1350,13158,16631,16632,884414369,486,m
AF.WIN,AF,WIN,-22.5667,17.1,6,BH;LH,BH,508,13694,19956,19957,377404563,508,m
AF.YNDE,AF,YNDE,3.87,11.456,3,BH,BH,496,14975,16037,16038,286905696,496,m
AK.A22K,AK,A22K,71.0033,-154.9742,2,BH,BH,210,18528,19868,19869,67201097,211,counts
AK.ATKA,AK,ATKA,52.2016,-174.1975,3,BH,BH,901,12053,20630,20631,347230024,901,counts
AK.C18K,AK,C18K,68.6483,-161.1943,2,BH,BH,63,18528,18597,18598,22702333,63,counts
AK.F21K,AK,F21K,67.2221,-153.483,1,BH,BH,179,18993,20397,20398,55205835,179,counts
AK.FALS,AK,FALS,54.8564,-163.4176,1,BH,BH,239,13879,18142,18143,76252349,239,counts
AK.FYU,AK,FYU,66.5657,-145.2342,1,BH,BH,60,18628,18861,18862,19655569,60,m
AK.GAMB,AK,GAMB,63.7758,-171.7036,2,BH,BH,362,14975,20634,20635,126315839,362,counts
AK.GLB,AK,GLB,61.4417,-143.8123,1,BH,BH,156,20454,20705,20706,50601510,156,counts
AK.H21K,AK,H21K,65.6571,-152.805,1,BH,BH,210,18262,19205,19206,67880122,210,counts
AK.K15K,AK,K15K,62.2938,-161.5308,5,BH;LH,BH,1010,18528,20453,20454,746305529,1011,counts
AK.M16K,AK,M16K,61.0224,-158.9593,6,BH;LH,BH,644,18528,20725,20726,543073232,645,counts
AK.PAX,AK,PAX,62.9699,-145.4699,2,BH,BH,1418,12418,20319,20320,468428206,1418,counts
AK.PPLA,AK,PPLA,62.8962,-152.1894,3,BH,BH,525,12571,19283,19284,192942179,525,counts
AK.PS01,AK,PS01,70.258,-148.6141,2,BH,BH,562,18414,20612,20613,185193255,562,m
AK.PS06,AK,PS06,65.8545,-149.7369,1,BH,BH,100,18414,20301,20302,32483990,100,m
AK.S31K,AK,S31K,57.9616,-136.232,5,BH;LH,BH,709,18186,20725,20726,503068225,709,counts
AK.TNA,AK,TNA,65.5598,-167.9267,2,BH,BH,330,14245,17759,17760,107636982,330,counts
AK.V35K,AK,V35K,55.3279,-131.615,3,BH,BH,746,18262,20725,20726,420212571,744,counts
AS.KAAO,AS,KAAO,34.540699,69.042801,3,LH,LH,533,2677,4593,4594,497600352,533,m
AS.ZOBO,AS,ZOBO,-16.27,-68.125,3,LH,LH,1169,6574,8034,8035,927103039,1169,m
AT.SVW2,AT,SVW2,61.1082,-155.621704,2,BH,BH,345,14980,17531,17532,126845363,340,counts
AU.WB2,AU,WB2,-19.942753,134.35112,1,BH,BH,516,12814,19647,19648,140949082,516,counts
BC.SPX,BC,SPX,31.0451,-115.466,3,HH,HH,901,15706,16624,16625,859083423,22,m
BL.AGVB,BL,AGVB,-19.7393,-50.233101,3,BH,BH,561,8351,9173,9174,167572792,561,m
BL.AQDA,BL,AQDA,-20.48,-55.700001,3,BH,BH,455,12592,13555,13556,296964929,455,m
BL.BRSB,BL,BRSB,-22.535299,-45.5854,3,BH,BH,542,9670,10517,10518,232347187,542,m
BL.CAMB,BL,CAMB,-21.784,-41.429001,3,BH,BH,240,10634,10897,10898,120321326,43,m
BL.CANB,BL,CANB,-22.96814,-50.37785,2,BH,BH,372,10826,11322,11323,175253401,372,counts
BL.CCUB,BL,CCUB,-18.424999,-51.212002,3,BH,BH,85,13199,13405,13406,77310524,85,m
BL.CDCB,BL,CDCB,-20.2365,-44.718201,1,BH,BH,20,8339,8364,8365,3334184,20,m
BL.CDSB,BL,CDSB,-18.765471,-52.83926,3,BH,BH,580,12994,13573,13574,562371936,580,m
BL.CRJB,BL,CRJB,-6.1702,-50.154598,3,BH,BH,555,11958,12558,12559,565425596,555,m
BL.CRTA,BL,CRTA,-13.43211,-44.58189,3,BH,BH,49,12288,12336,12337,47243656,49,m
BL.FURB,BL,FURB,-20.6782,-46.277901,3,BH,BH,325,8611,9033,9034,91775980,3,m
BL.IBIB,BL,IBIB,-21.777201,-48.8139,3,BH,BH,193,8974,9293,9294,62124030,193,m
BL.ITAB,BL,ITAB,-27.308201,-52.341099,3,BH,BH,514,11975,12530,12531,519111551,514,m
BL.ITPB,BL,ITPB,-15.9887,-39.628201,3,BH,BH,380,11954,12417,12418,385780078,380,m
BL.JNRB,BL,JNRB,-15.46783,-44.505169,3,BH,BH,254,12509,12762,12763,245550846,254,m
BL.NAVB,BL,NAVB,-21.433599,-54.1842,3,BH,BH,154,9039,9296,9297,44948060,154,m
BL.PAZB,BL,PAZB,-15.1369,-50.8634,2,BH,BH,163,11102,11293,11294,82070373,163,m
BL.PDCB,BL,PDCB,-12.5306,-39.123798,3,BH,BH,68,12418,12493,12494,60405015,68,counts
BL.PMNB,BL,PMNB,-18.540001,-46.439999,1,HH,HH,78,18628,18864,18865,22243371,71,counts
BL.POPB,BL,POPB,-22.456499,-52.8368,1,BH,BH,79,10828,10906,10907,26019403,79,m
BL.PORB,BL,PORB,-13.33043,-49.078739,2,BH,BH,141,11176,11316,11317,67693973,141,m
BL.PP1A,BL,PP1A,-17.6003,-54.879601,3,BH,BH,355,12922,13276,13277,343111386,355,m
BL.PPDB,BL,PPDB,-22.0326,-51.313599,3,BH,BH,557,8349,9174,9175,173425313,557,m
BL.PTMB,BL,PTMB,-21.4631,-57.475601,3,BH,BH,257,9041,9297,9298,227117289,257,m
BL.RCLB,BL,RCLB,-22.4191,-47.530998,2,HH,HH,18,18641,18974,18975,2895070,18,counts
BL.SLMB,BL,SLMB,-16.570499,-50.345501,3,BH,BH,158,11576,12195,12196,150767325,158,m
BL.STMB,BL,STMB,-2.7515,-54.957199,3,BH,BH,113,11967,12142,12143,108157991,113,m
BL.TRIB,BL,TRIB,-20.6724,-51.326,3,BH,BH,344,8604,9130,9131,79113330,220,m
BL.TRMB,BL,TRMB,-18.092199,-44.929001,1,BH,BH,12,12146,12244,12245,4114219,12,m
BL.TRSB,BL,TRSB,-4.873,-42.705898,3,BH,BH,604,11947,12565,12566,610340263,604,m
BX.KHWEE,BX,KHWEE,-21.9464,25.446911,2,BH,BH,19,19871,20685,20686,4984789,17,counts
BX.KOOLE,BX,KOOLE,-22.993059,20.195551,1,BH,BH,230,17897,18564,18565,70914556,230,m
BX.PHPEN,BX,PHPEN,-25.475531,22.857294,3,BH,BH,344,17865,20681,20682,109894177,343,m
C.COCH,C,COCH,-36.131302,-72.788399,3,BH,BH,135,14834,14975,14976,118607110,135,m
C.LMEL,C,LMEL,-33.8476,-70.2075,3,BH,BH,47,17897,17973,17974,26242129,47,counts
C1.AC02,C1,AC02,-26.835517,-69.129067,3,BH,BH,230,16188,19551,19552,128134924,230,counts
C1.CO05,C1,CO05,-29.91864,-71.23841,1,BH,BH,103,17897,19935,19936,32389932,15,m
C1.LL05,C1,LL05,-41.405341,-73.47445,3,BH,BH,103,17897,20189,20190,66008261,103,counts
C1.VA04,C1,VA04,-33.6427,-78.8299,3,BH,BH,107,17897,20180,20181,62226838,106,counts
CB.HEH,CB,HEH,50.252998,127.410004,3,BH,BH,531,14335,19722,19723,68269927,531,counts
CC.YOCR,CC,YOCR,45.379178,-121.743539,4,BH;HH,BH,431,18993,20643,20644,210310665,429,counts
CD.WMQ,CD,WMQ,43.821098,87.695,3,BH,BH,543,6940,7669,7670,286861396,543,counts
CM.FLO2,CM,FLO2,1.582667,-75.652667,3,BH,BH,170,16678,16895,16896,160861211,170,m
CM.LCBC,CM,LCBC,8.857167,-76.367667,3,BH,BH,406,18086,20307,20308,193686247,406,m
CM.MAP,CM,MAP,4.003667,-81.606,3,BH,BH,55,16666,16754,16755,51516344,55,m
CM.PRV,CM,PRV,13.376167,-81.3635,3,BH,BH,2980,16667,20331,20332,2855794397,2980,m
CM.RUS,CM,RUS,5.8925,-73.083167,3,BH,BH,1128,16666,20331,20332,564253546,1128,m
CM.SJC,CM,SJC,9.896667,-75.1795,3,BH,BH,3452,16666,20331,20332,3315113974,182,m
CN.MGMB,CN,MGMB,50.6279,-123.4081,1,HH,HH,14,17055,17088,17089,3299150,12,counts
CN.PHC,CN,PHC,50.7067,-127.433,3,BH;HH,BH,484,15706,20626,20627,224726105,469,counts
CU.ANWB,CU,ANWB,17.6684,-61.78562,5,BH,BH,262,13763,20563,20564,149751363,263,counts
CU.BBGH,CU,BBGH,13.1434,-59.5588,2,BH,BH,216,14245,18184,18185,70312435,216,counts
CU.GRGR,CU,GRGR,12.13237,-61.65407,5,BH,BH,411,13879,19809,19810,178706172,411,counts
CU.GRTK,CU,GRTK,21.511472,-71.13425,8,BH;LH,BH,252,13868,20117,20118,112143071,253,counts
CW.CAIB,CW,CAIB,22.497055,-79.47097,1,HH,HH,75,17897,18134,18135,17232276,69,counts
CW.CHIV,CW,CHIV,19.97648,-76.415131,1,HH,HH,129,20089,20364,20365,29603968,124,counts
CW.SOR,CW,SOR,22.7932,-83.008598,1,HH,HH,76,18993,19234,19235,22371330,71,counts
DA.URKR,DA,URKR,42.1649,47.631,2,SH,SH,22,17406,17427,17428,11682050,22,counts
DK.ANGG,DK,ANGG,65.616388,-37.63704,3,BH,BH,54,14823,14876,14877,46945691,54,counts
DK.KULLO,DK,KULLO,74.580498,-57.2201,6,BH;LH,BH,4455,14442,19945,19946,8343310719,4454,counts
DK.NOR,DK,NOR,81.604718,-16.66103,4,BH;HH,BH,348,15340,18806,18807,247142866,348,counts
DK.SCO,DK,SCO,70.485536,-21.949715,3,BH,BH,287,14509,19572,19573,151237278,287,counts
DW.BER,DW,BER,60.383801,5.3339,3,LH,LH,385,4237,4712,4713,361727552,385,m
DW.GDH,DW,GDH,69.25,-53.533298,3,LH,LH,2487,4620,8692,8693,2235920729,2489,m
DW.LEM,DW,LEM,-6.8333,107.616699,3,LH,LH,1006,4535,6883,6884,932743024,1004,m
EC.PUYO,EC,PUYO,-1.493,-78.024902,1,HH,HH,71,18993,19239,19240,22625158,71,counts
EC.TULM,EC,TULM,0.7161,-77.786903,1,HH,HH,88,16801,18844,18845,28321803,88,counts
EI.IDGL,EI,IDGL,55.073,-7.51,3,BH,BH,144,19358,19515,19516,80216347,144,counts
EP.KIDD,EP,KIDD,31.771774,-106.506378,3,BH,BH,4,14525,14528,14529,2050352,4,counts
ET.FPAL,ET,FPAL,34.54,-85.611,1,HH,HH,121,17532,17812,17813,39418988,121,counts
G.MATO,G,MATO,-15.49678,-58.1596,3,LH,LH,671,20005,20685,20686,649575363,671,m
G.SEY,G,SEY,62.933,152.373,6,BH;LH,BH,959,7568,8797,8798,1065746434,394,m
GB.CCA1,GB,CCA1,50.18667,-5.22767,3,BH,BH,48,18262,18333,18334,30825957,48,counts
GB.GAL1,GB,GAL1,54.86633,-4.71133,3,BH,BH,319,15340,18647,18648,246015692,319,counts
GB.GDLE,GB,GDLE,54.42183,-0.81567,1,HH,HH,6,20455,20548,20549,1314475,4,counts
GB.HMNX,GB,HMNX,50.86733,0.33633,2,BH,BH,74,15340,19100,19101,26303890,74,m
GB.JSA,GB,JSA,49.18783,-2.17167,3,BH,BH,4063,13896,19109,19110,3510123695,4063,m
GB.LRW,GB,LRW,60.136,-1.17783,3,BH,BH,5074,13896,19109,19110,4854917065,199,m
GB.WACR,GB,WACR,52.72433,0.62833,2,BH,BH,205,16785,19109,19110,71781132,50,m
GE.APE,GE,APE,37.068901,25.5306,3,BH,BH,399,11213,13022,13023,169002309,399,counts
GE.CART,GE,CART,37.5868,-1.0012,3,BH,BH,132,12418,12615,12616,75688023,132,counts
GE.DAG,GE,DAG,76.771301,-18.655001,3,BH,BH,442,10468,19812,19813,363347308,442,counts
GE.IBBN,GE,IBBN,52.306301,7.7592,6,BH;LH,BH,2093,10789,13500,13501,1458044242,688,m
GE.MAHO,GE,MAHO,39.895901,4.2665,3,BH,BH,337,10753,13223,13224,223070794,337,counts
GE.MHV,GE,MHV,54.959499,37.766399,6,BH;LH,BH,1347,9861,12419,12420,1166286132,1347,m
GE.MRNI,GE,MRNI,33.01178,35.391998,3,BH,BH,182,11323,11675,11676,66665194,182,counts
GE.MTE,GE,MTE,40.3997,-7.5442,6,BH;LH,BH,557,10227,12651,12652,272317088,556,m
GE.PMG,GE,PMG,-9.4092,147.1539,6,BH;LH,BH,1336,9497,12418,12419,792430589,704,m
GE.PSZ,GE,PSZ,47.918201,19.8934,5,BH;SH,BH,340,10269,13878,13879,148480710,327,counts
GE.RUE,GE,RUE,52.475899,13.78,5,BH;HH,BH,890,10975,13500,13501,754373863,890,counts
GE.SKD,GE,SKD,35.411999,23.927999,3,BH,BH,776,10591,12358,12359,365114832,776,m
GE.SNAA,GE,SNAA,-71.6707,-2.8379,6,BH;LH,BH,1405,9923,19357,19358,1088201939,1405,m
GE.SOCY,GE,SOCY,12.18703,53.987419,6,BH;LH,BH,1083,15706,17065,17066,1000183930,410,m
GE.SUMG,GE,SUMG,72.5742,-38.4626,3,BH,BH,1197,12480,20310,20311,500073543,1197,counts
GE.TIRR,GE,TIRR,44.458099,28.4128,4,BH;HH,BH,356,14610,20061,20062,119428960,354,counts
GE.TRTE,GE,TRTE,58.378601,26.720501,6,BH;LH,BH,881,9675,12166,12167,1501883880,880,m
GG.SE1,GG,SE1,63.24852,-42.03487,4,BH;HH,BH,219,17532,17750,17751,173653561,219,counts
GI.AVPA,GI,AVPA,15.3972,-89.6417,1,HH,HH,2,17437,17438,17439,174466,2,counts
GO.GHRG,GO,GHRG,41.7348,42.341,3,LH,LH,866,19542,20719,20720,836782252,866,m
GS.DEC08,GS,DEC08,39.861045,-88.924888,1,HH,HH,44,20089,20298,20299,11401071,35,counts
GT.DBIC,GT,DBIC,6.67015,-4.85653,2,BH,BH,1868,8933,19998,19999,623735961,1866,counts
GT.PLCA,GT,PLCA,-40.73277,-70.55083,3,BH,BH,1615,9075,20660,20661,559519600,1615,counts
GY.A11,GY,A11,37.929298,58.112499,1,EH,EH,74,8621,8712,8713,8621277,74,counts
HG.EIL,HG,EIL,29.549999,34.950001,3,LH,LH,832,910,3286,3287,728166580,832,m
HK.HKPS,HK,HKPS,22.277599,114.141502,3,BH,BH,262,14586,20609,20610,99653642,262,m
HL.ARG,HL,ARG,36.213558,28.12122,1,BH,BH,41,13925,14082,14083,13193954,41,m
HT.LKD,HT,LKD,38.707199,20.6506,3,BH,BH,195,13280,13500,13501,169561255,2,m
HV.HSSD,HV,HSSD,19.602683,-155.483002,1,HH,HH,77,15251,17765,17766,24750089,76,counts
IC.HIA,IC,HIA,49.270115,119.741363,10,BH;LH,BH,7152,9103,20672,20673,7115214190,4220,m
IC.LSA,IC,LSA,29.70317,91.12757,8,BH;LH,BH,1837,11323,19722,19723,761406626,1837,counts
IC.QIZ,IC,QIZ,19.02928,109.84398,6,BH;HH,BH,1011,12053,20156,20157,553007652,1011,counts
IC.SSE,IC,SSE,31.09455,121.18863,7,BH;LH,BH,2099,9759,19956,19957,1274756309,118,m
IC.XAN,IC,XAN,34.03107,108.92321,6,BH;HH,BH,3636,8401,19722,19723,1714815111,3636,counts
IE.BCYI,IE,BCYI,44.310799,-113.405197,2,EH;HH,EH,381,12842,18900,18901,118089438,372,counts
II.AAK,II,AAK,42.6375,74.4942,6,BH;EH,BH,1228,9496,18257,18258,654044758,1227,counts
II.ALE,II,ALE,82.5033,-62.35,5,BH,BH,457,7355,20661,20662,287165038,446,counts
II.ARTI,II,ARTI,56.3879,58.3849,6,BH;LH,BH,2337,17783,20724,20725,2338572304,2337,m
II.CMLA,II,CMLA,37.7637,-25.5243,7,BH;LH,BH,483,13386,17423,17424,204183242,483,counts
II.COCO,II,COCO,-12.1901,96.8349,6,BH;LH,BH,2196,9850,20675,20676,1218740216,1536,m
II.EFI,II,EFI,-51.6753,-58.0637,2,BH,BH,1909,10231,20669,20670,835948562,1909,counts
II.ERM,II,ERM,42.015,143.1572,5,BH,BH,3675,9182,19357,19358,1396845276,3674,counts
II.FFC,II,FFC,54.725,-101.9783,8,BH;LH,BH,4359,8642,20725,20726,5433652378,4358,counts
II.HOPE,II,HOPE,-54.2836,-36.4879,5,BH,BH,3064,10227,20714,20715,1344484248,3064,counts
II.KAPI,II,KAPI,-5.0142,119.7517,10,BH;LH,BH,6638,10897,20721,20722,8417409809,754,m
II.KWAJ,II,KWAJ,8.8019,167.613,4,BH,BH,555,12060,16017,16018,210803547,555,m
II.LVZ,II,LVZ,67.8979,34.6514,9,BH;EH;LH,BH,5276,8372,20725,20726,4520220325,5270,counts
II.NIL,II,NIL,33.6506,73.2686,10,BH;LH,BH,6032,9117,20654,20655,9668026445,819,m
II.NNA,II,NNA,-11.9875,-76.8422,6,BH;EH,BH,1597,8052,18992,18993,754543064,1597,counts
II.NVS,II,NVS,54.8404,83.2346,2,BH,BH,136,8231,8386,8387,48672060,135,m
II.PALK,II,PALK,7.2728,80.7022,3,BH,BH,1754,11223,20340,20341,809593504,1754,counts
II.RAYN,II,RAYN,23.5225,45.5032,10,BH;LH,BH,7844,9660,20721,20722,14283678756,7827,m
II.SHEL,II,SHEL,-15.9594,-5.7455,6,BH;LH,BH,3624,9320,20088,20089,2373360715,3624,counts
II.TLY,II,TLY,51.6807,103.6438,5,BH,BH,534,9862,20722,20723,356231061,534,counts
IM.CY101,IM,CY101,34.20406,31.62915,2,EH,EH,31,18628,19550,19551,9430602,23,counts
IM.CY302,IM,CY302,33.29619,33.04393,2,EH,EH,30,19723,19922,19923,8428281,22,counts
IM.CY602,IM,CY602,34.34664,34.51679,2,EH,EH,21,19723,19918,19919,7157308,17,counts
IM.TX02,IM,TX02,29.329901,-103.657997,1,SH,SH,339,14975,17361,17362,110383892,339,counts
IN.PBA,IN,PBA,11.655733,92.743919,1,HH,HH,26,19884,19927,19928,7560402,24,counts
IN.SHL,IN,SHL,25.566816,91.855949,1,HH,HH,111,17532,20002,20003,30173457,99,counts
IO.EVN,IO,EVN,27.958651,86.811653,3,BH,BH,163,19075,20216,20217,105407962,163,counts
IP.MTOR,IP,MTOR,28.494801,-9.8487,3,BH,BH,200,14687,15008,15009,179687203,101,m
IU.ADK,IU,ADK,51.8823,-176.6842,7,BH;LH,BH,1413,8664,16340,16341,1113737503,473,m
IU.BBSR,IU,BBSR,32.371299,-64.696299,4,BH;HH,BH,638,12053,20028,20029,246838038,638,counts
IU.BILL,IU,BILL,68.0653,166.4531,6,BH;LH,BH,823,9358,13029,13030,939044592,603,m
IU.CASY,IU,CASY,-66.2792,110.5354,2,BH,BH,449,12784,15191,15192,177890897,449,m
IU.DAV,IU,DAV,7.0697,125.5791,7,BH;LH,BH,1318,9117,16282,16283,719684930,1318,counts
IU.FUNA,IU,FUNA,-8.5259,179.1966,4,BH;LH,BH,1614,12438,15927,15928,892057745,1614,m
IU.HNR,IU,HNR,-9.4387,159.9475,8,BH;LH,BH,635,8695,14834,14835,776292271,635,m
IU.INCN,IU,INCN,37.4776,126.6239,3,BH,BH,761,10957,14834,14835,302243045,761,m
IU.JOHN,IU,JOHN,16.7329,-169.5292,6,BH;LH,BH,3885,10431,16435,16436,6796582430,2198,m
IU.KBS,IU,KBS,78.9154,11.9385,5,BH,BH,2899,9074,16435,16436,1983600939,2899,counts
IU.KEV,IU,KEV,69.7565,27.0035,10,BH;LH,BH,7117,8558,16435,16436,13661833147,820,m
IU.KIEV,IU,KIEV,50.7012,29.2242,6,BH;LH,BH,601,9160,14121,14122,583890728,601,m
IU.KNTN,IU,KNTN,-2.7744,-171.7186,7,BH;LH,BH,284,13851,16286,16287,136265627,284,m
IU.KOWA,IU,KOWA,14.4967,-4.014,2,BH,BH,38,10293,15199,15200,10717372,38,m
IU.LSZ,IU,LSZ,-15.2779,28.1882,7,BH;LH,BH,644,8982,14609,14610,568586924,644,m
IU.MA2,IU,MA2,59.5756,150.77,9,BH;LH,BH,910,8660,15996,15997,689945368,603,m
IU.MBWA,IU,MBWA,-21.159,119.7313,6,BH;LH,BH,2191,11559,16331,16332,2799905693,2191,m
IU.MIDW,IU,MIDW,28.2154,-177.3697,10,BH;LH,BH,4805,10887,16435,16436,9141788558,58,m
IU.PMSA,IU,PMSA,-64.7744,-64.0489,3,BH,BH,717,11323,14609,14610,448386324,717,counts
IU.PTCN,IU,PTCN,-25.0713,-130.0953,1,BH,BH,90,14975,15238,15239,30289739,90,m
IU.PTGA,IU,PTGA,-0.7308,-59.9666,7,BH;LH,BH,654,9449,15196,15197,321894578,654,m
IU.RAO,IU,RAO,-29.245,-177.929,4,BH;LH,BH,1086,12652,16070,16071,625892611,1086,m
IU.RCBR,IU,RCBR,-5.8274,-35.9014,6,BH;LH,BH,1023,10651,16292,16293,1003889468,1023,m
IU.SAML,IU,SAML,-8.9489,-63.1831,6,BH;LH,BH,1746,12179,16070,16071,991064778,522,m
IU.TARA,IU,TARA,1.3549,172.9229,1,BH,BH,104,14561,15912,15913,34855303,104,m
IU.TATO,IU,TATO,24.9735,121.4971,7,BH;LH,BH,1364,8304,15294,15295,977601250,1364,counts
IU.TBT,IU,TBT,28.6794,-17.9145,3,BH,BH,525,8476,9130,9131,249029778,525,m
IU.TIXI,IU,TIXI,71.6341,128.8667,8,BH;LH,BH,2835,9357,16435,16436,1404495074,1848,m
IU.TRQA,IU,TRQA,-38.0568,-61.9787,6,BH;LH,BH,4907,11258,16435,16436,9385127964,1541,m
IU.ULN,IU,ULN,47.8651,107.0532,9,BH;LH,BH,614,10963,16435,16436,341975985,614,counts
IU.XMAS,IU,XMAS,2.0448,-157.4457,6,BH;LH,BH,615,10095,14148,14149,530261070,615,m
IU.YAK,IU,YAK,62.031,129.6805,7,BH;EH,BH,3281,8766,16435,16436,1339534442,3281,counts
IU.YSS,IU,YSS,46.9587,142.7604,6,BH;EH,BH,1022,9862,16032,16033,461078627,1022,counts
JP.ASAJ,JP,ASAJ,44.118801,142.593002,3,BH,BH,681,13563,15339,15340,382976118,681,counts
JP.JEW,JP,JEW,42.84267,141.446167,2,BH,BH,272,20454,20725,20726,134090035,272,counts
JP.JGF,JP,JGF,35.604,137.354172,2,BH,BH,365,18628,18992,18993,161746517,365,counts
JP.JHS,JP,JHS,35.001831,133.113663,1,BH,BH,150,18628,18864,18865,49203477,150,m
JP.JMJ2,JP,JMJ2,24.740801,125.327797,1,SH,SH,363,15792,18606,18607,118148890,364,counts
JP.JMM,JP,JMM,37.868999,140.789673,2,BH,BH,572,18262,20723,20724,211321708,572,counts
JP.JMN,JP,JMN,33.731499,133.876328,2,BH,BH,272,20454,20725,20726,126588625,272,counts
JP.JMZ,JP,JMZ,25.81983,131.223663,2,BH,BH,323,18628,18992,18993,116106421,323,counts
JP.JSD,JP,JSD,38.040001,138.257172,2,BH,BH,264,17897,18256,18257,89626756,264,counts
JP.JSU,JP,JSU,31.509331,130.452667,2,BH,BH,209,15733,19343,19344,67887015,209,counts
JP.JTU,JP,JTU,34.5275,129.396332,2,BH,BH,483,18262,20720,20721,169822725,483,counts
JP.JWT,JP,JWT,35.285671,135.398666,2,BH,BH,318,18262,18627,18628,120842214,318,counts
JW.BRR,JW,BRR,32.772406,-107.564169,1,HH,HH,48,19725,19940,19941,13981857,43,counts
KG.TJN,KG,TJN,36.38052,127.36174,1,BH,BH,78,20089,20328,20329,25757537,78,m
KO.DKL,KO,DKL,39.0713,26.9053,1,HH,HH,81,19723,19968,19969,23681011,74,counts
KO.ELL,KO,ELL,36.7483,29.9085,1,HH,HH,25,20089,20280,20281,7171678,22,counts
KP.UPNV,KP,UPNV,72.782898,-56.1395,3,BH,BH,102,17897,18081,18082,69708692,102,counts
KR.BTK,KR,BTK,40.06675,70.81572,1,BH,BH,280,17532,19323,19324,89028260,280,counts
KR.SFK,KR,SFK,40.017151,73.506289,1,HH,HH,91,14699,19935,19936,26554903,83,counts
KS.SH2B,KS,SH2B,38.2686,128.2524,1,BH,BH,612,19502,20642,20643,199159161,612,counts
KY.LLKY,KY,LLKY,36.92159,-88.096558,2,EH;SH,EH,200,15342,19138,19139,59919250,192,counts
KZ.AB06,KZ,AB06,49.261101,59.969299,1,SH,SH,766,12415,17373,17374,248203279,766,counts
KZ.MAKZ,KZ,MAKZ,46.807999,81.976997,2,BH,BH,454,16801,19357,19358,225811360,455,counts
LD.FRNY,LD,FRNY,44.835,-73.5883,1,BH,BH,619,13151,17849,17850,198093311,619,m
LO.LOBA2,LO,LOBA2,18.0814,-71.0936,1,EH,EH,44,16904,17019,17020,12693827,40,counts
M8.AI45,M8,AI45,-29.9886,114.9982,3,LH,LH,412,20042,20453,20454,399352376,412,m
M8.AM37,M8,AM37,-25.9866,116.9921,3,LH,LH,134,20591,20724,20725,130159967,134,m
M8.AQ41,M8,AQ41,-27.9997,118.5997,3,LH,LH,172,20412,20583,20584,166837137,172,m
M8.AU41,M8,AU41,-28.0108,120.9861,3,LH,LH,253,20405,20722,20723,123388538,253,m
M8.AU52,M8,AU52,-33.4865,120.9751,3,LH,LH,683,20042,20724,20725,663306608,683,m
M8.AY41,M8,AY41,-27.9822,122.9615,3,LH,LH,297,20404,20721,20722,288659310,297,m
M8.BK45,M8,BK45,-30.00289,128.97015,3,LH,LH,31,20042,20072,20073,29077057,31,m
M8.RUGBY,M8,RUGBY,-34.36646,148.94292,3,LH,LH,134,20591,20724,20725,130032934,134,m
M8.TEFOZ,M8,TEFOZ,-22.8162,122.5786,3,LH,LH,134,20591,20724,20725,129883499,134,m
M8.WATNG,M8,WATNG,-30.73225,118.19848,3,LH,LH,412,20042,20453,20454,398864367,412,m
MB.HRY,MB,HRY,46.711285,-111.831786,2,EH;HH,EH,574,11549,20283,20284,174693773,542,counts
MG.JRQG,MG,JRQG,20.69875,-100.451583,3,BH,BH,6,13271,13296,13297,699333,6,m
MM.KTN,MM,KTN,21.2857,99.589798,3,LH,LH,2294,16937,20462,20463,1823873432,2294,m
MM.SIM,MM,SIM,20.1332,92.885201,1,BH,BH,10,17439,17472,17473,3287521,10,m
MM.YGN,MM,YGN,16.864799,96.153397,3,LH,LH,2250,16937,20462,20463,1888100043,2250,m
MN.CLTB,MN,CLTB,37.578,13.216,6,BH;LH,BH,2666,11367,19252,19253,1582099123,442,m
MN.DIVS,MN,DIVS,44.0981,19.9917,1,BH,BH,186,15340,19938,19939,61043662,186,m
MN.GFA,MN,GFA,34.338,9.073,2,BH,BH,246,9496,9790,9791,141540793,246,m
MN.MEB,MN,MEB,36.303,2.73,3,BH,BH,209,8177,8397,8398,139935045,209,counts
MN.RTC,MN,RTC,33.9881,-6.8569,3,BH,BH,346,14975,19903,19904,196191093,346,counts
MN.VSL,MN,VSL,39.496,9.378,3,BH,BH,1197,8483,18445,18446,528492750,1197,counts
MN.VTS,MN,VTS,42.618,23.235,2,BH,BH,297,14245,14602,14603,106308686,297,counts
MN.WDD,MN,WDD,35.8373,14.5242,3,BH,BH,654,10592,20243,20244,383705695,654,counts
MP.DHK1,MP,DHK1,36.8606,42.8665,1,HH,HH,62,18299,20187,20188,15521685,54,counts
MU.OXBV,MU,OXBV,18.2591,-98.266701,6,BH;LH,BH,31,13330,13360,13361,59932948,31,m
MU.OXET,MU,OXET,15.8269,-96.705902,6,BH;LH,BH,31,13330,13360,13361,59478295,31,m
MU.OXNC,MU,OXNC,17.399599,-97.217903,6,BH;LH,BH,25,13336,13360,13361,47640259,25,m
MX.HPIG,MX,HPIG,26.936794,-105.664017,3,BH,BH,3139,16202,20719,20720,2348336968,3139,m
MX.MOIG,MX,MOIG,19.646708,-101.227303,3,BH,BH,2770,16202,20719,20720,2125454274,173,m
MX.ZAIG,MX,ZAIG,22.769176,-102.567123,3,BH,BH,3597,16202,20719,20720,2819844669,52,m
MY.KOM,MY,KOM,1.7922,103.846703,3,BH,BH,1587,13236,20725,20726,945400407,1587,counts
MY.KUM,MY,KUM,5.2902,100.6492,2,BH,BH,915,13514,18624,18625,363299121,915,m
MY.SBM,MY,SBM,2.4529,112.213997,3,BH,BH,1148,14610,20557,20558,749628122,1148,counts
MZ.MOCU,MZ,MOCU,-16.868499,36.833328,1,BH,BH,140,20123,20328,20329,44627286,140,m
N4.237B,N4,237B,32.001499,-95.808403,1,BH,BH,6,16170,16271,16272,2022018,6,m
N4.250A,N4,250A,31.9778,-86.2677,5,BH;HH,BH,817,16071,20453,20454,361915419,811,counts
N4.441B,N4,441B,30.7498,-93.1898,4,BH;HH,BH,115,16801,19581,19582,54162671,110,counts
N4.ABTX,N4,ABTX,32.6238,-99.6431,8,BH;LH,BH,2607,17758,20721,20722,2715005288,2607,m
N4.E62A,N4,E62A,46.6201,-69.5227,6,BH;LH,BH,1111,16689,17864,17865,2095585219,1111,m
N4.G65A,N4,G65A,45.2002,-67.5632,3,BH,BH,43,16686,16728,16729,36517369,43,counts
N4.K31B,N4,K31B,42.622898,-98.7547,3,BH,BH,18,16143,16160,16161,16168826,18,counts
N4.K50A,N4,K50A,42.7749,-82.6231,3,BH,BH,75,16436,16515,16516,37935503,75,counts
N4.L48A,N4,L48A,41.943802,-84.432899,3,BH,BH,31,16213,16243,16244,26864579,31,counts
N4.R32B,N4,R32B,38.4225,-98.7111,1,BH,BH,86,16126,17747,17748,27973842,86,m
N4.R50A,N4,R50A,38.2816,-84.3274,1,BH,BH,3,16269,16271,16272,1048574,3,m
N4.R61A,N4,R61A,38.3303,-75.339,1,BH,BH,18,16475,16639,16640,5669735,18,m
N4.V58A,N4,V58A,35.794,-79.115,4,BH;HH,BH,141,16471,19954,19955,69891923,134,counts
N4.V61A,N4,V61A,35.7912,-76.5776,4,BH;HH,BH,159,16468,20642,20643,66549495,147,counts
N4.X48A,N4,X48A,34.4517,-87.0452,2,BH,BH,70,16055,17747,17748,25375557,29,m
N4.Y60A,N4,Y60A,34.0046,-78.2163,3,BH,BH,17,16468,16484,16485,15108422,17,counts
N4.Z38B,N4,Z38B,33.2599,-94.9852,3,BH,BH,136,17167,17345,17346,76864096,136,counts
NJ.KAD,NJ,KAD,10.435,7.6414,3,BH,BH,102,15095,15468,15469,97077310,102,m
NL.HGN,NL,HGN,50.764,5.9317,3,BH,BH,571,11479,12087,12088,501075576,572,m
NM.CLTN,NM,CLTN,36.09115,-86.3315,1,HH,HH,171,17167,19235,19236,53008064,164,counts
NM.WADM,NM,WADM,36.366,-89.796,1,EH,EH,196,16436,19676,19677,63494948,196,counts
NN.RUB,NN,RUB,39.051701,-120.1549,3,HH,HH,408,19217,20725,20726,308481325,406,m
NN.SLVR,NN,SLVR,37.7414,-117.6143,1,HH,HH,70,20454,20639,20640,19547114,61,counts
NO.JMIC,NO,JMIC,70.986603,-8.5057,3,BH,BH,41,14255,14307,14308,36353934,41,m
NR.NE215,NR,NE215,-18.78417,25.196014,6,BH;LH,BH,278,16758,17416,17417,533040154,278,m
NR.NE74,NR,NE74,28.007509,-114.013802,2,BH,BH,1008,12053,14182,14183,434169497,1007,m
NR.NE75,NR,NE75,27.293341,-112.856491,2,BH,BH,1113,11789,14181,14182,418961369,1113,counts
NR.NE78,NR,NE78,24.398199,-111.10643,3,BH,BH,216,12053,12681,12682,90069521,216,m
NR.NE79,NR,NE79,23.11937,-109.756111,6,BH;LH,BH,1345,12053,13929,13930,2586558538,1345,m
NR.NE80,NR,NE80,30.5,-112.319931,6,BH;LH,BH,1355,11992,13976,13977,1744355892,1355,m
NR.NE81,NR,NE81,28.918341,-109.636261,3,BH,BH,1332,11982,14155,14156,544946787,1332,m
NR.NE82,NR,NE82,26.915661,-109.230843,6,BH;LH,BH,1305,11984,14131,14132,1118511974,1304,m
NR.NE83,NR,NE83,24.730881,-107.739326,6,BH;LH,BH,1414,11987,14152,14153,2229332759,1414,m
NU.BILN,NU,BILN,14.0488,-83.374641,1,HH,HH,192,18262,19995,19996,56487716,175,counts
NU.SIUN,NU,SIUN,13.71616,-84.773499,1,HH,HH,347,17989,20723,20724,100449598,327,counts
NZ.URZ,NZ,URZ,-38.259249,177.110894,3,LH,LH,8178,12417,20724,20725,7924746643,3613,m
O2.SC12,O2,SC12,34.921667,-99.3547,1,HH,HH,59,20089,20310,20311,19163979,59,counts
OH.CROH,OH,CROH,41.293858,-82.152496,1,HH,HH,25,19723,19923,19924,6525331,20,counts
OK.HEWI,OK,HEWI,37.048825,-96.408082,1,HH,HH,15,20147,20279,20280,4610488,15,counts
OK.OKCFA,OK,OKCFA,35.41531,-97.45177,1,HH,HH,68,15706,16648,16649,20097131,66,counts
ON.ALF01,ON,ALF01,-20.616865,-40.725212,1,HH,HH,25,20454,20648,20649,8143989,25,counts
ON.GDU01,ON,GDU01,-13.72,-39.575279,1,HH,HH,32,20583,20705,20706,9811275,32,counts
ON.TER01,ON,TER01,-28.531839,-49.12907,1,HH,HH,49,19358,19406,19407,15706468,49,counts
PB.B934,PB,B934,39.844501,-123.691399,3,LH,LH,6253,14439,20714,20715,6040549739,6253,m
PE.PAKC,PE,PAKC,41.37471,-77.932533,1,HH,HH,42,18628,18839,18840,11661672,36,counts
PE.PSSK,PE,PSSK,40.642586,-76.164978,1,HH,HH,19,16932,17083,17084,5554265,18,counts
PL.KWP,PL,KWP,49.631401,22.7075,1,BH,BH,132,18628,18932,18933,43083366,132,m
PM.PESTR,PM,PESTR,38.867168,-7.590169,6,BH;LH,BH,6478,13566,20720,20721,12475524988,6478,m
PM.PFVI,PM,PFVI,37.132832,-8.826829,6,BH;LH,BH,6703,13938,20721,20722,12572220911,6703,m
PN.PPRMH,PN,PPRMH,40.548,-105.099998,1,BH,BH,80,11439,11519,11520,24698256,80,m
PO.LATQ,PO,LATQ,47.3835,-72.7819,1,HH,HH,51,15524,17359,17360,15374508,47,counts
PQ.CMBN,PQ,CMBN,69.1206,-105.0419,1,BH,BH,8,19958,20004,20005,2532605,8,m
PQ.LHLYB,PQ,LHLYB,48.536332,-123.729633,1,HH,HH,66,20454,20637,20638,19217884,59,counts
PQ.NAB2,PQ,NAB2,58.59503,-119.16559,1,HH,HH,89,18994,20323,20324,14873991,84,counts
PQ.NBC3,PQ,NBC3,59.63716,-120.66875,1,HH,HH,35,18264,18446,18447,6978074,33,counts
PQ.NBC8,PQ,NBC8,56.57308,-122.40441,3,HH,HH,627,17167,20725,20726,375535584,612,m
PS.CHUK,PS,CHUK,7.4638,151.8554,6,BH;LH,BH,802,19816,20722,20723,1540012542,774,m
PS.JAY,PS,JAY,-2.5147,140.703,6,BH;LH,BH,1436,19201,20723,20724,2772872365,1423,m
PS.KOR,PS,KOR,7.3436,134.4741,6,BH;LH,BH,1106,19618,20723,20724,2139407035,1073,m
PS.MCSJ,PS,MCSJ,24.29,153.978,5,BH,BH,4648,9831,20721,20722,4483044335,4648,m
PS.PSI,PS,PSI,2.6938,98.923698,6,BH;LH,BH,9341,8488,20597,20598,16335653510,266,m
PS.SYO,PS,SYO,-69.0067,39.585,6,BH;LH,BH,11014,8440,20713,20714,19722675555,1965,m
PS.TGY,PS,TGY,14.1,120.940002,3,BH,BH,219,9919,10296,10297,26418837,219,m
PS.TSK,PS,TSK,36.2108,140.1097,6,BH;HH;MH,BH,1764,7305,18162,18163,810532060,1754,counts
PS.VIVO,PS,VIVO,18.6498,105.6965,6,BH;LH,BH,1514,19201,20724,20725,2919890057,1490,m
QZ.AKST,QZ,AKST,45.734274,62.857266,3,LH,LH,264,20454,20719,20720,255361868,264,m
QZ.ALGA,QZ,ALGA,49.986897,57.210083,3,LH,LH,475,20250,20724,20725,459505476,475,m
QZ.BRZS,QZ,BRZS,49.981769,72.677469,1,LH,LH,204,20250,20453,20454,66215533,204,m
QZ.FDRN,QZ,FDRN,51.26934,51.769418,3,LH,LH,470,20250,20719,20720,342555782,470,m
QZ.INDER,QZ,INDER,48.501565,51.694986,3,LH,LH,470,20250,20719,20720,454704572,470,m
QZ.USHN,QZ,USHN,49.969499,82.743909,3,LH,LH,393,20250,20724,20725,375516907,393,m
QZ.ZSN,QZ,ZSN,47.462283,84.866045,1,LH,LH,204,20250,20453,20454,66208287,204,m
RM.DLV,RM,DLV,11.952,108.481499,6,BH;LH,BH,3756,14385,19642,19643,7083852880,3703,m
RM.SLV,RM,SLV,21.325247,103.906708,6,BH;LH,BH,4141,14385,19548,19549,7907309527,4135,m
RS.RSNT,RS,RSNT,62.479698,-114.591698,3,LH,LH,309,4728,5113,5114,165416462,308,m
RS.RSON,RS,RSON,50.858898,-93.702202,3,LH,LH,378,4728,5112,5113,366967035,378,m
RV.SWHSA,RV,SWHSA,54.899441,-116.751793,2,HH,HH,407,17532,20427,20428,126312652,393,counts
S1.AUALB,S1,AUALB,-34.9995,117.9046,3,BH,BH,126,18628,20155,20156,117330936,126,counts
S1.AUALC,S1,AUALC,-23.6899,133.8835,3,BH,BH,214,18628,18923,18924,118678134,214,counts
S1.AUAPY,S1,AUAPY,-26.2844,132.1353,3,BH,BH,90,19990,20088,20089,84476098,42,m
S1.AUAYR,S1,AUAYR,-19.5774,147.4088,3,BH,BH,217,15943,19285,19286,124482928,217,counts
S1.AUBUS,S1,AUBUS,-33.6601,115.3828,3,BH,BH,4106,15999,20725,20726,3926246488,996,m
S1.AUCAS,S1,AUCAS,-34.2637,135.7219,3,BH,BH,7,15943,15949,15950,2625669,7,counts
S1.AUCSH,S1,AUCSH,-16.9159,145.7682,3,BH,BH,205,15951,19228,19229,118933577,205,counts
S1.AUDCS,S1,AUDCS,-32.2334,148.6278,3,BH,BH,321,15855,19638,19639,190313330,321,counts
S1.AUDHS,S1,AUDHS,-12.44,130.833,4,BH;HH,BH,278,18628,20725,20726,210651467,278,counts
S1.AUGRF,S1,AUGRF,-34.2858,146.059,3,BH,BH,138,20089,20300,20301,91275022,138,counts
S1.AUHPC,S1,AUHPC,-38.1068,142.3183,4,BH;HH,BH,601,15849,20725,20726,507290874,601,counts
S1.AUJCS,S1,AUJCS,-33.2047,138.6098,3,BH,BH,262,19723,20032,20033,140258932,262,counts
S1.AUKAL,S1,AUKAL,-30.7637,121.4789,2,BH,BH,792,15975,20337,20338,299486844,792,m
S1.AUKAR,S1,AUKAR,-20.752,116.8178,3,BH,BH,134,15964,19788,19789,118630348,134,counts
S1.AUMAZ,S1,AUMAZ,-32.0069,116.0384,4,BH;HH,BH,459,16043,20088,20089,444993268,459,counts
S1.AUMOU,S1,AUMOU,-24.5752,149.9814,1,BH,BH,283,17167,20630,20631,90025718,283,m
S1.AUMUL,S1,AUMUL,-28.5585,153.4949,3,BH,BH,32,15946,15980,15981,25464091,32,counts
S1.AUPHS,S1,AUPHS,-31.099,150.8943,3,BH,BH,205,15855,20152,20153,165465077,205,counts
S1.AUROX,S1,AUROX,-30.5601,136.8971,3,BH,BH,134,15950,20159,20160,118410457,134,counts
S1.AUTAR,S1,AUTAR,-42.9425,147.3551,3,BH,BH,416,16071,19661,19662,226703709,416,counts
S1.AUUHS,S1,AUUHS,-35.3589,150.4696,3,BH,BH,242,18628,18923,18924,129079146,242,counts
SP.DFORK,SP,DFORK,34.153099,-81.200302,3,BH,BH,3,11791,12442,12443,1306767,2,m
SR.BCAO,SR,BCAO,4.4335,18.5354,3,LH,LH,2848,3385,7619,7620,2696323032,2848,m
SR.MAIO,SR,MAIO,36.299999,59.494499,3,LH,LH,390,2101,2490,2491,182572059,390,m
SR.NWAO,SR,NWAO,-32.926601,117.233299,3,LH,LH,695,6574,7304,7305,459727353,695,m
TA.A10A,TA,A10A,48.9813,-117.558601,2,BH,BH,175,13537,14010,14011,61757355,175,m
TA.B21A,TA,B21A,48.427799,-107.016602,1,BH,BH,29,14127,14184,14185,9180642,29,counts
TA.C06A,TA,C06A,47.923,-120.894402,1,BH,BH,79,13404,13488,13489,25133898,78,counts
TA.C09A,TA,C09A,47.800598,-118.274101,2,BH,BH,339,13514,13878,13879,136086073,339,counts
TA.E41A,TA,E41A,46.464298,-88.9636,1,BH,BH,90,15227,15319,15320,29089347,90,counts
TA.F39A,TA,F39A,45.915298,-90.918999,1,BH,BH,44,15225,15292,15293,14109621,44,counts
TA.F44A,TA,F44A,45.973701,-86.4226,2,BH,BH,105,15235,15339,15340,51352544,105,counts
TA.G16A,TA,G16A,45.2285,-111.804604,1,BH,BH,61,13780,13847,13848,19261416,60,counts
TA.I11A,TA,I11A,43.912102,-115.957802,6,BH;LH,BH,46,13468,13513,13514,87532489,46,m
TA.J36A,TA,J36A,43.329201,-94.3395,2,BH,BH,76,14889,14964,14965,41584422,76,counts
TA.J45A,TA,J45A,43.435398,-86.388901,1,BH,BH,41,15596,15657,15658,12827674,40,counts
TA.N63A,TA,N63A,40.987801,-72.520599,2,BH,BH,113,15958,16070,16071,47597775,113,counts
TA.O36A,TA,O36A,40.1315,-94.9645,1,BH,BH,97,14747,15187,15188,31393260,97,counts
TA.Q56A,TA,Q56A,39.0401,-79.187103,2,BH,BH,300,16071,16376,16377,98364346,300,counts
TA.S56A,TA,S56A,37.677101,-79.5662,3,BH,BH,273,15798,16070,16071,181310419,273,counts
TA.Z50A,TA,Z50A,33.254002,-85.9226,3,BH,BH,144,16071,16214,16215,107525711,144,counts
TA.Z58A,TA,Z58A,33.3349,-79.812897,2,BH,BH,234,15760,16017,16018,78999224,234,counts
TC.TRT1,TC,TRT1,10.598402,-83.699265,1,BH,BH,86,16457,17107,17108,25855894,86,m
TD.TD009,TD,TD009,52.32058,-116.323372,1,HH,HH,172,18628,20338,20339,49994524,158,counts
TM.CHBT,TM,CHBT,12.7441,102.3526,2,BH,BH,47,16813,17106,17107,17835531,47,counts
TM.CRAI,TM,CRAI,20.2289,100.3734,1,BH,BH,57,16801,17004,17005,18613465,57,m
TM.LOEI,TM,LOEI,17.5093,101.6244,1,BH,BH,141,16801,17097,17098,45920890,141,counts
TM.PRAC,TM,PRAC,12.472649,99.792871,1,BH,BH,58,17532,17776,17777,18580465,25,m
TM.SRDT,TM,SRDT,14.3948,99.1213,1,BH,BH,14,14386,14546,14547,3860891,14,m
TM.SRIT,TM,SRIT,8.59549,99.601994,3,BH;HH,BH,277,15340,19117,19118,114008945,274,counts
TO.CC08,TO,CC08,35.992199,-120.961197,1,HH,HH,158,16442,16669,16670,49074301,154,counts
TO.PE03,TO,PE03,-17.1644,-71.789101,1,HH,HH,79,15340,15605,15606,24463360,76,counts
TR.TOSP,TR,TOSP,11.2984,-60.535198,1,BH,BH,1076,14658,17429,17430,329901578,512,m
TT.TATN,TT,TATN,32.578701,10.5292,6,BH;LH,BH,1438,14743,16436,16437,2584670907,1437,m
TW.KMNB,TW,KMNB,24.4638,118.388199,3,BH,BH,5733,10262,20724,20725,2990294803,4734,m
TW.MATB,TW,MATB,26.151501,119.945602,3,BH,BH,1092,11134,13149,13150,667785120,292,m
UK.STED,UK,STED,50.737,-1.9645,1,BH,BH,104,13153,16637,16638,32904584,104,counts
UO.LAIR,UO,LAIR,43.16148,-123.93143,1,HH,HH,62,18270,18495,18496,18783150,62,counts
UO.RSBO,UO,RSBO,44.043361,-122.267036,2,EH;HH,EH,128,17360,20652,20653,38266517,119,counts
US.DGMT,US,DGMT,48.4702,-104.1959,4,BH,BH,222,14610,19305,19306,90604187,221,counts
US.DUG,US,DUG,40.195,-112.8133,4,BH,BH,1100,8449,18948,18949,570955771,1099,counts
US.ECSD,US,ECSD,43.7337,-96.6141,2,BH,BH,455,13879,20439,20440,172710014,454,counts
US.JCT,US,JCT,30.4794,-99.8022,4,BH,BH,651,12053,19654,19655,271201092,651,counts
US.LAO,US,LAO,46.6885,-106.2231,5,BH;HH,BH,643,12618,20653,20654,238621283,639,counts
US.MVCO,US,MVCO,37.19956,-108.49251,4,BH;HH,BH,481,13256,20645,20646,187297849,476,counts
US.VBMS,US,VBMS,32.21851,-90.517671,4,BH,BH,242,14245,19948,19949,80433290,241,counts
UU.BSUT,UU,BSUT,40.5365,-110.7612,1,HH,HH,81,15619,18501,18502,26115376,81,counts
UU.PSUT,UU,PSUT,38.5337,-113.8547,1,HH,HH,333,16071,20711,20712,107627806,333,counts
VE.BAUV,VE,BAUV,8.9433,-68.041496,3,BH,BH,1349,16213,18224,18225,819260980,1349,m
VE.CAIV,VE,CAIV,7.3262,-66.321602,1,HH,HH,38,13149,13268,13269,11077340,36,counts
VE.IMOV,VE,IMOV,12.3585,-70.902298,1,HH,HH,27,12842,12987,12988,6948049,23,counts
VU.RTV,VU,RTV,-17.7882,168.430603,1,EH,EH,30,15838,15913,15914,8601892,27,counts
WF.SPG,WF,SPG,52.32553,-3.01928,1,SH,SH,52,20006,20163,20164,16603235,52,counts
WM.UCM,WM,UCM,40.307499,-3.2441,1,BH,BH,510,18270,20693,20694,164739306,510,m
WU.TOBO,WU,TOBO,45.225804,-81.523445,1,HH,HH,142,15706,19923,19924,38519035,121,counts
WY.YHR,WY,YHR,44.106,-110.0816,1,HH,HH,30,16310,19636,19637,9465260,30,counts
X2.260,X2,260,39.795799,112.886002,3,BH,BH,278,13059,13419,13420,268281413,278,m
X2.281,X2,281,39.6814,110.487,3,BH,BH,368,13046,13413,13414,350062102,368,m
X4.A01,X4,A01,36.432701,94.873199,1,BH,BH,131,13644,13825,13826,42901034,81,m
X4.A07,X4,A07,36.812099,92.948601,3,BH,BH,33,14030,14391,14392,30485246,33,m
X4.D08,X4,D08,34.924198,94.780502,1,BH,BH,19,14007,14076,14077,6254698,19,m
X4.D11,X4,D11,34.0555,97.205399,3,BH,BH,158,13662,14298,14299,150104203,158,m
X4.D26,X4,D26,32.459202,96.394203,3,BH,BH,523,13656,14269,14270,502720907,522,m
X4.F06,X4,F06,33.102501,95.114601,3,BH,BH,147,13659,14015,14016,141177837,147,m
X4.GS09,X4,GS09,32.869499,106.458702,1,BH,BH,30,13733,13807,13808,9640912,30,counts
X4.H01,X4,H01,36.209301,96.385002,2,BH,BH,143,14245,14396,14397,66066979,143,counts
X4.H05,X4,H05,35.6605,98.407898,2,BH,BH,153,14245,14397,14398,82183812,153,counts
X4.LR13,X4,LR13,46.9506,-122.9639,3,LH,LH,306,16982,17287,17288,295709185,306,m
X5.CTSN,X5,CTSN,62.851799,-82.484642,2,BH,BH,163,13714,13878,13879,90175064,166,counts
X5.KIMN,X5,KIMN,62.850731,-69.879456,2,BH,BH,137,14473,14609,14610,58929062,137,counts
X6.NS10,X6,NS10,-27.051001,-67.688004,1,BH,BH,143,13898,14172,14173,46599054,8,m
X7.WA33,X7,WA33,46.507801,-117.348701,3,LH,LH,123,17532,17654,17655,119296780,123,m
X8.QM38,X8,QM38,47.675201,-70.853104,3,LH,LH,735,15914,16648,16649,711282800,735,m
X8.QM58,X8,QM58,49.048401,-72.740601,3,LH,LH,516,15919,16641,16642,497331456,516,m
X8.QM76,X8,QM76,50.764801,-74.817596,3,LH,LH,585,15923,16638,16639,563272073,585,m
X8.QM90,X8,QM90,52.2915,-77.098801,3,LH,LH,540,15571,16610,16611,517876317,540,m
X8.QMM5,X8,QMM5,50.8438,-68.798203,3,LH,LH,948,15575,16585,16586,873566463,948,m
X9.BB240,X9,BB240,43.427502,-128.355698,1,HH,HH,13,15605,15626,15627,4138202,13,counts
X9.BB420,X9,BB420,43.6297,-130.208206,3,LH,LH,372,15608,15979,15980,360253947,372,m
XA.AX08,XA,AX08,38.8984,46.1815,3,LH,LH,562,18758,19319,19320,551403836,562,m
XA.CHUK,XA,CHUK,27.082701,89.550301,3,BH,BH,215,11700,11914,11915,207654973,215,m
XA.EP15,XA,EP15,40.33766,47.79234,3,LH,LH,367,18890,19521,19522,279152353,367,m
XA.GP03,XA,GP03,42.6352,44.6162,3,LH,LH,460,17302,17767,17768,444445806,460,m
XA.MM01,XA,MM01,42.317501,-72.7117,6,BH;LH,BH,363,9169,9583,9584,575047940,134,m
XA.SA01,XA,SA01,-34.294456,19.245956,3,BH,BH,510,9993,10682,10683,488964800,510,m
XA.SA03,XA,SA03,-33.6619,21.3354,3,BH,BH,261,10355,10638,10639,252368286,261,m
XA.SA04,XA,SA04,-32.850498,19.6206,3,BH,BH,358,10327,10684,10685,346009539,358,m
XA.SA10,XA,SA10,-30.972401,23.913601,3,BH,BH,260,10425,10695,10696,249879124,260,m
XA.SA18,XA,SA18,-28.632814,24.305628,1,BH,BH,62,9965,10143,10144,20170286,62,m
XA.SA26,XA,SA26,-27.545601,26.1803,3,BH,BH,330,10364,10777,10778,315871591,330,m
XA.SA29,XA,SA29,-26.931738,23.03492,3,BH,BH,350,9974,10362,10363,336602624,350,counts
XA.SA35,XA,SA35,-27.018299,29.088301,3,BH,BH,264,10324,10691,10692,250780536,264,m
XA.SA38,XA,SA38,-25.933359,25.084627,1,BH,BH,171,9973,10188,10189,55202255,171,m
XA.SA60,XA,SA60,-23.851931,24.959381,3,BH,BH,340,9976,10315,10316,328833179,340,m
XA.SA64,XA,SA64,-22.969448,26.201714,3,BH,BH,315,9977,10317,10318,300721182,315,m
XA.SA71,XA,SA71,-20.925777,27.140787,3,BH,BH,286,9979,10314,10315,251922599,13,m
XA.SA73,XA,SA73,-21.853668,30.277611,3,BH,BH,328,9965,10292,10293,317346063,328,m
XA.SA76,XA,SA76,-20.636091,29.846441,1,BH,BH,17,9962,10056,10057,5503586,17,m
XA.SA80,XA,SA80,-19.959257,31.317909,3,BH,BH,339,9961,10299,10300,327683042,339,m
XA.SA81,XA,SA81,-30.925116,21.268124,3,BH,BH,239,9988,10226,10227,193730406,239,m
XB.CHAZ,XB,CHAZ,48.832191,-79.052155,6,BH;LH,BH,161,9635,9795,9796,308088841,161,counts
XB.CM03,XB,CM03,3.519,15.034,3,BH;LH,BH,270,13165,13466,13467,144356868,270,counts
XB.CM06,XB,CM06,2.385,11.268,2,BH;LH,BH,154,12801,13010,13011,58185659,154,counts
XB.FREI,XB,FREI,-62.194698,-58.9841,2,BH,BH,206,9911,10226,10227,85451077,55,m
XB.HAMB,XB,HAMB,-53.613998,-70.930901,6,BH;LH,BH,235,9911,10226,10227,444846821,235,m
XB.KAPU,XB,KAPU,48.128166,-82.90554,6,BH;LH,BH,100,9689,9797,9798,185064421,100,counts
XB.KDVU,XB,KDVU,-19.099176,178.162888,2,BH,BH,84,8991,9080,9081,27265313,84,m
XB.NIUE,XB,NIUE,-18.979219,-169.876144,3,BH,BH,289,9131,9448,9449,173372172,289,m
XB.PAPL,XB,PAPL,45.319138,-77.809006,6,BH;LH,BH,133,9638,9794,9795,254319778,133,counts
XB.PM04,XB,PM04,35.402599,-5.1525,2,BH,BH,169,15340,15588,15589,57670012,168,counts
XB.PM18,XB,PM18,34.150002,-4.8195,1,BH,BH,69,14865,14939,14940,22462028,27,m
XB.PM25,XB,PM25,32.875702,-4.888,2,BH,BH,16,14541,14556,14557,9416150,16,counts
XB.PM35,XB,PM35,31.046301,-3.9958,1,BH,BH,27,14545,15807,15808,8935297,11,m
XB.POP2,XB,POP2,47.593006,-79.220634,6,BH;LH,BH,134,9633,9766,9767,250033376,134,counts
XB.PS57,XB,PS57,37.011501,-2.9864,2,BH,BH,281,15340,15620,15621,93487698,2,m
XC.MAQI,XC,MAQI,34.478001,100.249001,2,BH,BH,106,7884,8034,8035,8902867,106,counts
XC.NB08,XC,NB08,29.564877,94.545067,1,HH,HH,1,11826,11826,11827,253904,1,counts
XC.OR088,XC,OR088,42.965599,-117.302299,6,BH;LH,BH,562,13158,14086,14087,526108660,562,m
XC.OR100,XC,OR100,42.770699,-119.013199,2,BH,BH,218,14024,14244,14245,72542043,218,m
XD.HALE,XD,HALE,-5.3018,38.617001,6,BH;LH,BH,277,8919,9273,9274,506560427,86,m
XD.HOT16,XD,HOT16,65.540825,-13.753478,2,BH,BH,86,10227,10444,10445,29910946,86,m
XD.INZA,XD,INZA,-5.1168,30.3988,6,BH;LH,BH,193,8955,9226,9227,347150505,192,m
XD.KIBA,XD,KIBA,-5.3223,36.5695,6,BH;LH,BH,274,8917,9270,9271,516096262,274,m
XD.KOMO,XD,KOMO,-3.8422,36.7192,6,BH;LH,BH,316,8924,9275,9276,593192598,104,m
XD.RUNG,XD,RUNG,-6.9372,33.518002,6,BH;LH,BH,357,8910,9266,9267,676115638,357,m
XD.SING,XD,SING,-4.6403,34.731499,1,BH,BH,171,8906,9113,9114,55217641,171,m
XD.URAM,XD,URAM,-5.0878,32.083199,6,BH;LH,BH,275,8914,9279,9280,498254110,275,m
XE.CC07,XE,CC07,-6.15879,-133.0464,3,BH,BH,140,17897,18036,18037,123469272,140,m
XE.CC12,XE,CC12,-7.9544,-133.5317,3,BH,BH,19,17639,17657,17658,16379688,19,m
XE.CRUZ,XE,CRUZ,-19.103399,-66.221199,3,BH,BH,309,8915,9349,9350,271851980,309,m
XE.EC01,XE,EC01,-4.72613,-131.48519,3,BH,BH,320,17644,17963,17964,306322827,320,m
XE.EE02,XE,EE02,-5.97635,-130.88959,3,BH,BH,358,17637,17994,17995,88420654,358,m
XE.EE04,XE,EE04,-8.20435,-131.2551,2,BH,BH,259,17638,17896,17897,128963453,259,m
XE.ES18,XE,ES18,31.301319,97.962425,4,BH;LH,BH,122,12265,12417,12418,135958040,122,counts
XE.ES19,XE,ES19,30.813387,95.711105,4,BH;LH,BH,71,12347,12417,12418,89489480,71,counts
XE.LAJO,XE,LAJO,-17.77766,-67.477753,3,BH,BH,182,8915,9255,9256,171344342,182,m
XE.PACH,XE,PACH,-19.868052,-69.415749,3,BH,BH,138,9090,9324,9325,133190128,138,m
XE.RAUL,XE,RAUL,-19.29986,-60.706451,3,BH,BH,59,9098,9162,9163,55629078,59,m
XE.ROSL,XE,ROSL,-19.485266,-64.18029,3,BH,BH,318,8915,9349,9350,229959255,318,m
XE.UYUN,XE,UYUN,-20.461914,-66.74688,3,BH,BH,244,8943,9253,9254,228286205,244,m
XE.WW01,XE,WW01,-3.78521,-134.73696,3,BH,BH,251,17650,17900,17901,242595975,1,m
XE.WW03,XE,WW03,-6.01551,-135.112,1,BH,BH,43,17649,17822,17823,13678974,42,m
XF.DN3C,XF,DN3C,-82.811295,-152.595184,2,BH,BH,22,9461,9482,9483,13602947,22,counts
XF.GOAT,XF,GOAT,60.136902,-141.453003,3,LH,LH,455,14405,15172,15173,356226313,455,m
XF.MA28,XF,MA28,20.1786,-102.597,1,LH,LH,505,13171,13675,13676,164616480,505,m
XF.MA36,XF,MA36,19.3594,-104.893204,1,LH,LH,506,13171,13676,13677,164962426,506,m
XF.MA66,XF,MA66,18.181801,-103.006401,1,LH,LH,24,13175,13198,13199,7697977,24,m
XF.NE1,XF,NE1,74.87175,-38.55117,3,BH,BH,54,16230,16283,16284,45262625,53,counts
XF.NE4,XF,NE4,76.657433,-34.27758,6,BH;LH,BH,565,16233,16960,16961,1084703441,562,m
XF.NE5,XF,NE5,74.117332,-31.150419,3,BH,BH,198,16232,16429,16430,173838671,198,counts
XF.NJANA,XF,NJANA,26.7106,85.924202,2,BH,BH,27,11994,12024,12025,10849268,27,counts
XF.NP100,XF,NP100,28.7796,83.719101,2,BH,BH,49,12001,12052,12053,29656963,49,counts
XF.STC5,XF,STC5,-82.396378,-134.74556,6,BH;LH,BH,52,9464,9515,9516,97031323,52,counts
XG.BYBT,XG,BYBT,40.235348,40.265499,1,BH,BH,162,10957,11277,11278,52577604,162,counts
XG.ELSH,XG,ELSH,41.9869,114.455597,1,HH,HH,53,12222,12340,12341,16747851,53,counts
XG.HUB03,XG,HUB03,36.332462,74.661621,3,BH,BH,98,9650,9757,9758,92475906,98,counts
XG.MJPU,XG,MJPU,40.666698,115.683701,1,HH,HH,28,12006,12035,12036,8798088,28,counts
XG.SAB01,XG,SAB01,34.73164,72.336189,3,BH,BH,86,9637,9768,9769,81322572,86,counts
XG.WSG,XG,WSG,37.776501,-104.3983,2,BH,BH,15,8205,8251,8252,1504926,15,counts
XG.XZHOU,XG,XZHOU,38.423,113.002502,1,HH,HH,122,12139,12396,12397,38038337,117,counts
XH.RS06,XH,RS06,-79.283501,-171.620193,3,BH,BH,43,16393,16435,16436,29371966,4,m
XH.RS08,XH,RS08,-79.3899,-163.539398,3,BH,BH,135,16436,16570,16571,123182132,135,counts
XH.RS10,XH,RS10,-79.278801,-155.467697,3,BH,BH,35,16401,16435,16436,33717886,35,counts
XH.RS12,XH,RS12,-79.017899,-147.632095,4,BH;HH,BH,336,16801,17166,17167,241746087,336,counts
XH.RS15,XH,RS15,-80.496597,-169.978806,2,BH,BH,42,16394,16435,16436,26283204,42,m
XH.RS17,XH,RS17,-81.401604,-162.973801,4,BH;LH,BH,10,16426,16435,16436,11604684,10,m
XI.AFIF,XI,AFIF,23.931,43.040001,3,BH,BH,55,9862,9916,9917,52784984,55,counts
XI.CHEF,XI,CHEF,6.16128,38.210144,4,BH;LH,BH,145,11386,11687,11688,165190840,145,counts
XI.DHAA,XI,DHAA,43.344456,128.19812,1,BH,BH,34,10410,10493,10494,10675002,34,counts
XI.HALM,XI,HALM,22.8454,44.317299,3,BH,BH,338,9496,9834,9835,301108889,339,counts
XI.RANI,XI,RANI,21.3116,42.7761,3,BH,BH,310,9468,9919,9920,298624959,35,m
XI.RIYD,XI,RIYD,24.722,46.643002,3,BH,BH,335,9565,9921,9922,320766572,336,counts
XI.SC04,XI,SC04,49.624001,-89.675003,3,BH,BH,465,15126,15990,15991,342543584,465,m
XI.SC14,XI,SC14,47.723,-84.814003,6,BH;LH,BH,570,15128,15918,15919,726032204,570,m
XI.SM37,XI,SM37,44.381001,-93.380997,6,BH;LH,BH,852,15147,15998,15999,1043268788,852,m
XI.SN44,XI,SN44,46.716999,-93.125999,1,BH,BH,42,15092,15277,15278,13895096,42,m
XI.SODA,XI,SODA,18.292101,42.3769,3,BH,BH,28,9468,9495,9496,26939200,28,m
XI.TAIF,XI,TAIF,21.281,40.348999,3,BH,BH,70,9653,9735,9736,66297674,70,m
XI.UQSK,XI,UQSK,25.789,42.360001,3,BH,BH,261,9656,9916,9917,252139156,261,m
XJ.APA,XJ,APA,52.925709,157.132874,3,BH,BH,229,10592,10820,10821,193463983,229,m
XJ.ESS,XJ,ESS,55.932159,158.694794,6,BH;LH,BH,250,10476,10824,10825,467592611,13,m
XJ.KGB,XJ,KGB,56.25845,162.711456,6,BH;LH,BH,247,10474,10829,10830,466737299,247,m
XJ.OSO,XJ,OSO,59.261375,163.084213,6,BH;LH,BH,140,10528,10840,10841,262594240,140,m
XJ.PZT,XJ,PZT,51.466999,156.809998,6,BH;LH,BH,189,10454,10748,10749,351922317,189,m
XJ.SBL,XJ,SBL,54.30431,155.961823,6,BH;LH,BH,187,10569,10844,10845,340460881,53,m
XJ.SNOW,XJ,SNOW,56.8922,-132.3526,1,EH,EH,13,17167,17422,17423,1912276,13,counts
XJ.TIG,XJ,TIG,57.759483,158.685638,6,BH;LH,BH,250,10504,10826,10827,482057664,11,m
XJ.TKI,XJ,TKI,60.44611,166.148788,6,BH;LH,BH,317,10521,10837,10838,611431120,114,m
XJ.ZUP,XJ,ZUP,54.081619,159.987518,6,BH;LH,BH,326,10462,10839,10840,619960785,326,m
XK.5190,XK,5190,51.352074,-90.222374,3,BH,BH,153,10036,10188,10189,145866746,153,m
XK.B17CI,XK,B17CI,-19.2938,22.909401,1,BH,BH,68,15489,15654,15655,21825428,67,m
XK.NOVR,XK,NOVR,57.691681,-4.410162,3,BH;LH,BH,170,11516,11685,11686,102410633,170,counts
XK.Q05MJ,XK,Q05MJ,-13.3953,36.125702,6,BH;LH,BH,158,15553,15892,15893,300101999,158,m
XK.Q07MR,XK,Q07MR,-13.1967,37.4986,1,BH,BH,14,15554,15639,15640,4506653,14,m
XK.W02NB,XK,W02NB,-13.724,33.559898,2,BH,BH,141,15520,15693,15694,51626249,141,counts
XK.W10LW,XK,W10LW,-12.6208,34.165199,6,BH;LH,BH,182,15524,15705,15706,351444373,104,m
XK.W12MB,XK,W12MB,-14.0852,34.911201,1,BH,BH,12,15538,15549,15550,3988228,12,m
XK.W15SS,XK,W15SS,-15.6818,34.974701,1,BH,BH,30,15538,15639,15640,9911874,30,m
XL.AT04,XL,AT04,46.271099,95.267097,3,LH,LH,141,16295,16435,16436,137181529,141,m
XL.AT13,XL,AT13,44.992001,96.270103,3,LH,LH,659,16299,16957,16958,645405046,202,m
XL.HD03,XL,HD03,46.515701,102.547203,3,LH,LH,617,15521,16162,16163,595261574,617,m
XL.HD09,XL,HD09,45.413898,100.5718,3,LH,LH,646,15518,16163,16164,625063543,646,m
XL.HD21,XL,HD21,47.967701,101.433296,2,HH,HH,75,16071,16145,16146,34072000,75,counts
XL.HD25,XL,HD25,47.003502,99.406097,1,HH,HH,73,15516,15633,15634,23251377,72,counts
XL.HD41,XL,HD41,48.242298,99.400002,3,LH,LH,644,15519,16162,16163,624156649,644,m
XL.HD48,XL,HD48,46.209202,97.608299,3,LH,LH,581,15518,16138,16139,560821138,581,m
XL.HD54,XL,HD54,47.499901,96.803398,3,LH,LH,94,16071,16164,16165,91200534,94,m
XL.HD73,XL,HD73,49.4953,101.357101,3,LH,LH,646,15522,16167,16168,625066937,646,m
XL.HD74,XL,HD74,49.500999,99.152298,3,LH,LH,648,15521,16168,16169,626837574,648,m
XL.HD75,XL,HD75,49.3102,96.357101,1,HH,HH,18,15526,15543,15544,5868356,18,counts
XL.HV10,XL,HV10,51.572102,100.448601,3,LH,LH,661,16299,16959,16960,646771598,65,m
XL.KITT2,XL,KITT2,31.976999,-111.575996,6,BH;LH,BH,75,12699,12895,12896,140335767,75,m
XM.A106,XM,A106,48.146099,13.5743,3,BH,BH,330,12907,13236,13237,319143737,330,m
XM.ANB07,XM,ANB07,-23.7691,-63.6877,1,HH,HH,62,19199,19294,19295,19263693,60,counts
XM.ANB09,XM,ANB09,-25.4413,-66.2624,3,LH,LH,349,19494,19842,19843,334023394,349,m
XM.ANB10,XM,ANB10,-25.0271,-64.5865,3,LH,LH,645,19197,19841,19842,621980093,645,m
XM.ANB11,XM,ANB11,-25.951,-62.49889,3,LH,LH,584,19205,19839,19840,563915350,584,m
XM.ANB16,XM,ANB16,-24.0911,-61.4628,3,LH,LH,552,19289,19840,19841,520406139,552,m
XM.ANB17,XM,ANB17,-25.2429,-59.8069,3,LH,LH,554,19289,19842,19843,531984496,554,m
XM.ANB18,XM,ANB18,-28.4534,-59.3139,3,LH,LH,152,19206,19357,19358,132973480,152,m
XM.ANB19,XM,ANB19,-27.7766,-62.9698,3,LH,LH,483,19358,19840,19841,456552847,483,m
XM.ANB20,XM,ANB20,-26.7962,-65.316,3,LH,LH,633,19208,19840,19841,600981775,633,m
XM.ASB04,XM,ASB04,-35.77723,-69.39981,3,LH,LH,165,19193,19357,19358,160158037,165,m
XM.ASB06,XM,ASB06,-37.1992,-70.6547,3,LH,LH,78,19369,19474,19475,74169764,78,m
XM.ASB11,XM,ASB11,-37.8946,-63.8453,3,LH,LH,472,19368,19839,19840,443952874,472,m
XM.ASB13,XM,ASB13,-35.20574,-67.67386,3,LH,LH,118,19723,19840,19841,97931535,118,m
XM.ASB19,XM,ASB19,-36.2284,-65.4205,3,LH,LH,362,19477,19838,19839,337841821,362,m
XM.ASB22,XM,ASB22,-33.66389,-67.46128,3,LH,LH,476,19358,19840,19841,437303947,476,m
XM.CB01,XM,CB01,-22.09872,-70.21211,3,LH,LH,558,19165,19722,19723,481869921,558,m
XM.CB22,XM,CB22,-24.00541,-68.52551,3,LH,LH,624,19168,19791,19792,603293341,624,m
XM.NM24,XM,NM24,34.046871,-106.119606,2,BH,BH,283,10957,11300,11301,97180137,283,counts
XN.A16,XN,A16,61.576599,-117.147697,2,BH,BH,131,12582,12766,12767,45596733,131,counts
XN.B15,XN,B15,60.433998,-134.247406,1,BH,BH,121,12581,12782,12783,39114304,121,counts
XO.EP16,XO,EP16,59.1126,-156.8567,1,HH,HH,33,17687,17823,17824,10491251,33,counts
XO.EP23,XO,EP23,56.9071,-157.0201,3,LH,LH,351,17684,18037,18038,337377978,351,m
XO.GUA3,XO,GUA3,13.266417,144.717209,3,BH;LH,BH,238,12180,12417,12418,135249866,238,counts
XO.KD02,XO,KD02,57.8618,-152.6575,1,HH,HH,57,17669,17822,17823,17246090,53,counts
XO.LE17,XO,LE17,37.9874,-89.1763,2,BH,BH,147,15559,15705,15706,63241189,147,counts
XO.MG05,XO,MG05,37.482498,-90.870102,6,BH;LH,BH,348,15196,15909,15910,423227739,348,m
XO.SCCC,XO,SCCC,41.764851,-74.670135,6,BH;LH,BH,599,10031,10642,10643,1089579363,598,m
XO.SOKY,XO,SOKY,37.5256,-85.961899,2,BH,BH,309,16071,16379,16380,105246544,309,counts
XO.WD58,XO,WD58,53.906227,-155.035345,2,LH,LH,171,17726,17896,17897,94548249,171,m
XP.LZAE,XP,LZAE,-25.3074,-68.3992,3,LH,LH,455,15288,15780,15781,444352568,455,m
XP.N044,XP,N044,-79.069191,148.615921,5,BH;LH,BH,3,11647,11649,11650,1466204,3,counts
XP.N16,XP,N16,39.146099,-108.593597,6,BH;LH,BH,361,14098,14511,14512,693490198,361,m
XP.N20,XP,N20,38.917702,-106.187599,3,BH,BH,150,14095,14244,14245,101331434,150,m
XP.ORTK,XP,ORTK,41.039398,75.056801,1,HH,HH,19,13001,13078,13079,5808132,19,counts
XP.PLTP,XP,PLTP,-22.0413,-66.786499,3,LH,LH,308,15078,15385,15386,297583409,308,m
XP.S29,XP,S29,36.959099,-106.535202,2,BH,BH,147,14098,14244,14245,79026664,147,m
XP.TWRS,XP,TWRS,45.103471,-114.849947,3,LH,LH,169,18598,18774,18775,160095437,169,m
XR.BA07,XR,BA07,24.1371,91.4975,3,LH,LH,1052,17576,18627,18628,1031282147,520,m
XR.FA23,XR,FA23,45.550365,-99.9841,3,BH;LH,BH,125,11480,11687,11688,85158309,125,counts
XR.FA24,XR,FA24,46.531807,-101.240036,4,BH;LH,BH,213,11475,11687,11688,187640273,213,counts
XR.FG01,XR,FG01,36.6308,-98.7392,3,LH,LH,130,16857,16990,16991,123229128,130,m
XR.MS02,XR,MS02,23.605983,93.696263,3,LH,LH,345,17852,18196,18197,142401115,345,m
XR.MS05,XR,MS05,22.585486,94.508708,3,LH,LH,318,17854,18277,18278,309825590,317,m
XR.MS09,XR,MS09,23.478138,96.080143,3,LH,LH,346,17897,18268,18269,338099949,346,m
XR.NOM,XR,NOM,64.569504,-165.338303,2,BH,BH,147,12993,13139,13140,60557679,147,counts
XR.SC25,XR,SC25,33.580601,-103.548203,2,BH,BH,212,14102,14798,14799,83054909,212,m
XR.ST05,XR,ST05,31.040247,90.174088,3,BH,BH,97,10423,10519,10520,92696287,97,counts
XS.I04D,XS,I04D,-2.123817,-16.17326,1,BH,BH,140,16867,17083,17084,47353478,135,counts
XS.I14D,XS,I14D,-0.3522,-7.952395,1,BH,BH,97,16870,17035,17036,32671636,93,m
XS.S15D,XS,S15D,0.1814,-6.6228,1,BH,BH,78,16870,17010,17011,25506059,78,m
XS.S24D,XS,S24D,-0.1383,-12.7806,3,BH,BH,366,16872,17237,17238,353469079,366,m
XS.S32D,XS,S32D,-0.7968,-15.647,3,BH,BH,363,16873,17235,17236,350533397,363,m
XS.S38D,XS,S38D,1.921838,-12.762288,3,BH,BH,313,16880,17192,17193,302398479,25,m
XT.B151,XT,B151,12.9915,-67.651299,3,BH,BH,367,12494,12860,12861,375974459,366,m
XT.CMPC,XT,CMPC,7.6508,-64.073097,6,BH;LH,BH,511,12398,12908,12909,994553064,511,m
XT.D58,XT,D58,45.032299,-118.073799,2,BH,BH,546,15134,15690,15691,207040942,546,m
XT.MHTO,XT,MHTO,13.9497,-66.490997,3,BH,BH,369,12493,12861,12862,375541545,368,m
XT.PNCH,XT,PNCH,11.2493,-66.5009,3,BH,BH,365,12495,12859,12860,372873669,364,m
XT.PNI,XT,PNI,7.006,158.15184,3,BH,BH,224,9321,9583,9584,216136725,224,m
XT.RPPC2,XT,RPPC2,8.9494,-66.436501,6,BH;LH,BH,168,12621,12909,12910,319740149,168,m
XT.SOMB,XT,SOMB,12.7209,-64.931297,3,BH,BH,361,12497,12857,12858,368504406,360,m
XU.CHTA,XU,CHTA,-43.771198,151.158401,3,BH,BH,340,9597,9964,9965,301941513,340,m
XU.COVA,XU,COVA,-45.471199,161.161407,3,BH,BH,105,9869,9973,9974,100286747,105,counts
XU.LUMA,XU,LUMA,-45.722801,168.449402,3,BH,BH,33,9836,9868,9869,31392724,33,m
XU.MACQ,XU,MACQ,-54.497299,158.938599,3,MH,MH,47,9920,9966,9967,44782706,47,m
XV.DGOS,XV,DGOS,-12.2825,49.3606,1,BH,BH,31,15244,15286,15287,9982675,31,m
XV.NAPU,XV,NAPU,-15.08,39.25,3,BH,BH,518,15209,15904,15905,499969306,518,m
XV.SENA,XV,SENA,-17.445,35.032001,1,BH,BH,191,15362,15912,15913,61272150,191,m
XV.SKOT,XV,SKOT,65.3412,-17.2467,2,BH,BH,30,9602,9631,9632,14457704,30,counts
XV.SOLA,XV,SOLA,-15.8636,48.826302,6,BH;LH,BH,112,15564,15943,15944,213663058,112,m
XV.TETE,XV,TETE,-16.129999,33.57,2,BH,BH,113,15213,15331,15332,42858726,113,m
XV.VATO,XV,VATO,-19.3314,48.982399,6,BH;LH,BH,177,15237,15413,15414,341700034,177,m
XV.VINA,XV,VINA,-18.176901,45.224701,2,BH,BH,118,15574,15691,15692,44668897,117,counts
XW.ADEN,XW,ADEN,12.77592,44.982441,2,BH,BH,243,14610,15091,15092,92939712,243,counts
XW.AMDT,XW,AMDT,1.9487,34.935799,6,BH;LH,BH,588,17189,17862,17863,1130832567,588,m
XW.ATUS,XW,ATUS,39.716,76.157204,3,BH,BH,123,10381,10762,10763,95452189,121,m
XW.GHDI,XW,GHDI,15.63811,52.161732,3,BH,BH,129,14335,14546,14547,123941357,129,m
XW.KABG,XW,KABG,3.5104,34.143299,6,BH;LH,BH,521,17186,17706,17707,1006295617,521,m
XW.MOKA,XW,MOKA,13.31374,43.25631,3,BH,BH,203,14344,14546,14547,196251205,203,m
XW.PDG,XW,PDG,43.327499,79.487602,2,BH,BH,55,10152,10206,10207,30837171,55,counts
XY.PACW,XY,PACW,39.9962,-77.9247,3,LH,LH,540,15797,16387,16388,490101186,540,m
XY.U06B,XY,U06B,-37.2244,-73.550003,3,LH,LH,148,14687,14881,14882,142468447,148,m
XY.U54B,XY,U54B,-35.545898,-71.359703,3,LH,LH,185,14694,14878,14879,174099167,185,m
XY.U72B,XY,U72B,-33.978699,-71.812401,3,LH,LH,152,14700,14881,14882,145909099,152,m
XZ.S11,XZ,S11,16.823,53.470001,1,BH,BH,74,12130,12312,12313,23505087,73,counts
Y1.KAEK,Y1,KAEK,4.142727,35.453087,3,LH,LH,356,18079,18800,18801,289024340,356,m
Y1.KERK,Y1,KERK,2.61653,36.255065,3,LH,LH,604,17917,18520,18521,591161503,604,m
Y1.N7001,Y1,N7001,68.400002,15.95431,2,BH,BH,101,13690,13853,13854,34119674,101,counts
Y1.TURK,Y1,TURK,3.127577,38.27457,3,LH,LH,868,17925,18792,18793,637941928,115,m
Y2.GUGE,Y2,GUGE,31.4769,79.664101,3,LH,LH,1419,13687,15105,15106,1184454432,1419,m
Y2.IFM03,Y2,IFM03,52.763,-170.063,3,BH,BH,18,16661,16678,16679,16110353,18,m
Y2.NOCO,Y2,NOCO,33.719398,80.389801,3,LH,LH,111,13691,13801,13802,106921775,111,m
Y2.PURG,Y2,PURG,30.198799,81.275299,3,LH,LH,1408,13685,15102,15103,1351577147,1408,m
Y2.WT06,Y2,WT06,32.226398,82.261299,3,LH,LH,616,14493,15108,15109,597429411,616,m
Y2.WT12,Y2,WT12,32.461102,80.8218,3,LH,LH,123,14487,14609,14610,118939377,123,m
Y3.MEL01,Y3,MEL01,-43.8955,-73.742699,6,BH;LH,BH,27,13514,13540,13541,51347403,27,m
Y3.NWM01,Y3,NWM01,-46.440899,-74.893898,6,BH;LH,BH,40,13514,13553,13554,77014247,40,m
Y5.CLA,Y5,CLA,50.009998,-113.519997,2,BH,BH,261,13514,13833,13834,95096228,261,counts
Y5.DOR,Y5,DOR,54.220001,-108.57,2,BH,BH,33,13804,13843,13844,14997372,2,m
Y5.FMC,Y5,FMC,56.650002,-111.5,2,BH,BH,839,14245,15471,15472,306180664,406,m
Y5.HON,Y5,HON,55.080002,-114.050003,1,BH,BH,39,15340,15453,15454,12911006,39,m
Y5.PER,Y5,PER,53.68,-116.040001,2,BH;HH,BH,131,13408,16689,16690,39619734,126,counts
Y5.RW1,Y5,RW1,58.852901,-113.175903,3,BH,BH,577,14897,15473,15474,557417644,577,m
Y5.RW2,Y5,RW2,53.349701,-111.745201,2,BH,BH,64,14870,14934,14935,35962581,65,counts
YA.MC05,YA,MC05,29.9921,100.220703,1,BH,BH,32,12319,12365,12366,10388447,32,counts
YA.MC08,YA,MC08,28.995899,101.511803,1,BH,BH,117,12418,12645,12646,38117856,117,counts
YA.MC16,YA,MC16,27.1824,103.633003,1,BH,BH,104,12336,12645,12646,33769746,104,counts
YB.AT06,YB,AT06,39.6731,35.6665,3,BH,BH,231,15840,16070,16071,143822526,231,counts
YB.AT19,YB,AT19,39.735199,33.5811,2,BH,BH,226,15845,16070,16071,93975264,226,counts
YB.AT39,YB,AT39,36.932098,37.222599,6,BH;LH,BH,179,15831,16009,16010,346442713,179,m
YB.AT56,YB,AT56,36.7019,35.546902,6,BH;LH,BH,549,15833,16381,16382,1065981190,549,m
YB.AT63,YB,AT63,36.712502,33.472,1,BH,BH,156,16071,16393,16394,50515219,155,counts
YB.BB10,YB,BB10,38.95715,37.37475,1,HH,HH,58,19478,19652,19653,16527649,51,counts
YC.SBA2,YC,SBA2,4.43506,115.745598,1,BH,BH,6,17631,17732,17733,2681163,6,m
YC.SBA8,YC,SBA8,4.43208,118.095222,1,BH,BH,9,17631,17732,17733,3665079,9,m
YC.SBC5,YC,SBC5,5.28637,116.88076,2,BH,BH,258,17897,18211,18212,92836702,258,counts
YC.SBF4,YC,SBF4,6.37312,117.620827,1,BH,BH,172,17897,18209,18210,55718100,172,counts
YD.3F11,YD,3F11,45.865082,23.72257,2,BH,BH,163,14975,15139,15140,62142267,163,counts
YD.3H07,YD,3H07,47.673592,23.49605,2,BH,BH,148,14457,14605,14606,61095061,148,counts
YD.MMNN,YD,MMNN,39.8909,15.9904,3,BH,BH,27,12473,12499,12500,24532292,27,counts
YD.OBS10,YD,OBS10,39.655998,17.802401,3,BH,BH,97,12741,12837,12838,93311004,97,m
YD.OBS14,YD,OBS14,39.169399,14.4694,3,BH,BH,128,12699,12826,12827,123995190,128,m
YF.CDLV,YF,CDLV,29.163099,-13.4439,3,BH,BH,388,10753,11417,11418,115392112,398,m
YF.DUOK,YF,DUOK,44.113098,14.9318,3,BH,BH,478,10790,11357,11358,221604500,498,m
YF.HVAR,YF,HVAR,43.177601,16.449,3,BH,BH,392,10880,11361,11362,189434568,3,m
YF.MARJ,YF,MARJ,32.522598,20.8776,1,BH,BH,36,11323,11440,11441,10253241,34,counts
YF.N6002,YF,N6002,63.53149,9.06231,3,BH,BH,139,13267,13439,13440,132898755,4,m
YG.GLN4,YG,GLN4,61.789501,-147.679596,1,BH,BH,59,16955,17109,17110,19009899,59,m
YH.G03,YH,G03,-1.2782,-90.4813,2,BH,BH,95,10825,10919,10920,37654916,94,m
YH.L01,YH,L01,42.4263,-110.368103,3,LH,LH,220,14183,14402,14403,210718282,220,m
YI.BARR,YI,BARR,44.282799,12.0797,2,BH,BH,22,12343,12364,12365,11268761,22,m
YI.GROG,YI,GROG,43.426182,9.89201,1,HH,HH,29,12999,13066,13067,8630839,27,counts
YI.QCB01,YI,QCB01,56.170532,-135.481313,3,LH,LH,307,18867,19251,19252,295575145,307,m
YJ.BAK01,YJ,BAK01,-47.183998,-71.973503,1,BH,BH,33,12811,12900,12901,10636309,33,m
YJ.VMG01,YJ,VMG01,-45.175499,-72.142502,6,BH;LH,BH,153,12775,12927,12928,297267988,153,m
YK.OCW,YK,OCW,38.425842,-122.846184,2,EH,EH,561,13149,17550,17551,68168049,561,counts
YL.A14W,YL,A14W,-20.6658,-178.155304,3,LH,LH,325,14571,14944,14945,313753512,325,m
YL.ARSL,YL,ARSL,40.955002,35.887001,2,BH,BH,102,13332,13511,13512,34088347,102,counts
YL.B14W,YL,B14W,-19.0427,-177.987701,3,LH,LH,326,14575,14937,14938,313429542,326,m
YL.BEKI,YL,BEKI,41.314999,34.263,2,BH,BH,136,13324,13496,13497,49609941,136,counts
YL.ILAM,YL,ILAM,26.9102,87.922699,6,BH;LH,BH,365,11612,11990,11991,692089410,85,m
YL.N01W,YL,N01W,-19.0243,-175.485504,3,LH,LH,316,14575,14939,14940,304408748,316,m
YL.ONRN,YL,ONRN,29.302,87.244003,6,BH;LH,BH,20,11881,11901,11902,38944620,20,m
YL.S02W,YL,S02W,-21.799101,-176.897995,3,LH,LH,273,14571,14943,14944,261983858,273,m
YL.WKZ15,YL,WKZ15,43.36841,54.59763,3,LH,LH,376,18894,19269,19270,215327577,376,m
YM.39,YM,39,21.599701,121.364098,1,BH,BH,109,14010,14181,14182,35063253,109,m
YM.KASE,YM,KASE,71.4776,-51.349701,3,LH,LH,265,16436,16700,16701,258633876,265,m
YM.UCM,YM,UCM,63.911201,-148.8862,2,HH,HH,10,11994,12003,12004,3889754,10,counts
YO.D03,YO,D03,34.3559,-74.488701,3,LH,LH,364,16167,16530,16531,351638995,364,m
YO.X01,YO,X01,36.225201,-74.5793,3,LH,LH,362,16163,16524,16525,350067337,362,m
YO.X03,YO,X03,35.893299,-72.719002,3,LH,LH,360,16172,16531,16532,348154669,360,m
YO.X06,YO,X06,33.6507,-72.205704,3,LH,LH,361,16167,16527,16528,348886453,361,m
YO.X09,YO,X09,32.516899,-74.3536,3,LH,LH,359,16170,16528,16529,346815019,359,m
YO.X10,YO,X10,33.047501,-76.059898,3,LH,LH,358,16171,16528,16529,346301660,358,m
YP.NE57,YP,NE57,44.122898,123.258499,1,BH,BH,85,14499,14583,14584,27445855,57,m
YP.NE59,YP,NE59,44.095901,125.961098,1,BH,BH,187,14610,14867,14868,60647286,111,m
YP.NE5D,YP,NE5D,44.107601,129.6008,2,BH,BH,116,15084,15199,15200,53034624,116,counts
YP.NE61,YP,NE61,44.849098,115.991798,3,BH,BH,589,14501,15202,15203,570266376,589,m
YP.NE7D,YP,NE7D,45.342098,128.742905,6,BH;LH,BH,594,14501,15202,15203,1138224470,594,m
YP.NE81,YP,NE81,46.069698,116.634697,4,BH;LH,BH,109,14501,14609,14610,69183607,17,m
YP.NE83,YP,NE83,46.2132,118.801102,2,BH,BH,96,14503,14598,14599,31311101,96,m
YP.NE8B,YP,NE8B,46.207199,126.056297,3,BH,BH,455,14511,14974,14975,233877988,435,m
YP.NE8I,YP,NE8I,45.994301,133.655807,2,BH,BH,424,14545,14973,14974,173622968,139,m
YP.NEA3,YP,NEA3,47.562302,121.292,6,BH;LH,BH,210,14505,14840,14841,228723048,83,m
YP.NEA5,YP,NEA5,47.648602,124.036697,2,BH,BH,330,14610,14939,14940,123781225,330,m
YP.NEAB,YP,NEAB,47.602501,131.668396,2,BH,BH,103,14505,14607,14608,47011825,103,m
YP.NEAD,YP,NEAD,47.581402,133.5802,6,BH;LH,BH,594,14504,15199,15200,1143322686,594,m
YQ.MATA,YQ,MATA,-8.9593,33.968899,2,BH,BH,87,15931,16041,16042,35669262,87,m
YQ.N002,YQ,N002,13.54526,39.416191,1,HH,HH,7,17446,17453,17454,1641378,5,counts
YR.BANO,YR,BANO,17.688869,54.438431,3,BH,BH,100,13052,13151,13152,96696280,100,m
YS.HADA,YS,HADA,-8.3722,123.5454,1,BH,BH,8,16375,16382,16383,2542450,8,counts
YS.MTNG,YS,MTNG,-8.2969,125.1025,1,BH,BH,12,16386,16397,16398,3830127,12,counts
YS.NGOK,YS,NGOK,22.122999,-159.664993,3,BH,BH,552,12716,13670,13671,523497809,552,m
YS.OLC5,YS,OLC5,-21.009501,-68.352997,3,BH,BH,119,14912,15030,15031,114636515,119,m
YS.PARW,YS,PARW,-18.201099,-69.2677,2,BH,BH,185,15092,15339,15340,82572126,185,counts
YS.PL08,YS,PL08,20.892599,-153.292099,6,BH;LH,BH,370,12792,13161,13162,713227837,370,m
YS.PL14,YS,PL14,18.7976,-153.992294,6,BH;LH,BH,351,12795,13164,13165,160962906,351,m
YS.PL21,YS,PL21,17.180099,-154.691299,3,BH,BH,365,12801,13165,13166,374126945,365,m
YS.PL27,YS,PL27,18.000299,-155.714996,6,BH;LH,BH,369,12800,13168,13169,712027343,369,m
YS.PL37,YS,PL37,19.8234,-160.047501,3,BH,BH,153,13514,13668,13669,137643936,153,m
YS.PL39,YS,PL39,21.956301,-161.314896,2,BH,BH,261,13253,13513,13514,152093084,261,m
YS.PL41,YS,PL41,24.573799,-158.933105,2,BH,BH,133,13514,13646,13647,67374538,133,counts
YS.PL43,YS,PL43,26.776699,-155.765305,2,BH,BH,102,13514,13648,13649,46951125,102,counts
YS.PL44,YS,PL44,25.5928,-152.765793,2,BH,BH,173,13257,13633,13634,56796272,171,m
YS.PL45,YS,PL45,24.2006,-154.811996,6,BH;LH,BH,327,13258,13650,13651,620796575,327,m
YS.PL50,YS,PL50,22.319901,-152.742706,3,BH,BH,251,13263,13513,13514,159863473,251,m
YS.PL59,YS,PL59,16.989,-149.0009,6,BH;LH,BH,363,13265,13859,13860,693346700,363,m
YS.PL61,YS,PL61,16.737801,-151.637604,1,BH,BH,64,13271,13461,13462,19921862,61,m
YS.PL62,YS,PL62,14.6891,-151.6866,3,BH,BH,367,13271,13661,13662,174057973,367,m
YS.PL63,YS,PL63,14.7313,-153.967499,3,BH,BH,242,13272,13513,13514,166653425,242,m
YS.PL67,YS,PL67,16.162001,-156.206604,3,BH,BH,238,13276,13513,13514,207510608,238,m
YS.PL68,YS,PL68,14.6596,-157.8591,1,BH,BH,225,13277,13513,13514,73373839,225,m
YS.PL69,YS,PL69,16.3484,-157.700806,3,BH,BH,240,13274,13513,13514,195723565,240,m
YS.PL70,YS,PL70,15.574,-158.982498,1,BH,BH,94,13277,13449,13450,31490707,91,m
YS.SARA,YS,SARA,-8.7873,121.1043,2,BH,BH,239,16801,17090,17091,86541744,239,counts
YS.SAVU,YS,SAVU,-10.5476,121.8613,2,BH,BH,214,16801,17079,17080,73990263,213,counts
YT.CLRK,YT,CLRK,-77.3231,-141.8485,3,BH,BH,1106,14614,17501,17502,711647088,1105,counts
YT.DEVL,YT,DEVL,-81.4755,161.973,2,BH,BH,592,14245,17523,17524,243478823,592,counts
YT.DUFK,YT,DUFK,-82.8619,-53.2006,2,BH,BH,365,16436,16800,16801,166486805,365,counts
YT.GM05,YT,GM05,-81.1841,51.1587,6,BH;LH,BH,70,15990,16059,16060,131973046,70,m
YT.HOWD,YT,HOWD,-77.5286,-86.7694,1,HH,HH,184,18262,18571,18572,57614464,177,counts
YT.LPLY,YT,LPLY,-73.1142,-90.2834,3,LH,LH,1105,17887,19357,19358,1003167341,1105,counts
YT.MA07,YT,MA07,-78.2496,-93.4991,3,LH,LH,704,16445,17148,17149,686719838,704,m
YT.MA09,YT,MA09,-79.8993,-104.9977,3,LH,LH,603,16448,17050,17051,424417490,603,m
YT.MCRG,YT,MCRG,-73.6681,-94.6493,3,LH,LH,1296,18262,20074,20075,1249695929,564,m
YT.MECK,YT,MECK,-75.2808,-72.185,2,BH,BH,3,14972,14974,14975,1477361,3,counts
YT.MILR,YT,MILR,-83.3063,156.2517,2,BH,BH,364,14975,15339,15340,166808280,364,counts
YT.MTAK,YT,MTAK,-76.3157,-112.7986,1,HH,HH,566,17903,20318,20319,179445441,554,counts
YT.RMBO,YT,RMBO,-83.8714,-66.3959,6,BH;LH,BH,4253,16076,20443,20444,6118088604,4253,m
YT.SILY,YT,SILY,-77.1332,-125.966,1,BH,BH,151,14615,14918,14919,48634193,151,counts
YT.SIPL,YT,SIPL,-81.6405,-148.9553,2,BH,BH,321,14610,14974,14975,151053220,321,counts
YT.ST01,YT,ST01,-83.228,-98.7418,2,BH,BH,225,14636,14911,14912,74451301,224,counts
YT.ST04,YT,ST04,-80.7152,-116.5792,6,BH;LH,BH,584,14626,15239,15240,1131049402,584,m
YT.ST07,YT,ST07,-78.6388,-123.7953,3,BH,BH,10,15340,15349,15350,9274910,10,counts
YT.ST14,YT,ST14,-77.8378,-134.0802,2,BH,BH,6,15340,15345,15346,3771796,6,counts
YT.STEW,YT,STEW,-84.1863,-86.2349,2,BH,BH,290,16078,16430,16431,97004985,290,counts
YT.SWEI,YT,SWEI,-86.9858,129.3615,6,BH;LH,BH,7,15699,15705,15706,13144076,7,m
YT.THRO,YT,THRO,-79.127296,-28.317499,1,HH,HH,94,16837,17072,17073,24871242,92,counts
YT.THUR,YT,THUR,-72.5301,-97.5606,3,BH,BH,960,14993,19704,19705,563880194,960,counts
YT.UPTW,YT,UPTW,-77.5781,-109.0374,2,BH;HH,BH,405,15000,18593,18594,130420170,403,counts
YT.WAIS,YT,WAIS,-79.4181,-111.7779,2,BH,BH,341,14610,14974,14975,148092943,341,counts
YU.B01A,YU,B01A,42.554493,-76.505821,1,HH,HH,146,18993,20335,20336,43142522,135,counts
YU.MD04,YU,MD04,10.8953,-74.1514,6,BH;LH,BH,657,16902,17647,17648,410638209,657,m
YU.NL02,YU,NL02,9.2491,-70.2202,5,BH;LH,BH,502,16903,17514,17515,301583765,502,m
YU.SL02,YU,SL02,7.6943,-71.0365,6,BH;LH,BH,589,16900,17607,17608,912195380,589,m
YU.SL09,YU,SL09,8.9599,-72.6846,4,BH;LH,BH,279,16894,17367,17368,265977479,279,m
YV.HJO,YV,HJO,70.352203,-28.164,2,BH,BH,128,11323,11679,11680,49875194,128,counts
YW.MAIO,YW,MAIO,15.23057,-23.17725,1,BH,BH,6,11896,11901,11902,3248994,6,m
YW.PJOR,YW,PJOR,16.984131,-25.19426,2,BH,BH,57,11901,12005,12006,20331268,57,counts
YY.004,YY,004,36.4473,119.562599,3,BH,BH,325,11267,11627,11628,312007423,166,m
YY.ABMD,YY,ABMD,11.8317,35.5825,3,LH,LH,622,16172,16854,16855,584972383,622,m
YY.CHGE,YY,CHGE,10.9614,36.518398,3,LH,LH,639,16162,16800,16801,627133079,140,m
YY.DAQU,YY,DAQU,13.1448,37.897598,3,LH,LH,154,16162,16575,16576,145682323,154,m
YY.GORE,YY,GORE,8.1501,35.533001,3,LH,LH,284,16152,16435,16436,278408687,284,m
YY.MGNA,YY,MGNA,12.7864,36.404301,3,LH,LH,198,16165,16474,16475,192303311,198,m
YY.NEKE,YY,NEKE,9.089,36.523701,3,LH,LH,688,16147,16845,16846,673585326,688,m
YY.NGLE,YY,NGLE,5.3316,39.573601,1,LH,LH,89,16182,16320,16321,29231344,89,m
YY.OBS10,YY,OBS10,17.561399,143.196396,3,BH,BH,28,12247,12274,12275,26362364,28,m
YY.OBS43,YY,OBS43,18.276199,145.382401,3,BH,BH,35,12221,12264,12265,33033010,35,m
YY.OBS55,YY,OBS55,19.4498,146.849701,3,BH,BH,44,12221,12264,12265,41555345,44,m
YY.OBS57,YY,OBS57,19.599899,143.400299,3,BH,BH,46,12219,12264,12265,43728068,46,m
YY.SN34,YY,SN34,58.248798,8.1688,1,HH,HH,21,13048,13091,13092,6045017,20,counts
YY.SW03,YY,SW03,58.074699,12.6033,3,BH,BH,153,13407,13559,13560,148517588,153,m
YY.TABO,YY,TABO,11.8548,38.019001,3,LH,LH,41,16168,16222,16223,37966522,41,m
Z1.VABL,Z1,VABL,-17.2465,-178.955994,6,BH;LH,BH,298,14543,14966,14967,552831842,3,m
Z1.VAVP,Z1,VAVP,-18.601999,-173.961395,6,BH;LH,BH,356,14560,14915,14916,685994910,356,m
Z5.MASD,Z5,MASD,1.687,31.723,2,BH,BH,323,19358,19722,19723,122726497,323,m
Z6.01,Z6,01,27.766001,149.092804,3,BH,BH,20,14537,14556,14557,13547098,20,counts
Z6.08L,Z6,08L,27.813601,151.491699,2,BH,BH,11,14540,14550,14551,4027979,11,m
Z6.13,Z6,13,29.351299,155.244003,3,BH,BH,367,14544,14910,14911,354129244,367,m
Z6.16,Z6,16,27.7988,155.108505,3,BH,BH,365,14545,14909,14910,352494673,365,m
Z6.BRDL,Z6,BRDL,22.677999,91.642998,1,HH,HH,19,15561,15619,15620,6082345,19,counts
Z7.LA01,Z7,LA01,31.9874,-93.8349,3,LH,LH,541,18128,19078,19079,518851644,541,counts
Z8.310,Z8,310,35.938099,114.070801,3,BH,BH,6,13508,13513,13514,5957176,6,m
Z8.320,Z8,320,36.0107,112.366096,3,BH,BH,501,13509,14009,14010,451083360,501,m
Z8.341,Z8,341,36.0462,109.201599,3,BH,BH,279,13516,14013,14014,267656208,10,m
Z8.356,Z8,356,36.036201,106.672401,1,BH,BH,167,13518,13750,13751,54137312,167,m
Z8.365,Z8,365,35.987999,105.131699,3,BH,BH,499,13522,14020,14021,482967173,499,m
Z8.373,Z8,373,35.941299,103.562599,3,BH,BH,500,13523,14022,14023,460481634,500,m
Z9.E07,Z9,E07,30.718,-82.0979,2,BH,BH,185,15476,15681,15682,63401855,185,counts
ZA.B20,ZA,B20,9.8252,-142.660507,2,BH,BH,30,15310,15339,15340,14175663,30,m
ZA.B21,ZA,B21,7.9484,-147.358002,1,BH,BH,100,15340,15603,15604,32233386,99,counts
ZB.L10S,ZB,L10S,0.6458,100.867378,3,BH,BH,102,13988,14176,14177,69315386,102,m
ZB.MLKN,ZB,MLKN,-5.3526,102.2715,3,BH,BH,36,13894,13947,13948,18127775,36,m
ZB.PPNG,ZB,PPNG,-1.99397,99.603699,1,HH,HH,68,13879,14091,14092,20396536,64,counts
ZB.PUTR,ZB,PUTR,2.58091,96.048767,3,BH,BH,97,13132,13228,13229,93339139,97,m
ZB.TIKU,ZB,TIKU,-0.399,99.944199,3,BH,BH,76,13906,13981,13982,70288254,9,m
ZC.HMDR,ZC,HMDR,18.7879,-69.381,2,BH,BH,415,17532,19923,19924,140613748,415,m
ZC.SODR,ZC,SODR,19.7524,-70.5763,2,BH,BH,128,17532,17810,17811,51213445,128,counts
ZD.FM03,ZD,FM03,-13.7229,-75.889503,3,BH,BH,559,15124,15875,15876,540041194,559,m
ZD.FM09,ZD,FM09,-12.65027,-73.041481,6,BH;LH,BH,561,14914,15474,15475,1085805139,561,m
ZD.FN11,ZD,FN11,-10.8687,-75.082703,1,BH,BH,49,15142,15268,15269,15945105,49,m
ZD.FS07,ZD,FS07,-13.46172,-71.9198,6,BH;LH,BH,520,14911,15573,15574,1002308959,520,m
ZD.G01,ZD,G01,-4.4516,-106.260498,3,LH,LH,162,13870,14268,14269,156006179,162,m
ZD.Q10,ZD,Q10,-3.7113,-102.714302,3,LH,LH,347,13878,14258,14259,333162114,347,m
ZE.BULG,ZE,BULG,61.126701,-151.091202,3,LH,LH,517,16572,17306,17307,497575541,517,m
ZE.HOLG,ZE,HOLG,59.835098,-149.769608,3,LH,LH,117,16621,16737,16738,112097200,117,m
ZG.CB14,ZG,CB14,-17.249399,-65.900902,6,BH;LH,BH,499,14921,15419,15420,964947382,499,m
ZG.CB34,ZG,CB34,-14.4346,-67.538803,2,BH,BH,135,15340,15551,15552,51919947,134,counts
ZJ.BEBP,ZJ,BEBP,-73.032547,156.869019,3,BH,BH,29,15677,15705,15706,28029137,29,counts
ZL.CHUM,ZL,CHUM,-28.8195,-66.2481,1,BH,BH,169,14358,14571,14572,54482474,168,counts
ZL.I02,ZL,I02,25.684299,-110.099602,3,BH,BH,356,13074,13429,13430,366344117,355,m
ZL.N06,ZL,N06,27.174299,-111.153603,3,BH,BH,357,13075,13431,13432,367676882,356,m
ZL.N06M,ZL,N06M,34.904999,-90.221199,6,BH;LH,BH,157,15244,15400,15401,188090956,157,m
ZL.NOQE,ZL,NOQE,-31.1994,-66.747002,2,BH,BH,15,13864,13878,13879,6057664,15,m
ZL.S05,ZL,S05,23.347799,-108.094299,3,BH,BH,357,13072,13428,13429,366502129,356,m
ZM.ALYS,ZM,ALYS,-84.354897,-23.7342,6,BH;LH,BH,42,15355,15630,15631,69755208,42,m
ZM.GM01,ZM,GM01,-83.985802,104.729103,2,BH,BH,17,13862,13878,13879,6897402,17,m
ZM.GM02,ZM,GM02,-79.425102,97.581497,6,BH;LH,BH,8,14237,14244,14245,15586554,8,m
ZM.GM04,ZM,GM04,-82.999702,61.1124,1,BH,BH,5,13874,13878,13879,1717300,5,m
ZM.N156,ZM,N156,-81.6726,86.504501,2,BH,BH,3,13876,13878,13879,2065684,3,m
ZM.N173,ZM,N173,-81.112198,77.473602,6,BH;LH,BH,501,13866,14598,14599,776860758,501,m
ZM.N190,ZM,N190,-80.327499,69.431,2,BH,BH,316,14245,14571,14572,122615724,316,counts
ZM.P061,ZM,P061,-84.499603,77.223801,2,BH,BH,334,14975,15339,15340,137600465,334,counts
ZN.DC34,ZN,DC34,38.8634,-76.985199,1,EH,EH,36,16528,16637,16638,11509937,36,counts
ZP.KASM,ZP,KASM,-10.2174,31.1401,4,BH;LH,BH,140,14833,14974,14975,109072479,140,counts
ZP.PNDA,ZP,PNDA,-6.3519,31.0613,5,BH;LH,BH,16,14229,14244,14245,23448740,16,counts
ZQ.103,ZQ,103,36.419701,117.088501,2,BH,BH,8,11680,11687,11688,5486513,8,m
ZQ.184,ZQ,184,39.180099,115.048599,1,BH,BH,47,11569,11623,11624,15041269,45,m
ZR.N1306,ZR,N1306,66.741959,15.73804,1,BH,BH,34,15990,16023,16024,12806633,6,m
ZR.N1317,ZR,N1317,64.797462,16.955721,1,HH,HH,19,15892,15910,15911,5703116,18,counts
ZT.ALST0,ZT,ALST0,39.272598,-70.055199,6,BH;LH,BH,62,12375,12436,12437,118490467,62,m
ZT.CRAIL,ZT,CRAIL,-22.80259,28.24304,1,BH,BH,30,17317,17457,17458,9220635,30,m
ZT.NHAM,ZT,NHAM,-24.91566,27.31703,2,BH,BH,170,17250,18543,18544,55726430,170,counts
ZT.WEST,ZT,WEST,40.416389,-86.7725,3,LH,LH,327,18872,19201,19202,315391595,327,m
ZU.NZ01,ZU,NZ01,-44.4981,165.001602,3,BH,BH,370,14275,14644,14645,356912581,281,m
ZU.NZ04,ZU,NZ04,-41.999298,165.502396,2,BH,BH,315,14277,14609,14610,122924549,315,counts
ZU.NZ05,ZU,NZ05,-40.6493,167.251007,3,BH,BH,361,14278,14638,14639,349634697,30,m
ZU.NZ12,ZU,NZ12,-43.001701,169.598602,3,BH,BH,33,14610,14642,14643,31191340,33,m
ZU.NZ18,ZU,NZ18,-41.000198,170.0,3,BH,BH,356,14282,14637,14638,344353114,143,m
ZU.NZ21,ZU,NZ21,-39.5005,170.000107,3,BH,BH,354,14283,14636,14637,341816631,177,m
ZU.NZ22,ZU,NZ22,-44.500599,173.998703,3,BH,BH,368,14287,14654,14655,355703295,85,m
ZU.NZ26,ZU,NZ26,-46.997898,174.498398,2,BH,BH,247,14290,14563,14564,79737709,246,counts
ZV.CHAA,ZV,CHAA,-7.59109,31.270399,2,BH,BH,90,16248,16385,16386,33092861,90,m
ZV.LORI,ZV,LORI,32.489201,102.437401,3,BH,BH,281,14023,14303,14304,272265611,281,m
ZV.MAQU,ZV,MAQU,34.0023,102.046799,3,BH,BH,282,14021,14302,14303,273021287,282,m
ZV.WKZ05,ZV,WKZ05,43.336399,52.296799,3,LH,LH,19,17032,17050,17051,17791212,19,m
ZV.WKZ07,ZV,WKZ07,42.024502,55.4767,3,LH,LH,18,17035,17052,17053,16606484,18,m
ZV.WKZ09,ZV,WKZ09,44.8806,55.337601,3,LH,LH,20,17037,17056,17057,18643821,20,m
ZX.215,ZX,215,40.438499,118.3479,3,BH,BH,97,12236,12417,12418,68359483,97,m
