sta1,lat1,lon1,sta2,lat2,lon2,distance_km,shared_days,q,band
PM.PESTR,38.867168,-7.590169,PM.PFVI,37.132832,-8.826829,221.2015057479452,6050,4.071282656086829,<300
Y2.GUGE,31.4769,79.664101,Y2.PURG,30.198799,81.275299,209.42393362351513,1406,1.9626652273173202,<300
6R.YABE,4.889818,38.088238,Y1.TURK,3.127577,38.27457,197.0394553127738,822,1.5006847752011572,<300
NR.NE81,28.918341,-109.636261,NR.NE82,26.915661,-109.230843,226.22221896560703,778,1.4599680987319785,<300
NR.NE82,26.915661,-109.230843,NR.NE83,24.730881,-107.739326,285.132143949241,764,1.4467725062813113,<300
NR.NE74,28.007509,-114.013802,NR.NE75,27.293341,-112.856491,138.92343420486108,753,1.4363194974065265,<300
NR.NE79,23.11937,-109.756111,NR.NE83,24.730881,-107.739326,272.258334760683,748,1.4315428978878526,<300
TW.KMNB,24.4638,118.388199,TW.MATB,26.151501,119.945602,244.3850667209142,716,1.4005869611046786,<300
AB.HASN,39.336076,49.217978,AB.PRLH,40.401754,50.332841,151.96626170291393,690,1.3749221646711896,<300
CM.SJC,9.896667,-75.1795,YU.MD04,10.8953,-74.1514,158.03047384272148,652,1.3365258582844604,<300
XL.HD73,49.4953,101.357101,XL.HD74,49.500999,99.152298,159.22239304614814,646,1.3303619859642075,<300
XL.HD41,48.242298,99.400002,XL.HD74,49.500999,99.152298,141.12877066744437,642,1.3262368225882741,<300
XL.HD41,48.242298,99.400002,XL.HD73,49.4953,101.357101,199.74518763557785,641,1.3252035253355026,<300
XM.ANB10,-25.0271,-64.5865,XM.ANB20,-26.7962,-65.316,209.80848721397282,633,1.3169079600877451,<300
YY.CHGE,10.9614,36.518398,YY.NEKE,9.089,36.523701,208.20247787036834,628,1.3116965903765547,<300
XL.HD03,46.515701,102.547203,XL.HD09,45.413898,100.5718,195.74884190061994,617,1.3001580515091655,<300
Y2.GUGE,31.4769,79.664101,Y2.WT06,32.226398,82.261299,259.0693736860577,613,1.2959367479913981,<300
Y2.PURG,30.198799,81.275299,Y2.WT06,32.226398,82.261299,244.17672072181287,610,1.2927617246470167,<300
Y1.KERK,2.61653,36.255065,Y1.TURK,3.127577,38.27457,231.36332454083944,596,1.2778406443405872,<300
XM.ANB10,-25.0271,-64.5865,XM.ANB11,-25.951,-62.49889,233.361876619162,584,1.2649110640673518,<300
XL.HD09,45.413898,100.5718,XL.HD48,46.209202,97.608299,246.10372996843276,581,1.2616579655032534,<300
XM.ANB11,-25.951,-62.49889,XM.ANB20,-26.7962,-65.316,295.95353900909004,581,1.2616579655032534,<300
XL.HD41,48.242298,99.400002,XL.HD48,46.209202,97.608299,263.44632950058997,580,1.260571733734503,<300
II.ERM,42.015,143.1572,JP.ASAJ,44.118801,142.593002,238.37798366020365,573,1.252941743936497,<300
YY.ABMD,11.8317,35.5825,YY.CHGE,10.9614,36.518398,140.61269591286202,568,1.247463179240832,<300
MX.HPIG,26.936794,-105.664017,MX.ZAIG,22.769176,-102.567123,558.8542535108323,2945,2.840509311846193,300-600
MX.MOIG,19.646708,-101.227303,MX.ZAIG,22.769176,-102.567123,373.9435260223519,2315,2.5184252526975377,300-600
II.LVZ,67.8979,34.6514,IU.KEV,69.7565,27.0035,369.8088265452559,2103,2.4003424413229957,300-600
MM.KTN,21.2857,99.589798,RM.SLV,21.325247,103.906708,447.22061090450984,1533,2.04939015319192,300-600
MY.KOM,1.7922,103.846703,PS.PSI,2.6938,98.923698,556.100064737871,1180,1.7980202202224442,300-600
CM.RUS,5.8925,-73.083167,CM.SJC,9.896667,-75.1795,501.5279575749639,1078,1.718553070910016,300-600
NR.NE81,28.918341,-109.636261,NR.NE83,24.730881,-107.739326,502.20452788502524,949,1.61245154965971,300-600
NR.NE80,30.5,-112.319931,NR.NE81,28.918341,-109.636261,313.2041681649463,907,1.5763665521855363,300-600
MY.KUM,5.2902,100.6492,PS.PSI,2.6938,98.923698,346.3812355738795,874,1.547423842373254,300-600
NR.NE79,23.11937,-109.756111,NR.NE82,26.915661,-109.230843,425.4320172168989,827,1.5052419820937544,300-600
NR.NE80,30.5,-112.319931,NR.NE82,26.915661,-109.230843,499.5526142167898,783,1.4646519994360623,300-600
IU.TATO,24.9735,121.4971,TW.KMNB,24.4638,118.388199,319.0845837113629,764,1.4467725062813113,300-600
NR.NE75,27.293341,-112.856491,NR.NE82,26.915661,-109.230843,361.31396958896954,686,1.3709310904617054,300-600
M8.AU52,-33.4865,120.9751,S1.AUBUS,-33.6601,115.3828,518.39705600492,683,1.367930143213581,300-600
NR.NE75,27.293341,-112.856491,NR.NE81,28.918341,-109.636261,363.85727784230414,656,1.340619362075829,300-600
NR.NE75,27.293341,-112.856491,NR.NE80,30.5,-112.319931,360.3684919871233,646,1.3303619859642075,300-600
XL.HD09,45.413898,100.5718,XL.HD41,48.242298,99.400002,326.88390461316624,644,1.328301005662435,300-600
XL.HD09,45.413898,100.5718,XL.HD74,49.500999,99.152298,466.80432833778616,643,1.3272693154052941,300-600
XL.HD09,45.413898,100.5718,XL.HD73,49.4953,101.357101,457.64924780677893,642,1.3262368225882741,300-600
NR.NE74,28.007509,-114.013802,NR.NE81,28.918341,-109.636261,439.71490705857667,631,1.3148258908645172,300-600
XL.HD03,46.515701,102.547203,XL.HD74,49.500999,99.152298,417.0087700986974,617,1.3001580515091655,300-600
XL.HD03,46.515701,102.547203,XL.HD41,48.242298,99.400002,304.93825283513195,617,1.3001580515091655,300-600
XL.HD03,46.515701,102.547203,XL.HD73,49.4953,101.357101,342.9307069611474,616,1.2991040115697867,300-600
NR.NE75,27.293341,-112.856491,NR.NE83,24.730881,-107.739326,585.2965259674664,612,1.2948792718887439,300-600
NR.NE74,28.007509,-114.013802,NR.NE82,26.915661,-109.230843,487.23996024309855,609,1.2917016492537785,300-600
CM.PRV,13.376167,-81.3635,CM.SJC,9.896667,-75.1795,776.6068166110533,2804,2.77167670929023,600-1110
IU.KBS,78.9154,11.9385,IU.KEV,69.7565,27.0035,1106.1889426601138,2684,2.711719870770992,600-1110
MX.HPIG,26.936794,-105.664017,MX.MOIG,19.646708,-101.227303,928.4350153012264,2187,2.4478114351227727,600-1110
MX.HPIG,26.936794,-105.664017,N4.ABTX,32.6238,-99.6431,858.4379357242174,1981,2.329677501345191,600-1110
MM.KTN,21.2857,99.589798,MM.YGN,16.864799,96.153397,609.8979524941823,1908,2.286350205081009,600-1110
MM.YGN,16.864799,96.153397,RM.SLV,21.325247,103.906708,953.4970962828061,1485,2.0170506068725524,600-1110
IC.SSE,31.09455,121.18863,TW.KMNB,24.4638,118.388199,786.99826864136,1317,1.8995313048439586,600-1110
IU.TIXI,71.6341,128.8667,IU.YAK,62.031,129.6805,1068.386572376351,1313,1.8966444774845397,600-1110
IU.RAO,-29.245,-177.929,NZ.URZ,-38.259249,177.110894,1101.7811185499693,1086,1.7249181040714439,600-1110
II.AAK,42.6375,74.4942,II.NIL,33.6506,73.2686,1004.996839001973,1059,1.7033407947365373,600-1110
CM.SJC,9.896667,-75.1795,VE.BAUV,8.9433,-68.041496,790.1283141668404,995,1.651068562253026,600-1110
NR.NE79,23.11937,-109.756111,NR.NE80,30.5,-112.319931,859.1339362566122,879,1.551843799511469,600-1110
NR.NE80,30.5,-112.319931,NR.NE83,24.730881,-107.739326,784.1354898224672,794,1.4749042225695284,600-1110
S1.AUBUS,-33.6601,115.3828,S1.AUKAL,-30.7637,121.4789,657.5806426856957,744,1.427710112166879,600-1110
MM.YGN,16.864799,96.153397,XR.BA07,24.1371,91.4975,942.6518223795312,724,1.4083897343546694,600-1110
IC.QIZ,19.02928,109.84398,TW.KMNB,24.4638,118.388199,1069.0382751461013,724,1.4083897343546694,600-1110
IC.LSA,29.70317,91.12757,Y2.PURG,30.198799,81.275299,950.5209288016085,722,1.40644309937545,600-1110
DK.KULLO,74.580498,-57.2201,GE.SUMG,72.5742,-38.4626,627.2088759836531,721,1.4054687708211182,600-1110
MM.YGN,16.864799,96.153397,PS.VIVO,18.6498,105.6965,1029.7374808874217,716,1.4005869611046786,600-1110
MN.CLTB,37.578,13.216,TT.TATN,32.578701,10.5292,607.2082125510069,713,1.3976496905642153,600-1110
NR.NE79,23.11937,-109.756111,NR.NE81,28.918341,-109.636261,644.9280877232738,664,1.3487690989164087,600-1110
YT.MA07,-78.2496,-93.4991,YT.RMBO,-83.8714,-66.3959,764.8370771508276,661,1.345718731425549,600-1110
XL.AT13,44.992001,96.270103,XL.HV10,51.572102,100.448601,793.9918593790109,659,1.343681305985461,600-1110
MM.KTN,21.2857,99.589798,XR.BA07,24.1371,91.4975,888.3283657997347,659,1.343681305985461,600-1110
CM.PRV,13.376167,-81.3635,YU.MD04,10.8953,-74.1514,831.0559067584393,647,1.3313912797243443,600-1110
GB.JSA,49.18783,-2.17167,PM.PFVI,37.132832,-8.826829,1443.6534408533535,4006,3.3129054417162926,1110-2000
GB.JSA,49.18783,-2.17167,GB.LRW,60.136,-1.17783,1219.023882521059,4004,3.3120783525905044,1110-2000
GB.JSA,49.18783,-2.17167,PM.PESTR,38.867168,-7.590169,1225.8343746705855,3817,3.233811102488106,1110-2000
RM.DLV,11.952,108.481499,RM.SLV,21.325247,103.906708,1150.2934240018153,3519,3.1050114155041295,1110-2000
PS.PSI,2.6938,98.923698,RM.DLV,11.952,108.481499,1472.5389087501476,3059,2.8949649251430007,1110-2000
IU.JOHN,16.7329,-169.5292,IU.MIDW,28.2154,-177.3697,1508.5688626263166,3049,2.890229170417849,1110-2000
GB.LRW,60.136,-1.17783,IU.KEV,69.7565,27.0035,1678.0782645710176,2319,2.5206000590205195,1110-2000
IC.HIA,49.270115,119.741363,IU.YAK,62.031,129.6805,1545.8474276891093,2221,2.4667653935567757,1110-2000
MX.MOIG,19.646708,-101.227303,N4.ABTX,32.6238,-99.6431,1451.5652116640604,2200,2.455075815585737,1110-2000
IC.XAN,34.03107,108.92321,TW.KMNB,24.4638,118.388199,1403.8270822142908,2126,2.4134327283449553,1110-2000
MX.ZAIG,22.769176,-102.567123,N4.ABTX,32.6238,-99.6431,1132.8042979396905,2078,2.3860324148953858,1110-2000
RM.SLV,21.325247,103.906708,TW.KMNB,24.4638,118.388199,1523.0545085888841,2073,2.383160098439574,1110-2000
IC.HIA,49.270115,119.741363,II.ERM,42.015,143.1572,1980.5247884649555,1989,2.334376805165171,1110-2000
IC.HIA,49.270115,119.741363,IC.XAN,34.03107,108.92321,1913.6528906539402,1900,2.281551983202398,1110-2000
RM.DLV,11.952,108.481499,TW.KMNB,24.4638,118.388199,1739.116967481424,1894,2.2779466841632643,1110-2000
GB.LRW,60.136,-1.17783,II.LVZ,67.8979,34.6514,1910.282962846766,1861,2.2580146449893324,1110-2000
II.COCO,-12.1901,96.8349,PS.PSI,2.6938,98.923698,1671.0321587903668,1669,2.1383645011377337,1110-2000
MM.YGN,16.864799,96.153397,PS.PSI,2.6938,98.923698,1604.5603712621091,1629,2.1125846015320042,1110-2000
MN.CLTB,37.578,13.216,PM.PFVI,37.132832,-8.826829,1944.465629781403,1580,2.0805689422097196,1110-2000
II.ARTI,56.3879,58.3849,II.LVZ,67.8979,34.6514,1755.553664259804,1555,2.06404311306783,1110-2000
DK.KULLO,74.580498,-57.2201,IU.KBS,78.9154,11.9385,1709.7037404144849,1523,2.042694969819534,1110-2000
MM.KTN,21.2857,99.589798,RM.DLV,11.952,108.481499,1404.308426124128,1512,2.03530483059041,1110-2000
MM.YGN,16.864799,96.153397,RM.DLV,11.952,108.481499,1435.0990559360318,1473,2.00888437655236,1110-2000
MN.CLTB,37.578,13.216,PM.PESTR,38.867168,-7.590169,1819.24478374106,1447,1.9910759808816527,1110-2000
PM.PFVI,37.132832,-8.826829,TT.TATN,32.578701,10.5292,1833.5661961079932,1422,1.9738010059169857,1110-2000
II.KAPI,-5.0142,119.7517,PS.PSI,2.6938,98.923698,2467.3851300761617,5327,3.820277548548692,2000-5000
GB.LRW,60.136,-1.17783,PM.PFVI,37.132832,-8.826829,2614.8272669166654,4982,3.6944979453903004,2000-5000
II.NIL,33.6506,73.2686,PS.PSI,2.6938,98.923698,4352.416168224952,4971,3.6904170607387696,2000-5000
GB.LRW,60.136,-1.17783,PM.PESTR,38.867168,-7.590169,2407.2298491949914,4794,3.6241201105016465,2000-5000
II.NIL,33.6506,73.2686,II.RAYN,23.5225,45.5032,2923.700741294615,4413,3.477126825254453,2000-5000
DK.KULLO,74.580498,-57.2201,PM.PFVI,37.132832,-8.826829,4861.7887106437465,4406,3.4743679823404325,2000-5000
IC.HIA,49.270115,119.741363,II.NIL,33.6506,73.2686,4163.191629587599,4232,3.405072766908984,2000-5000
PS.SYO,-69.0067,39.585,YT.RMBO,-83.8714,-66.3959,2601.9398179005925,4226,3.4026581068013315,2000-5000
PS.PSI,2.6938,98.923698,TW.KMNB,24.4638,118.388199,3196.9920311502897,4206,3.3945968348587257,2000-5000
DK.KULLO,74.580498,-57.2201,PM.PESTR,38.867168,-7.590169,4709.336074643488,4117,3.3584895496032914,2000-5000
II.KAPI,-5.0142,119.7517,S1.AUBUS,-33.6601,115.3828,3217.1564099899215,3931,3.281746945408593,2000-5000
II.KAPI,-5.0142,119.7517,RM.SLV,21.325247,103.906708,3400.3154859315464,3820,3.2350816720227535,2000-5000
DK.KULLO,74.580498,-57.2201,GB.LRW,60.136,-1.17783,2724.4834747351165,3801,3.22702628283951,2000-5000
MX.ZAIG,22.769176,-102.567123,PB.B934,39.844501,-123.691399,2748.9943205061477,3578,3.1309327246089778,2000-5000
PS.PSI,2.6938,98.923698,RM.SLV,21.325247,103.906708,2140.7496838354814,3497,3.0952902800558495,2000-5000
IC.HIA,49.270115,119.741363,TW.KMNB,24.4638,118.388199,2760.8541942015568,3485,3.089974952241434,2000-5000
II.KAPI,-5.0142,119.7517,RM.DLV,11.952,108.481499,2261.025271762852,3479,3.0873138566260265,2000-5000
II.KAPI,-5.0142,119.7517,TW.KMNB,24.4638,118.388199,3281.1310507173475,3336,3.0231979801854294,2000-5000
II.NIL,33.6506,73.2686,IU.KEV,69.7565,27.0035,4895.508937995827,3302,3.007752540097964,2000-5000
II.LVZ,67.8979,34.6514,PM.PFVI,37.132832,-8.826829,4338.372753354694,3204,2.9627828458698793,2000-5000
II.LVZ,67.8979,34.6514,PM.PESTR,38.867168,-7.590169,4117.938400515411,3141,2.933509749780081,2000-5000
MX.HPIG,26.936794,-105.664017,PB.B934,39.844501,-123.691399,2196.992115279628,3119,2.923218342760604,2000-5000
IU.KEV,69.7565,27.0035,IU.YAK,62.031,129.6805,4173.153815345413,3082,2.9058278710960077,2000-5000
PS.PSI,2.6938,98.923698,S1.AUBUS,-33.6601,115.3828,4395.44337039148,3042,2.8869095197706605,2000-5000
II.LVZ,67.8979,34.6514,II.RAYN,23.5225,45.5032,4990.277400407801,3033,2.882635780166459,2000-5000
PS.PSI,2.6938,98.923698,PS.SYO,-69.0067,39.585,9121.569198550422,8286,4.7645954563859565,>5000
NZ.URZ,-38.259249,177.110894,PS.SYO,-69.0067,39.585,7588.578298744026,7719,4.598689509575467,>5000
II.RAYN,23.5225,45.5032,PS.SYO,-69.0067,39.585,10299.957539246921,6778,4.3092763909615535,>5000
IC.HIA,49.270115,119.741363,PS.SYO,-69.0067,39.585,14664.038564760585,6619,4.258432408215782,>5000
NZ.URZ,-38.259249,177.110894,PM.PFVI,37.132832,-8.826829,19477.987840038997,6575,4.244254779126365,>5000
NZ.URZ,-38.259249,177.110894,PS.PSI,2.6938,98.923698,9167.557460369866,6448,4.20306476569866,>5000
NZ.URZ,-38.259249,177.110894,PM.PESTR,38.867168,-7.590169,19600.8744312077,6368,4.176909783855255,>5000
IU.KEV,69.7565,27.0035,PS.SYO,-69.0067,39.585,15458.629696774351,6258,4.140676934928884,>5000
PM.PFVI,37.132832,-8.826829,PS.SYO,-69.0067,39.585,12449.751249556935,6251,4.138360472126646,>5000
PB.B934,39.844501,-123.691399,PM.PFVI,37.132832,-8.826829,9180.8581212677,6184,4.116122660152957,>5000
NZ.URZ,-38.259249,177.110894,PB.B934,39.844501,-123.691399,10569.047903469882,6123,4.095771290703794,>5000
II.RAYN,23.5225,45.5032,PS.PSI,2.6938,98.923698,6185.50435413474,6070,4.078006496598721,>5000
PM.PESTR,38.867168,-7.590169,PS.SYO,-69.0067,39.585,12603.296923132422,6028,4.063873582328895,>5000
II.KAPI,-5.0142,119.7517,PB.B934,39.844501,-123.691399,12615.108425579816,5941,4.034440770263845,>5000
II.KAPI,-5.0142,119.7517,PS.SYO,-69.0067,39.585,9096.258440665893,5939,4.033761628642963,>5000
II.KAPI,-5.0142,119.7517,PM.PFVI,37.132832,-8.826829,13702.609120473975,5914,4.025262690313192,>5000
II.KAPI,-5.0142,119.7517,NZ.URZ,-38.259249,177.110894,6846.723092716586,5908,4.02322027359465,>5000
PB.B934,39.844501,-123.691399,PS.SYO,-69.0067,39.585,16623.41858333193,5810,3.9897127990844257,>5000
PB.B934,39.844501,-123.691399,PM.PESTR,38.867168,-7.590169,9118.809922144314,5593,3.9144971160077353,>5000
II.RAYN,23.5225,45.5032,NZ.URZ,-38.259249,177.110894,15176.65055321467,5556,3.901527624946308,>5000
IU.KEV,69.7565,27.0035,PS.PSI,2.6938,98.923698,9039.533442771086,5544,3.89731203470936,>5000
IC.HIA,49.270115,119.741363,PS.PSI,2.6938,98.923698,5542.685772579355,5503,3.8828742355073933,>5000
PM.PFVI,37.132832,-8.826829,PS.PSI,2.6938,98.923698,11384.29707540969,5373,3.8367366270315557,>5000
II.KAPI,-5.0142,119.7517,II.RAYN,23.5225,45.5032,8639.586167716816,5351,3.8288737211617128,>5000
II.KAPI,-5.0142,119.7517,PM.PESTR,38.867168,-7.590169,13531.276087632497,5322,3.8184842434935122,>5000
