rank,network,station,lat,lon,days
0,G,SSB,45.279,4.542,14934
1,ZU,NZ24,-45.498402,176.002594,364
2,3H,G08,0.7564,-90.4024,444
3,JP,JGF,35.604,137.354172,4435
4,G,ROCAM,-19.75553,63.37014,4260
5,II,HOPE,-54.2836,-36.4879,10522
6,XN,BC03,61.229599,-120.422997,426
7,ZA,B21,7.9484,-147.358002,396
8,XA,S14,-3.6445,-17.47753,2294
9,S1,AUBRM,-17.9565,122.2321,1816
10,II,NIL,33.6506,73.2686,8344
11,2A,REF03,-68.686546,78.499031,27
12,XT,NAU,-0.506318,166.932632,463
13,XA,SA01,-34.294456,19.245956,509
14,3A,OBS2,38.64385,-62.89055,65
15,YY,SHER,10.5942,34.786201,684
16,1L,TIS1,75.0483,105.5827,17
17,BL,PP1A,-17.6003,-54.879601,354
18,IU,PTCN,-25.0713,-130.0953,9436
19,YT,MRTP,-74.188,-115.081,739
20,TM,SRIT,8.59549,99.601994,4362
21,NR,NE75,27.293341,-112.856491,2117
22,IU,MIDW,28.2154,-177.3697,9183
23,DK,ICESG,69.092201,-39.6474,2948
24,3J,OBS30,-14.95702,-167.2441,617
25,VE,GUNV,10.1449,-62.9426,689
26,PS,KOR,7.3436,134.4741,1196
27,OZ,AWOON,-24.07732,151.31468,702
28,XJ,BNG,55.192932,165.983902,275
29,C1,LL05,-41.405341,-73.47445,3432
30,AF,NSU,6.86685,7.41742,660
31,XG,ERGN,38.258743,39.728668,644
32,XL,HD72,48.7351,103.635696,645
33,G,CRZF,-46.43096,51.855308,14513
34,8S,FL01,38.584427,-28.796553,147
35,IN,MNC,8.281517,73.059799,3243
36,XK,W12MB,-14.0852,34.911201,685
37,G,TRIS,-37.0681,-12.3152,5757
38,7B,SS03,-36.54219,-154.34819,367
39,Y1,N7027,65.917526,23.97368,430
40,XI,SM37,44.381001,-93.380997,852
41,CW,SOR,22.7932,-83.008598,4064
42,8Q,P21,29.6944,-139.63128,439
43,ZJ,BEBP,-73.032547,156.869019,961
44,GE,SNAA,-71.6707,-2.8379,9756
45,YW,PJOR,16.984131,-25.19426,604
46,XO,WD60,52.644867,-156.579823,420
47,II,COCO,-12.1901,96.8349,10191
48,G,AIS,-37.79635,77.569186,9740
49,NB,OCBR,-4.58127,-38.392159,321
50,TW,VDOS,20.701,116.730598,641
51,ZD,FM03,-13.7229,-75.889503,559
52,YR,BANO,17.688869,54.438431,150
53,XE,EC01,-4.72613,-131.48519,320
54,KZ,CHKZ6,53.697498,70.600197,3519
55,A7,LUBAN,-14.90583,13.44833,365
56,XE,ES31,29.506283,96.755737,428
57,ZL,A21,31.995399,160.351196,38
58,XA,S15,26.13407,3.62981,2253
59,S1,AUTAR,-42.9425,147.3551,4012
60,ID,RPN,-27.1273,-109.334396,1000
61,IM,H01W2,-34.897079,114.134033,1465
62,XI,D55,26.105801,-44.840599,278
63,UO,LAIR,43.16148,-123.93143,3371
64,ZU,227,22.674228,-158.1445,35
65,AK,A19K,70.2043,-161.0713,1302
66,X5,CTSN,62.851799,-82.484642,1057
67,XF,E06,17.3333,149.300003,41
68,5A,KIMBE,-5.53671,150.126236,491
69,8A,KONI,-67.962303,-62.674702,60
70,G,PPTF,-17.5896,-149.56525,6312
71,VU,RTV,-17.7882,168.430603,373
72,ID,SEY,-4.673032,55.461128,823
73,IU,RAO,-29.245,-177.929,7081
74,II,SHEL,-15.9594,-5.7455,11033
75,ZD,G01,-4.4516,-106.260498,162
76,YC,SBA8,4.43208,118.095222,667
77,YF,MARJ,32.522598,20.8776,306
78,TO,CARR,17.2064,-99.510902,604
79,XD,PSP03,-89.929001,144.360992,915
80,G,FOMA,-24.97565,46.978877,5092
81,ZQ,103,36.419701,117.088501,432
82,1E,WHI,83.088333,-74.146667,366
83,IM,WK31,17.9275,167.499298,56
84,IU,YAK,62.031,129.6805,11516
85,YF,CDLV,29.163099,-13.4439,535
86,IM,I52H2,-7.37058,72.482361,3947
87,7B,SD05,-29.001301,133.585098,101
88,X6,NS10,-27.051001,-67.688004,610
89,XA,S11,0.67416,23.473146,21
90,PO,NWRL,53.5253,-60.1424,201
91,2A,46,-14.85,-118.3703,248
92,BL,STMB,-2.7515,-54.957199,113
93,CM,FLO2,1.582667,-75.652667,170
94,S1,AUNHS,-12.1874,136.7832,1911
95,GB,LEWI,58.1445,-6.869,731
96,IU,KIEV,50.7012,29.2242,9041
97,XD,DELB,-7.56202,110.462578,49
98,IU,FUNA,-8.5259,179.1966,7233
99,ON,RIB01,-19.314217,-40.394363,3428
100,YP,NEA9,47.6717,127.988297,691
101,XU,MACQ,-54.497299,158.938599,400
102,PS,SYO,-69.0067,39.585,10960
103,TX,435B,30.7827,-97.585,2738
104,IU,KOWA,14.4967,-4.014,1642
105,X9,YA03,-54.85568,-68.66536,39
106,4P,RET57,35.807823,-79.336545,23
107,ZV,WKZ09,44.8806,55.337601,20
108,1J,TI4A,-67.39725,114.135036,36
109,AF,POGA,-27.346,31.707,5604
110,XI,UQSK,25.789,42.360001,261
111,IU,KBS,78.9154,11.9385,11238
112,G,PAF,-49.351,70.210708,14359
113,XI,KITU,-1.373014,38.002075,179
114,IU,JOHN,16.7329,-169.5292,7182
115,XP,N16,39.146099,-108.593597,361
116,ON,TER01,-28.531839,-49.12907,983
117,CD,WMQ,43.821098,87.695,3149
118,ZC,SODR,19.7524,-70.5763,3871
119,TC,TRT1,10.598402,-83.699265,205
120,JP,JOW,26.836,128.272507,7185
121,II,FFC,54.725,-101.9783,11479
122,IU,XMAS,2.0448,-157.4457,8973
123,IU,BILL,68.0653,166.4531,10523
124,XT,PNI,7.006,158.15184,223
125,XS,S15D,0.1814,-6.6228,371
126,PO,MATQ,49.7589,-77.6376,3439
127,XV,BANJ,-13.6426,48.453701,234
128,AK,GLB,61.4417,-143.8123,4873
129,XF,NG010,27.461399,84.2799,153
130,ZM,N215,-78.904503,59.994301,874
131,Z1,Z01J,-11.10908,24.020639,522
132,PM,PESTR,38.867168,-7.590169,6895
133,IU,ADK,51.8823,-176.6842,9063
134,IU,KNTN,-2.7744,-171.7186,2997
135,ZB,LUNG,-2.2853,101.155602,276
136,PS,VIVO,18.6498,105.6965,1603
137,G,HYB,17.41867,78.55213,6332
138,XH,RS08,-79.3899,-163.539398,719
139,YY,SW05,56.7528,12.6313,249
140,2D,OBS13,32.654999,-123.828598,389
141,IU,HNR,-9.4387,159.9475,10864
142,Z6,01,27.766001,149.092804,378
143,YS,TL06,-8.4718,126.4576,1516
144,BX,KOOLE,-22.993059,20.195551,1138
145,IU,SAML,-8.9489,-63.1831,5723
146,XW,ADEN,12.77592,44.982441,761
147,TT,THTN,35.5616,8.6881,712
148,YL,B14W,-19.0427,-177.987701,326
149,ZV,XWAN,38.452499,102.6717,492
150,AI,BELA,-77.875,-34.6269,6118
151,XN,SARMI,-1.854546,138.753006,15
152,PQ,CMBN,69.1206,-105.0419,857
153,IU,MSKU,-1.6557,13.6116,1286
154,YA,LIQ1,23.48757,69.9161,15
155,MH,P0023,-24.176133,-141.1115,408
156,IU,YSS,46.9587,142.7604,12271
157,S1,AUCAR,-24.8851,113.6586,2038
158,MM,SIM,20.1332,92.885201,869
159,MN,PDG,42.4297,19.2608,1914
160,XW,KHA,44.208099,73.997299,786
161,MN,KEG,29.9275,31.8292,2324
162,MH,P0019,-15.399867,-130.741183,120
163,S1,AUTKS,-33.7846,151.0254,3236
164,G,TAOE,-8.85493,-140.14819,7580
165,1U,RUC,-36.124113,174.011005,345
166,ID,RAR,-21.212999,-159.7733,5404
167,IL,IR3,35.476112,51.02375,775
168,IU,TRQA,-38.0568,-61.9787,8531
169,XY,BS07,52.390099,-126.834999,416
170,NO,JMIC,70.986603,-8.5057,4292
171,YU,MD04,10.8953,-74.1514,737
172,AK,M11K,60.3849,-166.2011,1887
173,ZU,E118,46.122799,169.574997,26
174,IU,MA2,59.5756,150.77,9996
175,YS,PL59,16.989,-149.0009,363
176,1D,FOWL,-76.892838,-79.301125,677
177,PQ,TUKN,69.4382,-132.9945,1577
178,XU,COVA,-45.471199,161.161407,105
179,II,KWAJ,8.8019,167.613,5674
180,4P,MTB15,48.3131,-112.447,36
181,7B,SA02,-17.3633,144.484695,40
182,XE,LAJO,-17.77766,-67.477753,183
183,XP,N076,-80.806198,135.434006,246
184,M8,AY41,-27.9822,122.9615,389
185,C1,VA04,-33.6427,-78.8299,3914
186,CD,ENH,30.271799,109.486801,1770
187,G,SOK,14.494418,-16.456223,2429
188,12,OBS21,9.82879,-104.29892,366
189,GI,PETF,16.916298,-89.866737,2709
190,8F,VIGR,63.89593,-22.12951,472
191,G,IVI,61.205808,-48.171178,5017
192,G,DRV,-66.664908,140.002069,13758
193,X5,MARN,71.326279,-79.373581,589
194,XB,CM31,10.327,15.262,359
195,YP,NE61,44.849098,115.991798,266
196,NM,WADM,36.366,-89.796,4022
197,XD,INZA,-5.1168,30.3988,193
198,MY,KSM,1.4733,110.308296,7203
199,XH,SAR,38.234528,28.685875,319
200,XB,PM35,31.046301,-3.9958,1305
201,G,KOG,5.207,-52.732,1939
202,7B,SB06,-35.036659,140.146194,140
203,XA,MM01,42.317501,-72.7117,363
204,GH,MRON,6.4647,-1.4371,526
205,KG,TJN,36.38052,127.36174,4962
206,IM,I07H8,-19.943291,134.322906,1892
207,YS,PL68,14.6596,-157.8591,387
208,GB,CCA1,50.18667,-5.22767,5296
209,Z5,GIMR,3.272,31.501,35
210,IU,DAV,7.0697,125.5791,11436
211,X4,A07,36.812099,92.948601,33
212,AI,ORCD,-60.738098,-44.736099,7918
213,AF,BLWY,-20.143,28.611,928
214,PS,TGY,14.1,120.940002,231
215,XF,NE4,76.657433,-34.27758,564
216,GE,TRTE,58.378601,26.720501,2370
217,II,PALK,7.2728,80.7022,8845
218,CU,ANWB,17.6684,-61.78562,6517
219,GT,CPUP,-26.33064,-57.33087,9156
220,II,NRIL,69.5049,88.4414,1395
221,BL,IGCB,-1.1272,-47.608501,391
222,II,KAPI,-5.0142,119.7517,8408
223,II,ARTI,56.3879,58.3849,2836
224,RU,ERBR,45.7146,40.4835,1006
225,II,NVS,54.8404,83.2346,492
226,G,PCR,-21.20842,55.5721,302
227,CZ,MORC,49.7768,17.5425,1212
228,II,UOSS,24.9453,56.2042,6317
229,IU,TIXI,71.6341,128.8667,10031
230,IN,PBA,11.655733,92.743919,4614
231,YT,WNDY,-82.3695,-119.4135,323
232,EC,MCRA,-4.3697,-79.954399,575
233,N4,K50A,42.7749,-82.6231,4332
234,XK,5190,51.352074,-90.222374,152
235,ZU,TXC24,31.493786,-106.042888,26
236,3E,MEL15,-34.017221,-70.126983,286
237,ZU,FLD53,30.16414,-84.734619,71
238,RM,DLV,11.952,108.481499,4253
239,MH,P0011,-14.000417,-159.5934,628
240,NN,SLVR,37.7414,-117.6143,810
241,N4,R32B,38.4225,-98.7111,4642
242,Y6,MALY,45.793499,-63.355103,697
243,X5,PNGN,66.143471,-65.711548,1058
244,BL,CRTA,-13.43211,-44.58189,50
245,3J,OBS04,-12.90699,-174.27149,619
246,II,EFI,-51.6753,-58.0637,10605
247,BL,NUPA,-20.662781,-47.68594,172
248,ZB,PUTR,2.58091,96.048767,97
249,1P,OHRS,-48.7078,-73.9807,673
250,SR,MAIO,36.299999,59.494499,990
251,CD,KMI,25.123301,102.739998,3395
252,YY,NGLE,5.3316,39.573601,662
253,4P,NDC26,47.845129,-102.105529,15
254,YH,MOHO,-8.1426,39.183201,420
255,Y5,HON,55.080002,-114.050003,1409
256,TJ,GEZN,39.283298,67.715401,2189
257,7B,SB04,-29.3367,145.006104,22
258,YF,N6002,63.53149,9.06231,150
259,JM,CVJB,18.226,-77.535,1059
260,GE,MHV,54.959499,37.766399,2834
261,XA,SA18,-28.632814,24.305628,615
262,VE,PAYV,5.4205,-67.656097,596
263,XJ,PZT,51.466999,156.809998,189
264,XF,H1630,34.065399,84.227402,302
265,ZU,NZ05,-40.6493,167.251007,361
266,ZM,GM02,-79.425102,97.581497,896
267,MP,KAR2,32.5398,44.0224,1761
268,KP,UPNV,72.782898,-56.1395,2892
269,IM,I51H3,32.34124,-64.70222,3990
270,QZ,FDRN,51.26934,51.769418,1593
271,CM,MAP,4.003667,-81.606,272
272,3U,AR2,21.195819,-104.808545,260
273,XS,S38D,1.921838,-12.762288,313
274,A7,CAXIT,-8.553669,13.66417,28
275,EM,PA834,-31.716999,-61.580002,20
276,IC,SSE,31.09455,121.18863,10314
277,YI,QCB01,56.170532,-135.481313,308
278,IU,TARA,1.3549,172.9229,6733
279,PS,CHUK,7.4638,151.8554,878
280,YO,X06,33.6507,-72.205704,361
281,XL,AT13,44.992001,96.270103,659
282,GE,TIRR,44.458099,28.4128,8359
283,DA,URKR,42.1649,47.631,34
284,G,CCD,-75.1065,123.305,5757
285,SR,BCAO,4.4335,18.5354,2938
286,7E,KB03,-16.039301,129.263306,58
287,7B,SA04,-22.941799,140.143997,142
288,YT,RMBO,-83.8714,-66.3959,4255
289,CB,SNY,41.827801,123.578003,3152
290,YT,AGO3,-82.7541,28.581,1837
291,9C,2A11,53.6955,-166.7401,404
292,JP,CBIJ,27.095699,142.184494,2167
293,X2,281,39.6814,110.487,368
294,IU,TATO,24.9735,121.4971,12051
295,XV,SW060,49.53487,78.41968,144
296,XI,SODA,18.292101,42.3769,388
297,YY,OBS57,19.599899,143.400299,46
298,IM,H10S2,-8.9591,-14.64531,4223
299,6H,MAMB,-21.0061,34.959801,84
300,XO,GUA3,13.266417,144.717209,374
301,TW,VNAS,10.3774,114.364998,721
302,AK,J19K,63.994,-155.6214,2407
303,XB,FREI,-62.194698,-58.9841,835
304,XA,S12,-3.01084,-23.42456,2872
305,TM,NAYO,14.3152,101.3209,3715
306,JP,JTM,40.789501,141.064667,4438
307,XR,ST05,31.040247,90.174088,317
308,AP,PVFF,33.39,-112.86,2324
309,7D,J48C,47.129501,-130.650696,285
310,TM,CMAI,19.932507,99.045281,1612
311,XE,RAUL,-19.29986,-60.706451,59
312,XD,MISC,-10.674984,152.784119,121
313,M8,AU52,-33.4865,120.9751,772
314,X8,QMM5,50.8438,-68.798203,1006
315,XV,VATO,-19.3314,48.982399,177
316,YS,PL44,25.5928,-152.765793,393
317,ZV,LORI,32.489201,102.437401,281
318,XO,WD54,56.331433,-149.066665,416
319,IM,I18H7,77.47177,-69.27995,553
320,XW,BCHU,39.793301,78.782501,348
321,XP,MINN,-78.550446,166.880066,292
322,BL,CRJB,-6.1702,-50.154598,555
323,TC,ICC3,5.54345,-87.05687,893
324,XJ,SHO,42.848701,-114.429703,78
325,1K,GIAN,42.25078,11.10161,367
326,3H,G39,-0.9632,-95.7405,445
327,PS,MCSJ,24.29,153.978,4308
328,XW,ESG8,30.011152,-91.177429,40
329,NL,HGN,50.764,5.9317,8437
330,ZF,B001,-84.374199,170.981598,28
331,ZP,KISH,-12.0219,29.612301,367
332,7C,MM17,62.0789,-131.9483,757
333,GE,SOCY,12.18703,53.987419,1056
334,PO,KJKQ,55.2769,-77.7455,128
335,IN,SHL,25.566816,91.855949,4855
336,CA,CFAR,40.5604,0.6614,3467
337,8A,AIAI,-27.915554,17.491323,522
338,ZM,P061,-84.499603,77.223801,1586
339,8A,NEPA,-17.7703,18.4597,757
340,DK,NOR,81.604718,-16.66103,5240
341,XF,ET14,37.737228,15.061717,60
342,XT,B151,12.9915,-67.651299,366
343,YQ,N002,13.54526,39.416191,382
344,IU,PTGA,-0.7308,-59.9666,3260
345,KZ,AB06,49.261101,59.969299,7481
346,BL,PDCB,-12.5306,-39.123798,489
347,ZG,CP19,-13.089,-70.393303,244
348,ZN,SA2G,66.327003,-51.860298,318
349,AT,SMY,52.730801,174.103104,7664
350,8Q,P19,26.723123,-144.689908,445
351,XB,CM11,3.98,13.188,358
352,XW,SS21A,-20.31518,-72.438164,35
353,YT,THUR,-72.5301,-97.5606,5003
354,XJ,TKI,60.44611,166.148788,316
355,4P,WAC06,47.88108,-120.666119,20
356,AK,TNA,65.5598,-167.9267,6591
357,5A,ARAWA,-6.22292,155.563797,448
358,YQ,MATA,-8.9593,33.968899,791
359,YL,BEKI,41.314999,34.263,671
360,MH,P0017,-9.9899,-135.034383,175
361,OZ,TOT,-37.82313,146.40738,710
362,XW,SAUM,16.141451,49.29332,189
363,ZI,2299,44.351398,-107.611,15
364,YT,ST14,-77.8378,-134.0802,719
365,XS,S009,37.548,22.212,489
366,Z6,13,29.351299,155.244003,367
367,BL,POPB,-22.456499,-52.8368,783
368,XT,KOS,5.3238,163.008698,465
369,IC,HIA,49.270115,119.741363,11556
370,XU,LUMA,-45.722801,168.449402,33
371,YS,PL14,18.7976,-153.992294,370
372,S1,AUKAR,-20.752,116.8178,2366
373,PB,GUAX,28.88406,-118.28968,1925
374,AF,GRM,-33.313,26.507999,2066
375,XI,SC14,47.723,-84.814003,835
376,JP,JSU,31.509331,130.452667,4437
377,AK,FYU,66.5657,-145.2342,5577
378,AF,TEZI,-15.747,26.016001,2006
379,GE,GHAR,32.122398,13.0885,301
380,CM,RUS,5.8925,-73.083167,4835
381,5G,D10,42.9305,130.3004,1812
382,GB,GDLE,54.42183,-0.81567,3121
383,ZA,B20,9.8252,-142.660507,391
384,YF,PB60,53.950298,22.0117,203
385,YS,SAVU,-10.5476,121.8613,723
386,IM,CY602,34.34664,34.51679,2320
387,NR,NE79,23.11937,-109.756111,1604
388,M8,AI45,-29.9886,114.9982,772
389,X3,OBS01,36.117802,-34.2104,16
390,YH,LOBS4,-39.120098,178.981506,320
391,S1,AUMUL,-28.5585,153.4949,465
392,MY,KOM,1.7922,103.846703,6682
393,XM,ANB07,-23.7691,-63.6877,650
394,N4,060A,27.0361,-80.3618,4374
395,PM,PMOZ,32.823002,-17.19717,6052
396,G,NOC,-22.284,166.432,588
397,XO,EP16,59.1126,-156.8567,383
398,M8,TEFOZ,-22.8162,122.5786,77
399,GE,PMG,-9.4092,147.1539,3153
400,7B,NN01,-31.70961,-154.60328,370
401,8B,416,34.9002,111.4011,433
402,MH,P0006,-14.433683,-179.48985,618
403,MH,P0020,-20.2983,-130.667133,109
404,ZM,D21,30.187901,-41.987301,208
405,PQ,NBC8,56.57308,-122.40441,3741
406,XB,NIUE,-18.979219,-169.876144,654
407,BL,GNSA,-15.2644,-49.085499,57
408,7U,TJTJ,-77.29887,-100.476063,727
409,1D,BREN,-72.67498,-63.020939,364
410,N4,R50A,38.2816,-84.3274,4629
411,ZU,NMV26,35.783683,-103.857885,41
412,4P,NEK29,42.886919,-100.444528,23
413,7B,SD09,-30.4324,139.421494,67
414,PQ,ULUN,70.7363,-117.762,1577
415,7C,MM40,66.0246,-124.6709,585
416,3R,A06,16.596106,-94.705902,21
417,Y2,GUGE,31.4769,79.664101,1419
418,ZU,TXK37,26.160578,-97.364209,35
419,II,LVZ,67.8979,34.6514,11745
420,MH,P0013,-11.499367,-144.00305,94
421,XV,MMBE,-21.750099,43.372101,702
422,XT,TAUF,-17.971741,177.280457,328
423,ZT,NHAM,-24.91566,27.31703,1037
424,MH,P0012,-15.005483,-154.98335,223
425,8A,BAHE,-21.3521,15.4405,1306
426,YS,PL71,17.746901,-161.367599,414
427,MX,HPIG,26.936794,-105.664017,4279
428,NC,G005,38.592064,-123.319794,1747
429,NB,AGBR,-8.42954,-35.936161,240
430,MN,MEB,36.303,2.73,345
431,MH,P0025,-22.024383,-148.47345,70
432,VE,LUEV,5.8433,-61.4613,651
433,XJ,TIG,57.759483,158.685638,250
434,TO,SAFR,21.570499,-98.369598,188
435,2A,39,-12.37,-114.524902,190
436,XK,B17CI,-19.2938,22.909401,627
437,4P,ILM43,41.206753,-88.744317,42
438,ZF,HYNE,9.31476,42.096199,710
439,CU,BBGH,13.1434,-59.5588,7352
440,XI,CX111,21.3447,-89.2341,45
441,NU,CSGN,12.9763,-87.558701,3637
442,ZM,GM07,-77.313599,39.613201,322
443,DK,SCO,70.485536,-21.949715,5801
444,YD,3H07,47.673592,23.49605,683
445,YF,STN10,20.3675,-65.524498,45
446,PS,GTC1,31.4007,140.917297,1079
447,4Q,UT19,-22.621085,-68.369201,689
448,3B,EOC03,34.914823,-95.331186,49
449,NI,ZOU2,46.558399,12.9729,866
450,X4,D11,34.0555,97.205399,159
451,XL,HD68,44.403,102.444702,650
452,CI,CIA,33.401898,-118.415021,10006
453,XB,ALIE5,-41.710701,172.907394,369
454,BL,SNVB,0.9051,-51.877102,481
455,XR,MS09,23.478138,96.080143,398
456,8G,EC17,-0.0268,-79.847702,166
457,XD,SING,-4.6403,34.731499,372
458,GE,MELI,35.289902,-2.9392,1442
459,XY,PACW,39.9962,-77.9247,853
460,XL,HD75,49.3102,96.357101,640
461,XV,NAPU,-15.08,39.25,518
462,BL,TRSB,-4.873,-42.705898,604
463,ZM,ALYS,-84.354897,-23.7342,42
464,XB,PAPL,45.319138,-77.809006,132
465,Z5,NTGM,-0.832,30.272,726
466,Y1,KERK,2.61653,36.255065,603
467,XV,EH,9.058173,-79.664642,166
468,4P,MNB33,48.381253,-95.504593,23
469,N4,E62A,46.6201,-69.5227,2767
470,EI,IMAY,54.160708,-9.379619,1355
471,YB,IF01,62.359459,-6.52752,462
472,A7,LUENA,-12.370829,19.91033,28
473,YL,F01,-20.795,-173.913193,369
474,CB,WHN,30.542801,114.353897,3120
475,YU,NL02,9.2491,-70.2202,636
476,C1,CO05,-29.91864,-71.23841,3586
477,3D,MM15,31.1991,-8.8973,862
478,KZ,OTUK,48.244301,72.337502,3842
479,XY,U06B,-37.2244,-73.550003,148
480,QZ,ZSN,47.462283,84.866045,1535
481,M8,BK45,-30.00289,128.97015,31
482,ZX,215,40.438499,118.3479,392
483,2O,BTL04,-15.84238,133.93432,1923
484,MM,YGN,16.864799,96.153397,2943
485,ON,VAS01,-22.280081,-43.442623,2954
486,MH,P0022,-24.142517,-136.613917,454
487,CB,GZH,23.6525,113.652496,2505
488,XM,ASB08,-37.6872,-67.8793,470
489,9R,OBS16,18.39057,-81.81344,201
490,XM,ANB19,-27.7766,-62.9698,638
491,KR,SFK,40.017151,73.506289,4066
492,3H,G33,2.8879,-94.4777,452
493,XN,NUMFO,-0.966673,134.806885,17
494,Z9,W315,34.177898,-83.853104,749
495,YF,N6029,62.73584,17.815901,168
496,QZ,AKST,45.734274,62.857266,1581
497,XI,RIYD,24.722,46.643002,336
498,ZL,NOQE,-31.1994,-66.747002,710
499,Z8,356,36.036201,106.672401,472
500,Y1,N7001,68.400002,15.95431,810
501,N4,P38B,39.6248,-93.5321,4674
502,YP,NEP5,45.733601,122.619797,314
503,XM,HB01,55.8022,-160.905197,48
504,GO,GHRG,41.7348,42.341,1206
505,ZB,N60B,1.63527,99.883049,224
506,IC,QIZ,19.02928,109.84398,9352
507,IU,TBT,28.6794,-17.9145,740
508,KW,MIB,29.8032,47.338799,477
509,XD,HOT16,65.540825,-13.753478,749
510,7D,G13B,40.683998,-128.028305,286
511,GE,RIOB,-10.1501,-67.747002,200
512,S1,AUDHS,-12.44,130.833,3955
513,C8,PCAQ,49.7311,-62.9416,3261
514,AK,PS01,70.258,-148.6141,2387
515,YP,NE8I,45.994301,133.655807,656
516,ZU,NMW20,35.273922,-108.735317,32
517,YT,FALL,-85.3066,-143.6284,2843
518,4P,COP26,39.709203,-103.653028,30
519,DK,DBG,74.307055,-20.219193,4674
520,AF,MOPA,-23.517,31.398,4768
521,XE,WW03,-6.01551,-135.112,385
522,YY,SN32,59.712399,7.9995,346
523,AK,SPIA,57.1766,-170.2478,7599
524,DK,NEEM,77.444702,-51.073799,3917
525,7B,SC10,-25.190001,133.324097,71
526,7B,SC07,-19.369101,138.329407,71
527,4P,NVM07,41.388492,-119.171245,30
528,7B,SA05,-23.2005,144.272293,141
529,Y5,RW1,58.852901,-113.175903,577
530,TO,PH20,-16.4125,-73.124496,547
531,HL,RDO,41.145031,25.53553,5980
532,4O,GV01,32.4065,-101.6023,346
533,G,MATO,-15.49678,-58.1596,811
534,X5,CHIN,62.636665,-74.236,662
535,CB,GYA,26.459999,106.664001,2304
536,YS,PL63,14.7313,-153.967499,390
537,G,TAM,22.79149,5.52838,13786
538,4J,XB07,3.338652,8.69917,836
539,YJ,VMG01,-45.175499,-72.142502,153
540,XV,VINA,-18.176901,45.224701,363
541,7B,SD10,-32.843601,136.065704,64
542,M8,AQ41,-27.9997,118.5997,312
543,BL,PTMB,-21.4631,-57.475601,257
544,9G,SA235,52.112999,-110.266998,27
545,9G,BC410,50.82,-117.184998,37
546,XD,JYG,39.807545,98.222244,143
547,7D,KA08,-18.868,126.016121,78
548,GE,ZKR,35.1147,26.216999,1128
549,NM,EUAL,32.97143,-88.08669,110
550,AF,PWET,-8.28,28.530001,735
551,2P,OBS01,-1.3847,-14.3458,117
552,XM,1026,9.800467,38.416504,53
553,BL,TRMB,-18.092199,-44.929001,435
554,ZT,ALST0,39.272598,-70.055199,62
555,ON,PET01,-24.290108,-47.275345,2859
556,XT,RPPC2,8.9494,-66.436501,168
557,7B,SA07,-26.0327,146.781693,138
558,7B,SA01,-13.9586,143.180099,103
559,US,KNB,37.0166,-112.8224,2266
560,GE,HLG,54.1847,7.8839,1801
561,ZD,Q10,-3.7113,-102.714302,347
562,AS,KAAO,34.540699,69.042801,1426
563,YG,CBP4N,45.978298,18.12705,456
564,NJ,TORO,10.055,9.12,740
565,XW,SUYR,19.560699,57.690399,354
566,CM,PRV,13.376167,-81.3635,4058
567,PQ,KLONY,64.4525,-138.2164,1824
568,GE,RUE,52.475899,13.78,2493
569,BL,CCUB,-18.424999,-51.212002,84
570,YA,MC08,28.995899,101.511803,344
571,XW,PDG,43.327499,79.487602,906
572,4P,WIG42,45.046331,-88.246908,35
573,MH,P0024,-24.272183,-145.46665,178
574,DK,ANGG,65.616388,-37.63704,5740
575,ZL,A01,33.629501,156.598007,34
576,S1,AUAYR,-19.5774,147.4088,3964
577,S1,AUGRF,-34.2858,146.059,2816
578,XI,TAIF,21.281,40.348999,70
579,3J,OBS19,-16.28387,-173.17295,618
580,GB,HMNX,50.86733,0.33633,5367
581,XP,N116,-82.009804,112.571198,120
582,JP,JHS,35.001831,133.113663,4437
583,5A,LIHIR,-3.05528,152.611496,586
584,ZE,BULG,61.126701,-151.091202,517
585,GE,SUMG,72.5742,-38.4626,1574
586,XA,SA81,-30.925116,21.268124,503
587,XE,EE04,-8.20435,-131.2551,405
588,3H,G52,-2.3945,-91.89,450
589,RM,SZP,17.552,120.455002,3268
590,CW,GNEO,20.3274,-74.592934,179
591,YB,AT44,37.846699,34.612,367
592,1P,MAMA,-52.0337,-72.3827,341
593,YT,EAGL,-80.894402,-22.309799,439
594,MY,KUM,5.2902,100.6492,6384
595,7D,FN16A,46.799599,-125.516098,279
596,XF,MA66,18.181801,-103.006401,24
597,XL,HV10,51.572102,100.448601,661
598,XA,AX08,38.8984,46.1815,562
599,G,SEY,62.933,152.373,1062
600,ZO,A07,69.625099,-49.2952,54
601,XN,B07,59.6548,-126.950104,98
602,XO,SARI,16.709562,145.769669,353
603,ZU,101,18.84335,-157.61711,28
604,YD,3D14,44.176979,23.319521,647
605,MH,P0018,-12.273467,-132.196487,141
606,BX,KHWEE,-21.9464,25.446911,943
607,XS,I12D,-0.868283,-10.77656,373
608,7B,SC08,-22.274799,131.367203,135
609,XB,CM27,7.359,12.667,154
610,BX,PHPEN,-25.475531,22.857294,1658
611,BL,ITPB,-15.9887,-39.628201,499
612,GT,DBIC,6.67015,-4.85653,5372
613,GB,LRW,60.136,-1.17783,6770
614,1G,WA20,41.14854,106.47017,139
615,ZM,P124,-78.871803,77.656998,369
616,8Q,P17,25.826362,-141.048872,428
617,TM,UBPT,15.2773,105.4695,3546
618,JP,JMJ2,24.740801,125.327797,4857
619,YM,39,21.599701,121.364098,385
620,7B,NN04,-33.35722,-158.09491,370
621,QZ,CHM,42.348271,69.573528,1595
622,XP,E026,-76.424698,154.759064,92
623,XF,H1210,30.782101,85.109398,402
624,XV,SENA,-17.445,35.032001,609
625,XT,D58,45.032299,-118.073799,694
626,X9,BB420,43.6297,-130.208206,372
627,4P,MTB21,48.3517,-107.056,15
628,AF,HARE,-17.704,31.009001,234
629,IU,KEV,69.7565,27.0035,11761
630,7B,SD07,-31.0807,125.321602,70
631,TX,ELG6,28.481656,-100.326356,615
632,AK,F21K,67.2221,-153.483,1928
633,XE,ES11,31.906748,94.135582,455
634,7B,SB10,-28.6597,149.012497,86
635,YL,ILAM,26.9102,87.922699,366
636,XE,ROSL,-19.485266,-64.18029,394
637,CW,CAIB,22.497055,-79.47097,3001
638,MN,RTC,33.9881,-6.8569,6320
639,CH,SLE,47.7645,8.49236,5266
640,YT,SIPL,-81.6405,-148.9553,3097
641,YO,X10,33.047501,-76.059898,358
642,YS,PL50,22.319901,-152.742706,390
643,NR,NE81,28.918341,-109.636261,1952
644,AK,DCPH,59.0905,-138.2139,401
645,ZB,MLKN,-5.3526,102.2715,36
646,4A,MN50,47.99548,-90.242653,601
647,ZA,B02,11.0639,-145.714005,394
648,XJ,ZUP,54.081619,159.987518,325
649,EM,PA970,-34.130001,-65.107002,17
650,8A,HAO,-17.8869,15.0599,854
651,HV,ANDI,-14.247084,-170.564072,1563
652,MP,SLY1,35.5784,45.3667,335
653,S1,AUHPC,-38.1068,142.3183,3479
654,IU,PMSA,-64.7744,-64.0489,12271
655,N4,257A,31.9746,-81.0261,4413
656,7B,SA03,-20.337999,142.667801,145
657,YO,X01,36.225201,-74.5793,362
658,2A,44,-16.002001,-115.2491,344
659,BC,SPX,31.0451,-115.466,300
660,TM,LOEI,17.5093,101.6244,4884
661,TO,CC08,35.992199,-120.961197,652
662,XL,HMP,40.110897,128.286041,180
663,XR,ST40,33.81459,88.306976,326
664,YD,GROM,41.072701,15.0594,268
665,VE,IMOV,12.3585,-70.902298,708
666,SR,NWAO,-32.926601,117.233299,5501
667,ZP,JNJA,0.446,33.181999,453
668,X4,GS09,32.869499,106.458702,362
669,RM,SLV,21.325247,103.906708,4384
670,YT,WILS,-80.0396,-80.5587,749
671,MP,ANB2,33.0375,40.32,380
672,1E,CNF,79.65667,-80.778328,557
673,ZB,B01,14.5593,-92.216599,150
674,N4,L34B,41.9666,-96.3762,4661
675,PO,NANL,56.5371,-61.6884,259
676,DK,SOEG,68.203499,-31.3755,3829
677,ZV,GUNA,35.5835,101.088799,486
678,O2,SC12,34.921667,-99.3547,2848
679,XO,LD42,55.549885,-154.671428,458
680,X8,QM58,49.048401,-72.740601,516
681,G,CLF,48.02579,2.26,4331
682,YT,WAIS,-79.4181,-111.7779,5378
683,8A,MALT,-24.846022,16.996233,392
684,XH,DR16,-80.869499,178.430405,738
685,BL,ITAB,-27.308201,-52.341099,514
686,XH,DR02,-77.824303,-178.424896,752
687,ZG,CB34,-14.4346,-67.538803,642
688,7F,A15,22.881012,58.700784,22
689,XG,ELSH,41.9869,114.455597,818
690,4P,UTO15,40.125864,-112.533033,23
691,AF,SNKL,-28.27528,27.7714,3948
692,7B,SC09,-22.3969,136.295303,49
693,XB,ELYH0,4.502384,135.623447,20
694,6R,MAGE,5.670603,36.418926,777
695,XY,BN23,55.410999,-127.640999,469
696,YC,SBE1,6.20282,115.596382,665
697,MH,P0021,-23.647167,-133.3218,171
698,3C,GS02,4.619993,-75.925355,1001
699,MN,VSL,39.496,9.378,9952
700,1F,ANIM,31.26756,34.99689,593
701,M8,MOGAR,-36.6965,149.9761,651
702,YH,KO07,41.045898,30.1702,396
703,GG,SE1,63.24852,-42.03487,1202
704,YP,NE44,43.370701,119.677299,317
705,XW,MAWI,15.46748,43.52317,209
706,RU,R27,44.37622,44.36501,584
707,RS,RSNT,62.479698,-114.591698,1243
708,YS,PL39,21.956301,-161.314896,393
709,Z7,LA01,31.9874,-93.8349,905
710,AF,IFE,7.546667,4.45692,499
711,PR,IMPR,18.076971,-67.931123,751
712,MH,P0009,-12.099433,-168.399733,531
713,7B,SA06,-22.892,148.308594,118
714,ZN,KAW2,-8.5224,150.299393,313
715,CM,LCBC,8.857167,-76.367667,1992
716,WM,UCM,40.307499,-3.2441,2920
717,ZU,AZB19,32.148583,-109.466373,28
718,4P,MTG16,45.24855,-111.615,30
719,IM,TX02,29.329901,-103.657997,9570
720,X4,H22,39.755901,93.488998,287
721,C1,AF02,-25.418768,-70.45536,516
722,XL,HD25,47.003502,99.406097,648
723,ZD,FN11,-10.8687,-75.082703,425
724,XH,S22,-39.107071,175.168839,121
725,YM,UCM,63.911201,-148.8862,48
726,CB,DL2,38.905998,121.627998,3144
727,X7,MC14,45.76957,92.21965,379
728,TF,KHO,37.488477,71.565355,291
729,YT,SWEI,-86.9858,129.3615,1713
730,AK,K15K,62.2938,-161.5308,2054
731,YS,PL43,26.776699,-155.765305,392
732,YL,S02W,-21.799101,-176.897995,274
733,8L,MG58,50.64865,-123.03358,23
734,JP,JMM,37.868999,140.789673,4432
735,YY,OBS55,19.4498,146.849701,44
736,DW,LEM,-6.8333,107.616699,1004
737,EM,TB750,28.705,92.186996,41
738,X1,NKF01,49.311901,-127.721001,417
739,6H,CHID,-24.9242,34.188702,90
740,4P,SDG32,45.250353,-97.284757,17
741,XD,HALE,-5.3018,38.617001,277
742,RV,KAKWA,54.421,-118.981742,1577
743,7B,SB01,-25.792299,139.588699,70
744,CZ,PRIC,49.6693,12.6782,1207
745,XU,CHTA,-43.771198,151.158401,339
746,AF,MONG,-15.15,23.09,554
747,XV,NW300,51.63364,75.30625,146
748,ZM,N156,-81.6726,86.504501,700
749,XP,N044,-79.069191,148.615921,216
750,X4,H13,36.972698,97.653999,283
751,TW,KMNB,24.4638,118.388199,10323
752,3H,G56,-2.4299,-89.0249,450
753,YP,NE59,44.095901,125.961098,702
754,ZV,WKZ07,42.024502,55.4767,18
755,X8,COSY,43.438499,-65.625298,351
756,3J,OBS10,-16.02551,-176.12563,467
757,JP,ASAJ,44.118801,142.593002,2169
758,XI,HALM,22.8454,44.317299,431
759,JP,JMZ,25.81983,131.223663,4381
760,GE,MAHO,39.895901,4.2665,2186
761,4P,SDH25,44.873759,-103.702928,20
762,ZQ,184,39.180099,115.048599,449
763,IP,MTOR,28.494801,-9.8487,200
764,QZ,USHN,49.969499,82.743909,1048
765,ZP,GEIT,-2.881,32.216999,295
766,YA,MC21,25.4876,99.643303,224
767,ZR,N1312,65.628799,13.44193,289
768,8P,CAW11,35.088283,-115.571401,24
769,NU,SIUN,13.71616,-84.773499,2636
770,XS,N020,40.349899,21.960501,296
771,YF,DUOK,44.113098,14.9318,562
772,XF,NE6,79.326187,-38.454979,728
773,XB,CM16,5.48,10.572,353
774,XW,GHDI,15.63811,52.161732,128
775,Z6,BRDL,22.677999,91.642998,1008
776,YI,BOB,44.767921,9.44782,1002
777,XE,PACH,-19.868052,-69.415749,138
778,4P,WYM22,41.451249,-106.557096,41
779,YH,L01,42.4263,-110.368103,220
780,YT,AGO1,-83.8615,129.6152,1822
781,GE,CART,37.5868,-1.0012,3079
782,YU,B01A,42.554493,-76.505821,2136
783,QZ,INDER,48.501565,51.694986,1587
784,ZU,TXF39,29.194367,-94.967993,25
785,ZU,NZ12,-43.001701,169.598602,363
786,2A,34,-11.7336,-117.275101,345
787,XR,GTM,65.401497,-161.277802,763
788,YS,BULE,-9.41579,119.30487,318
789,XM,ANB18,-28.4534,-59.3139,628
790,NR,NE80,30.5,-112.319931,1812
791,PR,SNC1,17.699398,-64.793793,715
792,S1,AUKAL,-30.7637,121.4789,2871
793,IU,MBWA,-21.159,119.7313,8700
794,ZF,LYDE,12.05456,41.925701,647
795,YT,GM05,-81.1841,51.1587,70
796,YS,HADA,-8.3722,123.5454,711
797,XG,HUB03,36.332462,74.661621,97
798,XK,Z09CG,-13.3058,32.221001,683
799,4P,TNU48,36.020782,-86.443872,23
800,ZU,NZ01,-44.4981,165.001602,370
801,YS,PL03,21.2055,-155.679398,374
802,ZU,ARY43,33.775818,-91.189773,25
803,YT,ST01,-83.228,-98.7418,361
804,YY,MGNA,12.7864,36.404301,198
805,XV,MAJA,-15.7323,46.4263,705
806,X4,C13,33.996498,91.553497,310
807,II,CMLA,37.7637,-25.5243,9924
808,6E,SB04,38.573502,-87.751999,201
809,1D,KIBB,-75.276108,-65.604904,753
810,AB,PRLH,40.401754,50.332841,1361
811,S1,AUPHS,-31.099,150.8943,4792
812,YQ,KIMO,-10.6922,36.046299,390
813,ZG,CP07,-16.8862,-70.373901,620
814,XT,CMPC,7.6508,-64.073097,511
815,ZV,WKZ05,43.336399,52.296799,19
816,XG,MSDY,40.461639,37.776543,647
817,4P,OHN52,39.887555,-81.399164,49
818,XT,SOMB,12.7209,-64.931297,360
819,PQ,NAB2,58.59503,-119.16559,3027
820,PQ,RICHY,66.9808,-136.2216,1056
821,ZB,Y30S,-0.08943,97.860863,287
822,8Q,P12,29.909498,-142.683938,440
823,GB,DRUM,56.91267,-2.4865,5459
824,YS,PL57,18.9142,-150.914993,451
825,8A,OKAM,-20.407301,18.2187,853
826,Z4,CP02,-34.586201,-73.293198,314
827,ZU,NZ29,-45.247398,172.253494,362
828,XF,NE2,73.990723,-46.23497,724
829,Z1,Z16N,-13.10831,25.87236,549
830,XH,RS12,-79.017899,-147.632095,778
831,4P,MBB03,37.028999,-93.024002,838
832,ZV,CHAA,-7.59109,31.270399,432
833,G,SANVU,-15.447148,167.203231,4685
834,ZD,FM09,-12.65027,-73.041481,561
835,YW,MAIO,15.23057,-23.17725,690
836,GS,SJPH,18.19029,-73.003403,98
837,CB,HEH,50.252998,127.410004,3167
838,CC,YOCR,45.379178,-121.743539,2196
839,MX,ZAIG,22.769176,-102.567123,4404
840,IU,RCBR,-5.8274,-35.9014,9673
841,XF,NE5,74.117332,-31.150419,727
842,4P,IDC11,47.839025,-116.273,31
843,LD,FRNY,44.835,-73.5883,5349
844,7K,AN4,40.332022,-66.973035,239
845,4P,NJL60,40.068568,-74.426009,24
846,YT,DEVL,-81.4755,161.973,3085
847,ZL,I02,25.684299,-110.099602,355
848,4P,MED63,44.041383,-69.098008,17
849,XI,KR42,0.037997,35.726284,186
850,WU,TOBO,45.225804,-81.523445,5182
851,XE,UYUN,-20.461914,-66.74688,244
852,XB,PS16,37.2131,-5.0491,900
853,AF,UPI,-28.362,21.253,6324
854,7E,KB06,-16.101999,126.600998,58
855,X8,QM90,52.2915,-77.098801,540
856,KN,ULHL,42.245602,76.241699,7738
857,CA,CPAL,42.310533,3.16244,3454
858,YY,GORE,8.1501,35.533001,675
859,EM,GT003,39.9039,-115.874603,29
860,XK,Q07MR,-13.1967,37.4986,681
861,XC,FL006,29.119425,-81.99487,21
862,YD,OBS10,39.655998,17.802401,97
863,XG,DGSU,39.131145,42.729748,259
864,GE,DAG,76.771301,-18.655001,8204
865,ZJ,DONT,-73.876846,165.12001,1089
866,XB,CM06,2.385,11.268,622
867,BL,COR2,-17.743299,-48.689201,229
868,JP,JTU,34.5275,129.396332,4436
869,XM,1346,7.794967,39.897858,46
870,7C,MM30,64.2803,-128.8747,636
871,XM,ANB17,-25.2429,-59.8069,558
872,XS,L02A,-1.1667,-17.4085,384
873,XO,KD02,57.8618,-152.6575,465
874,XM,NM24,34.046871,-106.119606,429
875,YH,IFAK,-8.1397,36.6828,351
876,WF,SPG,52.32553,-3.01928,787
877,M8,AM37,-25.9866,116.9921,77
878,4P,IAL39,42.093177,-92.115706,25
879,XQ,ME10,40.959099,-122.461899,591
880,AK,C16K,68.2746,-165.3436,2276
881,YF,PB49,52.4916,17.804701,247
882,XP,S29,36.959099,-106.535202,454
883,NY,WGLY,63.22815,-123.45841,2470
884,3H,G27,-0.183,-93.4209,450
885,YT,KOLR,-76.1544,-120.727,2825
886,3A,L107,-39.333099,-71.788849,128
887,IU,ULN,47.8651,107.0532,10928
888,ZA,B26,7.5382,-144.945801,394
889,YS,PL37,19.8234,-160.047501,417
890,EC,SALI,-2.1863,-80.991203,1190
891,YU,SL09,8.9599,-72.6846,698
892,7B,MM04,-34.0909,-154.12547,371
893,Z8,310,35.938099,114.070801,381
894,8B,402,37.397598,111.457901,295
895,AK,GAMB,63.7758,-171.7036,7554
896,XB,POP2,47.593006,-79.220634,133
897,4P,OHM48,40.798366,-84.460195,29
898,Z1,LBSA,-16.540899,179.300201,431
899,ZU,ALD48,30.583397,-88.365967,46
900,Y2,KKVN5,-26.343691,152.185039,224
901,ZU,NZ21,-39.5005,170.000107,354
902,XJ,LN25,-2.5006,35.886398,685
903,8B,430,32.674801,110.334099,434
904,OZ,BOGA,-35.547,143.57532,628
905,YP,NE83,46.2132,118.801102,703
906,TR,DLPL,15.3325,-61.246799,1790
907,IM,CY101,34.20406,31.62915,1605
908,XI,SC09,49.740002,-86.754997,860
909,8Q,P22,26.902167,-138.673857,428
910,NN,RUB,39.051701,-120.1549,3619
911,XV,HRAU,66.1186,-20.0987,91
912,RU,ANN,44.881,37.314,486
913,OZ,GRASY,-40.08652,144.01093,710
914,MH,P0008,-12.008233,-172.023102,603
915,4P,MIJ45,43.140395,-86.281774,20
916,AT,MID,59.427799,-146.338806,4286
917,YL,ONRN,29.302,87.244003,21
918,TM,PRAC,12.472649,99.792871,5274
919,4P,TNT53,36.174247,-82.298692,31
920,XJ,SBL,54.30431,155.961823,186
921,CY,CBCY,19.73797,-79.758278,4866
922,VE,ELOV,7.0011,-69.4832,648
923,BL,UNIA,-16.23217,-46.791672,54
924,I0,RD179,52.227003,-114.108056,573
925,SV,RBDL,14.113,-89.6827,645
926,YH,MTWA,-10.2776,40.194,355
927,7B,SB05,-31.878901,141.595306,71
928,7D,J20B,44.354198,-127.0952,243
929,ZW,AZCF,33.184074,-97.446251,274
930,ZP,KASM,-10.2174,31.1401,258
931,XM,ASB13,-35.20574,-67.67386,645
932,M8,WATNG,-30.73225,118.19848,772
933,Y5,DOR,54.220001,-108.57,474
934,EC,PUYO,-1.493,-78.024902,3477
935,NR,NE83,24.730881,-107.739326,1425
936,YP,NE7D,45.342098,128.742905,594
937,Y2,WT06,32.226398,82.261299,616
938,1D,PIG3,-75.084061,-97.474449,718
939,BL,CANB,-22.96814,-50.37785,706
940,EI,IMAC,51.845801,-9.070097,1355
941,ZL,BARR,-31.6495,-69.415901,708
942,2V,PO20,-27.73141,-70.24283,104
943,YS,PL45,24.2006,-154.811996,327
944,X4,GS01,34.271999,104.242104,363
945,7B,SS01,-35.53273,-151.77364,367
946,XI,SN44,46.716999,-93.125999,899
947,GE,PUL,59.766998,30.316999,2401
948,CW,CCCC,21.193399,-77.417297,3482
949,YL,N01W,-19.0243,-175.485504,318
950,OV,CCOL,8.4075,-82.973396,1256
951,PE,PBL2,41.9981,-79.528809,3219
952,Y3,NWM01,-46.440899,-74.893898,40
953,GB,GAL1,54.86633,-4.71133,6517
954,1G,NOP01,41.97177,110.49863,377
955,XW,KABG,3.5104,34.143299,521
956,7A,BDEG,37.331501,-77.208298,722
957,17,S20,49.160267,-66.391147,33
958,GE,PSZ,47.918201,19.8934,3089
959,ZQ,ETIP,58.443645,-133.990631,130
960,YS,PL61,16.737801,-151.637604,387
961,OK,HEWI,37.048825,-96.408082,666
962,CU,GRGR,12.13237,-61.65407,7074
963,XS,S037,38.921001,24.530001,453
964,7B,MM12,-35.50344,-157.16479,342
965,YG,CBP4F,47.720261,15.97801,498
966,4P,NDD30,47.258204,-98.844029,21
967,ZT,CRAIL,-22.80259,28.24304,1190
968,RU,VSLR,43.4612,40.0324,660
969,XP,TWRS,45.103471,-114.849947,168
970,XA,SA80,-19.959257,31.317909,338
971,MP,DHK1,36.8606,42.8665,1615
972,XA,SA10,-30.972401,23.913601,259
973,XE,CC12,-7.9544,-133.5317,19
974,ZM,GM04,-82.999702,61.1124,463
975,YB,AT39,36.932098,37.222599,179
976,ON,TIJ01,-25.908848,-49.024242,2307
977,NM,SCMO,38.761799,-90.641296,2047
978,AK,O14K,59.2533,-161.2638,2160
979,XE,WW01,-3.78521,-134.73696,251
980,AK,V35K,55.3279,-131.615,2620
981,XM,ASB06,-37.1992,-70.6547,77
982,VE,RIOV,8.069,-61.814499,345
983,XV,C16D,-76.300003,167.199997,76
984,XV,SOLA,-15.8636,48.826302,112
985,BL,TRIB,-20.6724,-51.326,455
986,YQ,VWZM,-11.1753,33.574402,370
987,TO,MULU,19.4368,-99.129601,607
988,3H,G15,2.5843,-92.2501,449
989,MH,P0007,-13.51175,-176.492667,33
990,YT,ST07,-78.6388,-123.7953,725
991,RS,RSON,50.858898,-93.702202,1343
992,XM,ANB03,-23.50208,-66.11349,638
993,S1,AUDCS,-32.2334,148.6278,4636
994,XS,L37D,1.5657,-14.9718,355
995,EM,PA878,-31.805,-58.958,38
996,9D,KNS,64.290802,-49.683102,821
997,2C,GS18,-83.767303,-160.796906,21
998,DK,DY2G,66.479599,-46.309399,2888
999,VE,JACV,11.0873,-68.82987,584
1000,YT,LPLY,-73.1142,-90.2834,2181
1001,NR,NE215,-18.78417,25.196014,278
1002,YT,MA06,-79.4397,-97.5587,702
1003,YO,F6,11.3652,-85.8209,439
1004,XS,N08,46.5,-108.861,307
1005,YT,BENN,-84.5731,-117.3923,3954
1006,GB,JSA,49.18783,-2.17167,6430
1007,1D,ATOL,-71.389671,-68.870117,385
1008,ZU,TXH36,28.344834,-97.816395,24
1009,TT,TATN,32.578701,10.5292,511
1010,YA,MC16,27.1824,103.633003,307
1011,YT,ST10,-75.8143,-129.7489,691
1012,CB,NJ2,32.051701,118.854401,3128
1013,XR,BB23,28.485666,89.658524,129
1014,MU,OXNC,17.399599,-97.217903,25
1015,Y2,IFM03,52.763,-170.063,18
1016,XV,BAND,-20.3428,45.596401,404
1017,1P,EIDA,-49.5393,-70.8801,816
1018,ZM,GM01,-83.985802,104.729103,684
1019,EC,TULM,0.7161,-77.786903,4399
1020,MP,AMR2,31.9899,47.1902,896
1021,YS,PL67,16.162001,-156.206604,387
1022,SP,DFORK,34.153099,-81.200302,555
1023,MM,NGU,21.205721,94.916618,3404
1024,ZU,COS28,37.869652,-102.146964,16
1025,8A,GAMM,-20.2505,20.8253,1306
1026,7B,SD03,-27.0515,125.185699,137
1027,ZM,GM06,-79.332802,44.3148,203
1028,EM,PA765,-31.674999,-64.141998,15
1029,X4,D08,34.924198,94.780502,387
1030,S1,AUROX,-30.5601,136.8971,1433
1031,X5,MNGN,64.663498,-72.434334,1315
1032,ZL,CHUM,-28.8195,-66.2481,217
1033,XI,TANG,24.275999,89.921997,513
1034,AK,J26L,64.5012,-143.5636,2325
1035,AK,A22K,71.0033,-154.9742,1500
1036,RV,DEDWA,56.644562,-117.389069,3571
1037,YD,3D08,45.97826,21.517321,648
1038,YI,ISDE,-80.0,-134.992996,610
1039,Y2,NOCO,33.719398,80.389801,111
1040,YA,MC02,30.3811,103.428902,300
1041,8Q,P03,27.897,-141.755108,438
1042,S1,AUJCS,-33.2047,138.6098,3197
1043,XO,WD67,52.162563,-160.035832,418
1044,XC,OR061,43.3922,-120.561302,426
1045,7S,RR06,40.37447,-125.21833,45
1046,ZT,DULL,-25.36478,30.17588,1127
1047,XM,UT52,37.234776,-110.131325,573
1048,A0,LUS3,40.916392,45.189975,452
1049,BL,CDCB,-20.2365,-44.718201,475
1050,IM,WK30,19.4104,165.855698,56
1051,4P,NEN31,40.92382,-99.273701,26
1052,YP,NEA5,47.648602,124.036697,623
1053,X5,JENN,64.085503,-67.16217,291
1054,S1,AUALB,-34.9995,117.9046,4426
1055,IU,LSZ,-15.2779,28.1882,9042
1056,NB,SBBR,-3.74516,-40.371651,304
1057,MY,SBM,2.4529,112.213997,6835
1058,AK,E27K,68.1861,-141.5951,1920
1059,YT,HOWE,-87.4158,-149.4267,1834
1060,X2,PG1,-41.137699,176.038101,25
1061,XM,ANB20,-26.7962,-65.316,637
1062,XJ,KGB,56.25845,162.711456,246
1063,Y5,FMC,56.650002,-111.5,1427
1064,Z6,08L,27.813601,151.491699,373
1065,OZ,ROBE,-37.1472,139.87424,519
1066,1D,ROTH,-67.520012,-68.148849,369
1067,AF,LBB,-11.631,27.485001,1098
1068,8A,AROB,-26.798342,19.647346,413
1069,XL,HD03,46.515701,102.547203,617
1070,PQ,LHLYB,48.536332,-123.729633,856
1071,5G,D16,41.745,126.4048,1443
1072,4P,VAQ55,37.882941,-79.808136,18
1073,S1,AUKAT,-14.4624,132.2829,1753
1074,YP,NEAB,47.602501,131.668396,609
1075,Y6,HOLY,46.525902,-66.463997,696
1076,XR,MS02,23.605983,93.696263,421
1077,7B,SC05,-16.966999,135.783905,84
1078,ON,ABR01,-17.964609,-38.695862,1749
1079,XC,OR088,42.965599,-117.302299,929
1080,XM,ASB19,-36.2284,-65.4205,361
1081,XI,RANI,21.3116,42.7761,311
1082,XD,EBM,-10.604326,150.653549,218
1083,7B,SD06,-28.4963,135.9021,67
1084,2D,OBS08,32.654499,-121.342499,389
1085,XB,CM29,9.347,13.385,561
1086,8P,CAV08,35.695485,-118.154066,29
1087,BL,CMPA,-19.57917,-54.168831,634
1088,GE,RGN,54.547699,13.3214,3900
1089,AT,SVW2,61.1082,-155.621704,3754
1090,X2,CRAT,35.318199,-111.317902,418
1091,3D,MM05,30.680401,-6.3895,820
1092,YV,HJO,70.352203,-28.164,467
1093,Y1,TURK,3.127577,38.27457,867
1094,4P,MAH64,41.746854,-70.019214,20
1095,C8,BNKB,53.3318,-129.9017,945
1096,ZM,N190,-80.327499,69.431,355
1097,TO,MONT,18.6387,-95.094398,611
1098,Z7,FAG,63.874779,-16.653641,296
1099,X9,T2S4A,-69.020897,72.818298,54
1100,XE,ES18,31.301319,97.962425,359
1101,4P,NEL26,42.209447,-103.106243,19
1102,XT,PNCH,11.2493,-66.5009,364
1103,6H,INCA,-19.2197,33.8419,99
1104,KZ,MAKZ,46.807999,81.976997,6225
1105,XF,NE1,74.87175,-38.55117,727
1106,XD,RUNG,-6.9372,33.518002,357
1107,XB,ELEF,-61.21981,-55.13903,461
1108,C1,MG02,-52.7808,-69.2242,3770
1109,US,GLMI,44.8245,-84.6175,6324
1110,X8,QM76,50.764801,-74.817596,585
1111,MP,SAM2,30.5295,44.5586,489
1112,KR,BTK,40.06675,70.81572,5746
1113,M8,MUKOZ,-26.7575,114.6094,364
1114,XA,SA38,-25.933359,25.084627,705
1115,Z9,W14,32.0938,-83.898697,1107
1116,PS,JAY,-2.5147,140.703,1526
1117,8E,03023,66.464441,19.065859,23
1118,4P,WII40,43.855541,-90.613957,16
1119,PL,HSPB,77.001877,15.53318,5984
1120,2H,BTIE,11.1949,40.021801,131
1121,1D,ELSW,-75.519371,-85.707581,381
1122,YS,PL40,23.9972,-161.095001,393
1123,YH,WALE,-9.7896,37.917,421
1124,YS,PL62,14.6891,-151.6866,391
1125,YY,OBS10,17.561399,143.196396,49
1126,XV,AMPY,-24.7033,44.743599,384
1127,TO,EGIP,17.264799,-91.975197,277
1128,Z8,341,36.0462,109.201599,279
1129,XE,SP18,29.483082,94.414757,350
1130,BL,JNRB,-15.46783,-44.505169,255
1131,XN,A01,58.992599,-123.176598,73
1132,XI,HOSA,7.563968,37.857258,361
1133,ZB,TIKU,-0.399,99.944199,237
1134,XF,MA28,20.1786,-102.597,505
1135,XN,BABAY,-1.814066,136.719955,21
1136,YS,PL41,24.573799,-158.933105,392
1137,CK,MNAS,42.49321,72.49757,252
1138,YP,NE32,42.670799,117.070099,497
1139,TM,SRDT,14.3948,99.1213,4835
1140,GE,MLR,45.491199,25.945601,2866
1141,XF,STC5,-82.396378,-134.74556,51
1142,PL,KWP,49.631401,22.7075,5565
1143,MM,TGI,20.768545,97.034073,3405
1144,N4,Y60A,34.0046,-78.2163,4326
1145,XW,ATUS,39.716,76.157204,123
1146,XD,C02,33.070999,-115.560501,446
1147,MR,MRIV,-20.298,57.497002,1747
1148,XH,RS17,-81.401604,-162.973801,713
1149,GE,APE,37.068901,25.5306,2226
1150,XS,L18D,0.5769,-9.3765,369
1151,YJ,BAK01,-47.183998,-71.973503,485
1152,XR,SC25,33.580601,-103.548203,697
1153,XD,DCD,37.829437,95.366997,221
1154,Z1,MOAL,-18.566299,179.951599,345
1155,7B,SC06,-19.1437,128.117905,138
1156,JP,JSD,38.040001,138.257172,4438
1157,7P,PC53,31.4616,-103.6937,276
1158,XO,LA32,54.4982,-157.8522,462
1159,XS,S24D,-0.1383,-12.7806,366
1160,9G,SA015,50.222,-114.181999,18
1161,YC,SBF4,6.37312,117.620827,642
1162,BL,BRSB,-22.535299,-45.5854,542
1163,C1,LL02,-43.19055,-71.84838,3887
1164,TO,PG20,-14.6049,-73.997299,712
1165,9G,AB317,50.155998,-110.862,17
1166,ID,ERM,42.0158,143.157196,4070
1167,YF,N6017,63.380829,13.65691,175
1168,Z1,Z34S,-17.164391,27.52483,286
1169,YY,004,36.4473,119.562599,325
1170,PM,PFVI,37.132832,-8.826829,6480
1171,ZU,TXE30,30.241536,-101.386563,24
1172,6H,MASS,-21.588499,32.921299,197
1173,II,TLY,51.6807,103.6438,10167
1174,ZG,CP13,-14.7893,-71.444702,636
1175,XN,B15,60.433998,-134.247406,412
1176,AK,E18K,67.4213,-160.6027,1551
1177,XB,PM25,32.875702,-4.888,993
1178,7B,SB03,-28.600201,140.264999,66
1179,ZU,MSB45,31.959723,-90.094485,31
1180,YP,NE8B,46.207199,126.056297,687
1181,YB,AT49,38.513699,32.252998,731
1182,II,NNA,-11.9875,-76.8422,12762
1183,GY,A11,37.929298,58.112499,345
1184,YM,KASE,71.4776,-51.349701,775
1185,XO,WD49,54.399083,-151.89947,425
1186,AK,E24K,68.0748,-148.4868,2275
1187,AF,WIN,-22.5667,17.1,4747
1188,XA,SA73,-21.853668,30.277611,327
1189,XA,SA60,-23.851931,24.959381,339
1190,1G,WA05,39.46912,107.78784,153
1191,XD,KIBA,-5.3223,36.5695,274
1192,JP,JHJ2,33.115299,139.813797,7174
1193,AK,PS06,65.8545,-149.7369,2387
1194,XF,NE3,76.394577,-43.458302,724
1195,MN,WDD,35.8373,14.5242,9447
1196,YS,ONIX,-10.1033,124.4498,713
1197,PL,BEL,51.837002,20.792,5698
1198,EO,KLRS,61.03095,-138.40663,2132
1199,XJ,OSO,59.261375,163.084213,139
1200,YI,BARR,44.282799,12.0797,919
1201,XH,ESP03,-29.7428,-64.014297,728
1202,BL,PORB,-13.33043,-49.078739,459
1203,BL,CAMB,-21.784,-41.429001,241
1204,ZA,A20,9.4403,-144.620102,19
1205,QZ,ALGA,49.986897,57.210083,1595
1206,YA,MC14,27.864599,99.735199,345
1207,1G,WOP23,37.3256,100.06438,234
1208,DK,MUD,56.455,9.1733,5933
1209,XW,SIMA,17.55549,52.316299,212
1210,XV,TETE,-16.129999,33.57,458
1211,1A,NE00,39.990002,124.306999,264
1212,XV,MAHA,-23.1714,47.689899,691
1213,3C,NW09,6.289741,-74.985709,469
1214,XG,BYBT,40.235348,40.265499,459
1215,US,AMTX,34.8837,-101.6808,7579
1216,1G,WOP11,37.52923,104.79038,359
1217,SN,WG02,37.240501,-115.197701,17
1218,YM,12,23.405899,122.687202,385
1219,X1,LW2,-80.972198,148.032104,18
1220,XV,ZOBE,-18.1369,47.228901,395
1221,YG,INC37,15.691732,-88.351567,590
1222,YI,D35,20.112801,-63.517601,180
1223,YT,MILR,-83.3063,156.2517,3091
1224,XB,CM03,3.519,15.034,271
1225,XI,SC10,49.752998,-83.817001,871
1226,7D,G36D,42.4618,-126.8965,416
1227,ZU,ALB50,31.520683,-86.43978,33
1228,HL,ARG,36.213558,28.12122,5790
1229,AK,D20K,68.7132,-156.6132,1855
1230,Z5,KAGD,1.024,30.662,725
1231,XM,ANB16,-24.0911,-61.4628,561
1232,EI,DSB,53.24519,-6.37619,3739
1233,GE,SKD,35.411999,23.927999,2145
1234,YT,MTAK,-76.3157,-112.7986,2483
1235,X5,NOTN,63.293659,-78.135452,1076
1236,YS,SARA,-8.7873,121.1043,727
1237,Y2,PURG,30.198799,81.275299,1418
1238,ZU,NZ04,-41.999298,165.502396,370
1239,XO,EP23,56.9071,-157.0201,351
1240,XP,N20,38.917702,-106.187599,452
1241,XR,FA23,45.550365,-99.9841,376
1242,GE,IBBN,52.306301,7.7592,2622
1243,2F,S04,23.52549,120.185242,74
1244,XM,ANB11,-25.951,-62.49889,585
1245,GH,KLEF,6.6142,0.4407,526
1246,OZ,CURRY,-41.09589,146.95012,710
1247,X5,SHMN,64.576668,-84.114517,560
1248,4P,WIF39,45.842041,-90.735261,33
1249,5A,KAVI,-2.56941,150.804428,621
1250,YS,PL38,19.9863,-162.025604,416
1251,GB,WACR,52.72433,0.62833,3619
1252,TM,CHBT,12.7441,102.3526,2899
1253,4P,ALY50,33.397383,-85.88498,21
1254,XA,S16,-8.97577,15.49649,1988
1255,XE,CC07,-6.15879,-133.0464,395
1256,BX,KGCAE,-22.853821,22.206787,2439
1257,XP,LZAE,-25.3074,-68.3992,455
1258,YR,S021,45.09969,-124.34912,33
1259,4P,MTE22,46.618758,-106.077252,25
1260,2A,30,-14.3692,-116.1567,354
1261,YP,NEA3,47.562302,121.292,695
1262,YO,D03,34.3559,-74.488701,364
1263,XB,NRT6,12.4478,-83.000801,20
1264,QZ,TDK,45.002246,78.40445,1394
1265,1P,GUMN,-50.3199,-75.3644,823
1266,XA,SA03,-33.6619,21.3354,260
1267,KS,SH2B,38.2686,128.2524,1127
1268,5C,IL17,-32.128165,-71.50888,51
1269,XN,B11,60.087002,-130.606995,335
1270,XF,MA36,19.3594,-104.893204,506
1271,XW,SAWQ,18.1618,56.4314,357
1272,ZG,CP12,-15.2374,-69.531097,631
1273,YR,ED15,42.527802,13.55816,274
1274,6H,FUNH,-23.0973,34.378201,242
1275,CU,GRTK,21.511472,-71.13425,6366
1276,XL,HD54,47.499901,96.803398,644
1277,C8,FORQ,48.7542,-69.1135,1320
1278,YY,TABO,11.8548,38.019001,41
1279,XA,EP15,40.33766,47.79234,367
1280,TW,MATB,26.151501,119.945602,1971
1281,XL,HD74,49.500999,99.152298,648
1282,XJ,ESS,55.932159,158.694794,249
1283,3J,OBS17,-14.43021,-173.2349,619
1284,ZU,NZ26,-46.997898,174.498398,362
1285,CZ,BEDC,50.78933,15.16976,1060
1286,DK,KULLO,74.580498,-57.2201,4651
1287,TM,PANO,17.147614,104.6122,2504
1288,NY,TGTN,61.5267,-128.27268,2941
1289,YT,DUFK,-82.8619,-53.2006,6027
1290,M8,RUGBY,-34.36646,148.94292,77
1291,YS,PL27,18.000299,-155.714996,369
1292,4P,NCT60,35.472862,-76.910764,22
1293,Y5,PER,53.68,-116.040001,1756
1294,MZ,MOCU,-16.868499,36.833328,820
1295,TJ,MURGB,38.254,74.058,702
1296,XB,CM24,6.523,14.288,451
1297,ZQ,159,38.216702,117.391502,434
1298,ON,ANA01,-14.531001,-40.74522,507
1299,YS,PL46,24.312099,-156.9646,392
1300,XB,PM04,35.402599,-5.1525,1095
1301,NP,7210,46.84859,-114.04056,87
1302,ZD,D03,-4.0416,-104.491798,374
1303,IU,CASY,-66.2792,110.5354,10560
1304,ZU,ARY40,33.924108,-93.505624,60
1305,ZA,B06,9.7074,-147.748093,392
1306,ZL,B01,32.136501,158.233002,36
1307,5H,EITE,15.2359,38.777901,447
1308,5H,TIOE,14.6651,40.8666,479
1309,YB,AT06,39.6731,35.6665,660
1310,YH,G03,-1.2782,-90.4813,945
1311,IC,XAN,34.03107,108.92321,11226
1312,ZL,N07A,35.485802,-91.857803,214
1313,4P,UTN19,40.900575,-109.103315,23
1314,AK,PPLA,62.8962,-152.1894,7169
1315,3J,OBS26,-15.36052,-169.11661,449
1316,XB,PS37,38.999699,-4.9555,727
1317,AK,G19K,66.1434,-157.087,1995
1318,4P,KSQ35,39.102871,-96.591728,15
1319,YU,NL10,10.6679,-71.4911,699
1320,ZP,MWEN,-10.0582,28.7017,146
1321,XM,CB01,-22.09872,-70.21211,624
1322,N4,R61A,38.3303,-75.339,4338
1323,BL,SLMB,-16.570499,-50.345501,350
1324,XG,WSG,37.776501,-104.3983,31
1325,XR,FG01,36.6308,-98.7392,130
1326,YM,NTW4,62.672298,-141.066803,27
1327,X2,260,39.795799,112.886002,278
1328,3C,SL09,4.380633,-74.023873,672
1329,YC,SBA2,4.43506,115.745598,663
1330,YT,THRO,-79.127296,-28.317499,294
1331,CA,CARA,42.707643,0.818132,3205
1332,QC,00877,-43.489498,172.565002,19
1333,7D,KA05,-16.8195,124.9123,77
1334,MG,JRQG,20.69875,-100.451583,2392
1335,YT,HOWD,-77.5286,-86.7694,5485
1336,YT,MPAT,-78.0297,-155.0221,3637
1337,2O,BTL07,-17.60978,133.9562,471
1338,4P,MTB18,48.4444,-109.796,16
1339,XW,MOKA,13.31374,43.25631,202
1340,1D,WELC,-70.731812,-63.82737,354
1341,BL,RCLB,-22.4191,-47.530998,5190
1342,EP,CHC4,28.667999,-106.035896,197
1343,4P,MIC41,47.432262,-87.76179,29
1344,Z8,373,35.941299,103.562599,500
1345,YG,GLN4,61.789501,-147.679596,733
1346,ZC,TIN1,14.9603,145.641205,229
1347,XC,AMDO,32.247002,91.688004,316
1348,OZ,MILD,-34.25915,142.05571,531
1349,YT,PECA,-85.6124,-68.5525,3597
1350,QZ,BRZS,49.981769,72.677469,1542
1351,MN,DIVS,44.0981,19.9917,5452
1352,TJ,SHAA,37.562,68.122803,2645
1353,XA,GP03,42.6352,44.6162,24
1354,XV,HNJO,65.5626,-24.1531,337
1355,XY,U54B,-35.545898,-71.359703,185
1356,YT,CLRK,-77.3231,-141.8485,2179
1357,PS,TSK,36.2108,140.1097,12001
1358,M8,AU41,-28.0108,120.9861,322
1359,XG,CES,39.393501,-101.065498,123
1360,LO,LOBA2,18.0814,-71.0936,937
1361,XF,GOAT,60.136902,-141.453003,505
1362,TM,SKLT,7.175815,100.615686,3803
1363,YM,37,21.6698,119.495399,262
1364,ZU,214,20.959118,-158.64342,33
1365,MH,P0016,-9.0,-138.39755,223
1366,X4,D26,32.459202,96.394203,525
1367,XB,CM17,5.546,12.312,373
1368,XR,FA27,49.942284,-108.108139,357
1369,XB,LOWI,-63.247002,-62.180801,362
1370,X5,KIMN,62.850731,-69.879456,360
1371,XF,L02,17.2999,147.470795,42
1372,4P,NHC60,45.156504,-71.184871,18
1373,YP,NE6F,45.295898,131.201401,636
1374,1U,PAE,-37.246692,175.650908,187
1375,ZU,MSW46,34.942353,-88.592052,22
1376,EC,BOSC,-3.1512,-78.495102,479
1377,XC,FL014,27.189183,-82.290182,22
1378,XR,W1,32.092289,88.306221,302
1379,JW,BRR,32.772406,-107.564169,1089
1380,4P,UTQ13,38.853336,-114.035881,32
1381,YY,CHGE,10.9614,36.518398,688
1382,HG,EIL,29.549999,34.950001,1221
1383,XW,SS20,-18.908386,-70.926254,42
1384,7D,J31C,45.551899,-129.672394,282
1385,XA,SA35,-27.018299,29.088301,263
1386,1G,WOP01,37.66651,107.33679,355
1387,AK,FALS,54.8564,-163.4176,7121
1388,1E,TQF,81.41333,-76.845001,453
1389,XK,B04KH,-20.474199,24.513901,740
1390,4P,WYJ23,43.415405,-105.625944,44
1391,XY,BONG,9.753544,-85.207817,486
1392,8A,WAND,-24.649982,19.743595,519
1393,K5,MONG,27.260258,91.156708,133
1394,XF,H0650,28.8955,85.3274,252
1395,3H,G44,-1.8313,-93.8518,439
1396,NN,DIX,39.8021,-118.083,1852
1397,BL,AQDA,-20.48,-55.700001,934
1398,M8,AY52,-33.46036,123.00861,295
1399,YS,PL19,16.711901,-153.407806,365
1400,ZR,N1317,64.797462,16.955721,383
1401,8P,CAS04,37.633351,-121.468382,41
1402,XV,LAHA,-14.9344,50.2911,702
1403,GT,PLCA,-40.73277,-70.55083,2444
1404,YU,SL02,7.6943,-71.0365,590
1405,HT,LKD,38.707199,20.6506,195
1406,ZT,WEST,40.416389,-86.7725,326
1407,XV,ANLA,-17.7062,49.4599,700
1408,XW,AKSU,41.1441,80.109802,413
1409,YC,HEDI,-30.138674,-68.543419,471
1410,4P,UTQ17,39.008854,-110.896235,26
1411,7D,J53C,47.164299,-127.922302,285
1412,Z1,VABL,-17.2465,-178.955994,306
1413,RV,ASHMA,54.208146,-111.571623,769
1414,XD,URAM,-5.0878,32.083199,275
1415,ZL,JYCE,-75.597504,160.9189,50
1416,XK,HOYT,58.826122,-3.239107,553
1417,US,HAWA,46.3925,-119.5327,8901
1418,N4,V51A,35.803299,-84.351097,1459
1419,XP,DIHI,-79.849022,159.480042,306
1420,XT,ABPC,9.4608,-64.820702,326
1421,N4,237B,32.001499,-95.808403,1854
1422,YP,NE57,44.122898,123.258499,704
1423,YS,PARW,-18.201099,-69.2677,266
1424,XW,MUKA,14.48724,49.037788,208
1425,ZM,P080,-82.805397,77.363998,642
1426,YT,MECK,-75.2808,-72.185,2935
1427,XI,SC04,49.624001,-89.675003,816
1428,N4,N41A,40.7077,-90.8552,4796
1429,8A,KANO,-19.194901,19.4398,1150
1430,XW,LIRA,2.1096,33.064301,677
1431,XL,HD09,45.413898,100.5718,646
1432,X4,LR13,46.9506,-122.9639,306
1433,YT,STEW,-84.1863,-86.2349,4235
1434,BX,XAUDM,-18.53956,21.338223,600
1435,N4,ABTX,32.6238,-99.6431,2997
1436,PO,LATQ,47.3835,-72.7819,2229
1437,ZU,TXJ34,27.016254,-99.433312,57
1438,CH,FUORN,46.620334,10.263551,7087
1439,4P,WYK20,42.6972,-108.034,46
1440,ZI,MB19,29.741051,-7.979389,443
1441,X6,RB1,46.1689,7.8317,25
1442,PO,ACTO,43.6087,-80.062401,1540
1443,XF,H1415,32.307899,84.218903,162
1444,XB,PS57,37.011501,-2.9864,770
1445,AF,SKRH,-22.827,44.733002,2532
1446,TM,PHRA,18.4989,100.229,2816
1447,JP,JNU,33.125,130.876694,7180
1448,ZV,OBS02,59.468201,-153.401398,47
1449,C8,LR4Q,51.3445,-63.4948,62
1450,GS,OK006,35.477982,-97.278709,205
1451,MU,OXET,15.8269,-96.705902,31
1452,YM,MHCG,44.2571,-75.7522,986
1453,XF,NJANA,26.7106,85.924202,87
1454,ZU,REY18,33.794371,-110.573079,15
1455,OZ,MRAT,-34.62973,137.6256,531
1456,AF,PKA,-29.67,22.757,1240
1457,XL,HD21,47.967701,101.433296,399
1458,ZP,MGOR,-6.8279,37.669601,467
1459,1A,NE26,42.306,121.470001,336
1460,IE,IRCI,43.515301,-112.033302,1500
1461,XM,A106,48.146099,13.5743,330
1462,ZP,MPIK,-11.821,31.4517,310
1463,XR,FA14,41.544838,-94.264229,156
1464,YL,A14W,-20.6658,-178.155304,326
1465,AS,ZOBO,-16.27,-68.125,5006
1466,AK,C27K,69.626,-143.7114,2277
1467,VE,CAIV,7.3262,-66.321602,707
1468,3H,G23,0.9001,-92.0216,443
1469,XO,WD69,53.782065,-160.34289,412
1470,ZO,HVU2,41.778999,-112.7752,36
1471,JP,JWT,35.285671,135.398666,4438
1472,KO,DKL,39.0713,26.9053,4680
1473,XV,DGOS,-12.2825,49.3606,621
1474,3H,G30,1.2999,-94.808,453
1475,RE,BRBY3,34.582365,-119.980601,1713
1476,CS,GUM,43.775501,42.228001,332
1477,MH,P0010,-14.043483,-165.862533,815
1478,XD,ZHY,38.923222,100.401505,138
1479,YA,MC17,26.4706,101.743698,309
1480,XJ,SNOW,56.8922,-132.3526,307
1481,AK,M16K,61.0224,-158.9593,2020
1482,XC,FL022,25.430755,-80.568892,15
1483,XG,SQUAN,40.473,122.138702,367
1484,BL,NAVB,-21.433599,-54.1842,154
1485,N4,R53A,38.3307,-81.952202,1187
1486,HV,HSSD,19.602683,-155.483002,5430
1487,4P,KSR37,38.24314,-94.845077,22
1488,S1,AUBUS,-33.6601,115.3828,4196
1489,ZA,A11,9.1184,-146.218796,22
1490,YY,OBS43,18.276199,145.382401,44
1491,XP,E006,-77.370201,161.625702,418
1492,XL,KITT2,31.976999,-111.575996,75
1493,XN,A06,60.631199,-123.493202,757
1494,1A,NE48,44.651001,118.269997,361
1495,4P,NEN28,41.055641,-101.616032,20
1496,XM,ANB09,-25.4413,-66.2624,348
1497,XJ,E40,9.36161,40.217209,121
1498,YB,AT19,39.735199,33.5811,720
1499,ZP,MKUS,-13.6035,29.379101,122
1500,XI,AFIF,23.931,43.040001,343
1501,8P,AZV14,35.488803,-113.39142,23
1502,ZG,CB14,-17.249399,-65.900902,499
1503,4P,MNF34,45.984562,-95.175876,30
1504,ID,ALE,82.483597,-62.400002,3793
1505,US,ECSD,43.7337,-96.6141,7496
1506,XI,DHAA,43.344456,128.19812,217
1507,XE,ES19,30.813387,95.711105,364
1508,4P,NVM10,41.4667,-116.592,31
1509,4P,MIE44,46.163002,-85.837399,21
1510,XE,ES03,30.752544,92.85878,227
1511,2D,OBS21,34.032799,-122.286301,385
1512,XD,KUL2,-9.088606,152.715454,105
1513,8A,OMUT,-18.4093,16.6364,1029
1514,VE,BAUV,8.9433,-68.041496,2599
1515,OZ,ROWM,-37.80614,144.29176,710
1516,C8,MWAB,49.7411,-125.3032,489
1517,S1,AUALC,-23.6899,133.8835,3441
1518,XA,SA26,-27.545601,26.1803,329
1519,XA,SA71,-20.925777,27.140787,285
1520,7O,ABNH,43.4819,-71.2471,1042
1521,X4,H19,38.2561,92.136803,290
1522,4P,MNB36,48.27194,-92.709114,20
1523,7D,KA07,-18.182199,124.077721,77
1524,ZB,PPNG,-1.99397,99.603699,198
1525,NR,NE78,24.398199,-111.10643,684
1526,XP,PLTP,-22.0413,-66.786499,309
1527,AK,J17K,63.3965,-159.0777,2597
1528,ZP,BKBA,-1.364,31.812,482
1529,XE,SNP22,37.010502,-119.360199,328
1530,ZU,TXE33,30.094019,-99.582373,56
1531,ZP,KIBO,-3.583,30.712999,476
1532,8Q,P20,29.158303,-137.94284,442
1533,XG,MJPU,40.666698,115.683701,1222
1534,9G,BC009,49.287998,-117.674004,35
1535,2P,RD10,-39.646616,177.076505,211
1536,XO,WD58,53.906227,-155.035345,422
1537,AK,PAX,62.9699,-145.4699,7954
1538,AK,ATKA,52.2016,-174.1975,7095
1539,XS,I04D,-2.123817,-16.17326,381
1540,MN,VTS,42.618,23.235,5987
1541,2A,28,-15.6994,-117.000801,16
1542,ZU,GGIL,19.57,-72.220001,108
1543,Z6,16,27.7988,155.108505,365
1544,XK,W10LW,-12.6208,34.165199,685
1545,XO,SCCC,41.764851,-74.670135,597
1546,YT,SILY,-77.1332,-125.966,4976
1547,Z9,E07,30.718,-82.0979,675
1548,8Q,P11,28.19732,-143.482162,446
1549,7B,NM04,-34.07651,-156.41882,368
1550,6K,AVIO,-44.62935,170.24124,170
1551,XM,ASB22,-33.66389,-67.46128,638
1552,XT,MIPC,10.9455,-64.294403,240
1553,TM,NONG,18.063498,103.1458,3761
1554,YA,KV01,-2.0783,29.351101,301
1555,ZV,MAQU,34.0023,102.046799,282
1556,QZ,ZHTS,40.764944,68.290297,1420
1557,OZ,DTMM,-36.52813,147.46539,710
1558,NB,PFBR,-6.12163,-38.270802,232
1559,6R,YABE,4.889818,38.088238,830
1560,ZZ,XSJN,18.9669,-66.213501,384
1561,Y3,MEL01,-43.8955,-73.742699,27
1562,3J,OBS23,-15.39963,-171.86155,619
1563,GI,HUBA,15.816578,-91.294484,421
1564,YO,X03,35.893299,-72.719002,360
1565,YB,SM05,38.70424,37.21084,239
1566,YD,3F11,45.865082,23.72257,620
1567,YT,ST04,-80.7152,-116.5792,586
1568,CW,CHIV,19.97648,-76.415131,3154
1569,XF,B18,18.6635,148.492706,370
1570,DW,GDH,69.25,-53.533298,3130
1571,KO,ELL,36.7483,29.9085,5117
1572,GE,MTE,40.3997,-7.5442,3148
1573,CW,CAMR,23.061737,-81.370857,2758
1574,S1,AUAPY,-26.2844,132.1353,650
1575,N4,G65A,45.2002,-67.5632,4127
1576,YP,NE66,45.004101,120.704201,686
1577,ZU,LAD42,30.713307,-92.843487,25
1578,YO,X09,32.516899,-74.3536,359
1579,AC,VLO,40.468601,19.495501,4005
1580,N4,K43A,42.7044,-88.332,4777
1581,US,DGMT,48.4702,-104.1959,7030
1582,WY,YHR,44.106,-110.0816,3209
1583,ZQ,AAM2,-26.473,27.490999,570
1584,ZT,WTBG,-24.2119,28.88291,1245
1585,PL,NIE,49.4189,20.313101,5922
1586,XO,WD72,56.257748,-151.81063,399
1587,TT,TAMR,37.046902,9.1091,630
1588,ZB,LAIS,-3.5291,102.034698,251
1589,YT,UPTW,-77.5781,-109.0374,4484
1590,XW,SS61,-20.591789,-70.841278,34
1591,GE,MRNI,33.01178,35.391998,924
1592,YW,SALA,16.73283,-22.935659,761
1593,ZL,N06,27.174299,-111.153603,356
1594,YP,NEP7,48.1744,118.1474,317
1595,OH,CROH,41.293858,-82.152496,946
1596,BL,PAZB,-15.1369,-50.8634,607
1597,XM,ASB04,-35.77723,-69.39981,616
1598,G,EDA,3.778868,10.153427,2625
1599,YS,PL08,20.892599,-153.292099,370
1600,2D,OBS16,34.011398,-124.638397,389
1601,YS,OLC5,-21.009501,-68.352997,119
1602,JP,JEW,42.84267,141.446167,4436
1603,X7,WA33,46.507801,-117.348701,639
1604,8Q,P18,25.762145,-143.392715,436
1605,ZZ,FWU17,36.2869,-101.0,387
1606,AI,ESPZ,-63.398102,-56.996399,7401
1607,ZP,KAMZ,-14.7948,24.804399,167
1608,YD,OBS14,39.169399,14.4694,128
1609,AK,K13K,61.9331,-164.6555,2159
1610,NJ,KAD,10.435,7.6414,102
1611,Z1,VAVP,-18.601999,-173.961395,356
1612,BL,PMNB,-18.540001,-46.439999,4513
1613,ZU,NMA25,32.801077,-105.083331,33
1614,YS,NGOK,22.122999,-159.664993,552
1615,YA,MC05,29.9921,100.220703,345
1616,YC,HUER,-32.419113,-65.717194,164
1617,XM,ANB10,-25.0271,-64.5865,644
1618,XN,A16,61.576599,-117.147697,409
1619,ZU,NZ18,-41.000198,170.0,356
1620,3R,E05,16.130194,-92.996735,21
1621,7B,SB09,-32.2892,146.857498,115
1622,XH,RS06,-79.283501,-171.620193,729
1623,BL,CDSB,-18.765471,-52.83926,580
1624,XP,ORTK,41.039398,75.056801,624
1625,3J,OBS11,-14.79489,-175.24356,618
1626,XO,SOKY,37.5256,-85.961899,710
1627,XJ,PAN,59.094879,159.968002,281
1628,ZS,W05,39.379101,-71.982002,123
1629,YL,LBA60,-20.306999,-176.297806,17
1630,ZM,N140,-82.008598,96.769203,1807
1631,7B,SD04,-28.510401,128.988693,19
1632,YL,WKZ15,43.36841,54.59763,375
1633,DW,BER,60.383801,5.3339,728
1634,IM,CY301,33.30031,33.05407,204
1635,XO,JSO2,35.168579,92.985191,460
1636,1P,PMOR,-50.4904,-73.0428,807
1637,XL,MG06,55.87212,-120.041481,469
1638,3H,G01,1.0132,-88.9369,443
1639,XD,KOMO,-3.8422,36.7192,316
1640,AK,M14K,60.7515,-161.96,2241
1641,ZC,HMDR,18.7879,-69.381,2462
1642,NV,BACME,48.314654,-126.058199,2641
1643,YU,GJ03,11.7273,-72.5457,738
1644,XT,MHTO,13.9497,-66.490997,368
1645,XM,ASB11,-37.8946,-63.8453,471
1646,1G,EA29,41.62461,112.42881,142
1647,UO,TOMA,42.44142,-122.10751,515
1648,XW,AMDT,1.9487,34.935799,588
1649,XA,SA04,-32.850498,19.6206,357
1650,XA,SA20,-29.0221,26.195299,446
1651,XR,NOM,64.569504,-165.338303,565
1652,1G,WA08,39.78198,105.74621,150
1653,KY,LLKY,36.92159,-88.096558,7332
1654,XJ,APA,52.925709,157.132874,397
1655,MB,HRY,46.711285,-111.831786,9175
1656,MN,CLTB,37.578,13.216,5222
1657,XE,ES28,29.720207,98.426933,279
1658,XP,N100,-81.652496,122.610001,283
1659,QZ,SEM,50.403587,80.257129,1622
1660,YY,SN34,58.248798,8.1688,248
1661,1U,SHRD,41.945759,128.791214,714
1662,4P,NYG58,43.271217,-74.22728,17
1663,XA,SA29,-26.931738,23.03492,349
1664,ZM,N173,-81.112198,77.473602,501
1665,UK,STED,50.737,-1.9645,3062
1666,XL,AT04,46.271099,95.267097,666
1667,ZM,GM03,-80.216904,85.943901,354
1668,XS,L16D,0.8933,-7.8953,370
1669,NR,NE82,26.915661,-109.230843,1821
1670,YA,MC10,28.976101,103.870499,316
1671,CM,TUM,1.823667,-78.726667,3796
1672,YB,AT63,36.712502,33.472,736
1673,Y1,KAEK,4.142727,35.453087,861
1674,X4,A01,36.432701,94.873199,646
1675,YN,OBS27,48.295799,-129.367401,17
1676,S1,AUCAS,-34.2637,135.7219,4097
1677,JM,NMIA0,18.025,-76.02654,255
1678,GB,LAWE,56.26,-5.399,3227
1679,HK,HKPS,22.277599,114.141502,6197
1680,YS,PL69,16.3484,-157.700806,390
1681,ZE,HOLG,59.835098,-149.769608,117
1682,YQ,N009,13.2014,40.860081,128
1683,MM,KTN,21.2857,99.589798,3104
1684,X4,H05,35.6605,98.407898,342
1685,XS,N039,41.1087,23.5846,516
1686,XE,CRUZ,-19.103399,-66.221199,309
1687,ZU,NZ22,-44.500599,173.998703,368
1688,PE,PSSK,40.642586,-76.164978,3860
1689,4P,MOO36,40.244931,-95.232452,26
1690,XR,BA07,24.1371,91.4975,1501
1691,BC,PIX,31.5629,-113.4599,2702
1692,ZN,PMNI,-9.7562,149.467102,426
1693,YF,HVAR,43.177601,16.449,484
1694,OZ,HKER,-31.7642,138.55251,531
1695,XP,N028,-78.029579,153.650864,206
1696,7D,KA09,-17.2813,127.4645,78
1697,ZU,PA69,53.238701,19.841999,147
1698,XQ,ME62,39.534,-121.918999,538
1699,2A,48,-13.1701,-117.201202,290
1700,XT,ST119,13.3311,-69.815498,15
1701,NQ,SANFE,35.619492,-105.887451,35
1702,XW,KSA,41.5425,77.925697,698
1703,8P,CAX09,34.385515,-117.15355,29
1704,7B,SD08,-30.7208,130.410904,136
1705,PE,PN1,40.52588,-79.716735,2336
1706,XV,NW140,50.82925,77.20242,107
1707,EC,MILO,-2.1848,-79.5557,944
1708,IU,TEIG,20.22624,-88.27633,8109
1709,XL,HD73,49.4953,101.357101,646
1710,AK,D22K,68.8799,-152.6821,2275
1711,9G,SA155,51.318001,-112.188004,31
1712,PS,PSI,2.6938,98.923698,10451
1713,XS,S32D,-0.7968,-15.647,363
1714,8A,OTJO,-20.018,15.9799,1129
1715,XB,CM01,2.389,9.834,358
1716,YT,MA07,-78.2496,-93.4991,704
1717,XG,KTLN,37.953327,41.705223,405
1718,YP,NE9B,46.946201,129.7948,694
1719,XK,W15SS,-15.6818,34.974701,680
1720,YT,ST02,-82.069,-109.1247,615
1721,CM,SJC,9.896667,-75.1795,7227
1722,KR,TRKS,41.472454,71.167327,3782
1723,ZL,S05,23.347799,-108.094299,356
1724,ZU,LAB43,31.816204,-91.757171,28
1725,YS,PL70,15.574,-158.982498,377
1726,CZ,TREC,49.2948,15.4871,1211
1727,JP,JMN,33.731499,133.876328,4437
1728,3K,NIKI,35.06884,32.992168,727
1729,EI,IDGL,55.073,-7.51,4607
1730,ZU,TXD38,30.611722,-95.523681,39
1731,YT,SURP,-84.7199,-171.2017,3560
1732,7S,GORG,-44.174,168.374533,550
1733,AF,HVD,-30.605,25.497,6278
1734,YO,N11,13.1963,-86.130402,509
1735,XF,NP100,28.7796,83.719101,141
1736,N4,P48A,39.4605,-85.4258,4571
1737,XV,SKOT,65.3412,-17.2467,437
1738,XA,CHUK,27.082701,89.550301,215
1739,X4,GS18,32.865501,104.784698,364
1740,XH,DR15,-79.492798,-179.919296,725
1741,ZU,TXF37,29.532851,-96.844231,42
1742,XB,KDVU,-19.099176,178.162888,442
1743,4P,NYJ61,40.918588,-72.869379,20
1744,XL,HD48,46.209202,97.608299,581
1745,4P,SDJ31,43.472086,-98.696039,27
1746,OW,PHRD,50.70615,-127.514717,43
1747,N4,Z38B,33.2599,-94.9852,4676
1748,NU,BILN,14.0488,-83.374641,2307
1749,GS,KS24,39.78655,-98.20952,129
1750,IO,EVN,27.958651,86.811653,3412
1751,S1,AUUHS,-35.3589,150.4696,4247
1752,ZB,L10S,0.6458,100.867378,102
1753,4P,MIK47,42.168608,-84.79754,26
1754,ZU,ARV39,35.741458,-93.680646,59
1755,1P,CURI,-51.6131,-74.556,824
1756,,SABA,17.620501,-63.242599,5687
1757,8W,CBHM,-0.46906,-91.60975,332
1758,PN,PPRMH,40.548,-105.099998,80
1759,NZ,URZ,-38.259249,177.110894,7662
1760,UO,RSBO,44.043361,-122.267036,3220
1761,BL,AGVB,-19.7393,-50.233101,561
1762,YF,STN05,19.240499,-64.666901,57
1763,X7,MC06,45.17868,94.04808,379
1764,XE,EE02,-5.97635,-130.88959,358
1765,OZ,MARG,-41.99952,145.55162,710
1766,7D,G26B,41.9249,-125.177498,325
1767,TO,PE03,-17.1644,-71.789101,1583
1768,AL,A032,65.148064,-146.879166,74
1769,YI,GROG,43.426182,9.89201,403
1770,AF,KTWE,-12.814,28.209,1428
1771,MN,BNI,45.052,6.678,9486
1772,AK,G27K,66.8088,-141.6549,1629
1773,3H,G18,1.5202,-93.2519,451
1774,YD,MMNN,39.8909,15.9904,308
1775,TR,TOSP,11.2984,-60.535198,1656
1776,XG,XZHOU,38.423,113.002502,305
1777,MM,MDY,22.016199,96.112297,706
1778,BC,TJX,32.51017,-117.0543,3331
1779,8P,CAU10,36.299895,-116.449604,23
1780,C1,LR04,-39.88019,-73.425822,3657
1781,AF,CVNA,-31.482,19.762,6464
1782,3J,OBS28,-13.46713,-168.51582,619
1783,4P,SCX58,33.276455,-79.613258,17
1784,EM,TS414,43.696999,75.765999,27
1785,GS,WWHL,41.096401,-114.834534,61
1786,X4,GS12,34.853199,105.749802,351
1787,4P,COO21,40.255679,-107.442303,23
1788,YG,CBP2J,47.367298,18.03178,457
1789,YQ,MFRI,-9.2944,35.312901,316
1790,TX,DKNS,33.66653,-100.92365,3351
1791,AB,HASN,39.336076,49.217978,1605
1792,XY,U72B,-33.978699,-71.812401,152
1793,1G,WA17,40.77207,108.32398,139
1794,ON,NAN01,-17.844168,-40.125668,1550
1795,YT,MCRG,-73.6681,-94.6493,2028
1796,S1,AUMAZ,-32.0069,116.0384,3477
1797,4P,SDI28,44.125693,-101.231956,22
1798,N4,X48A,34.4517,-87.0452,4751
1799,Z9,E31,32.986599,-82.107002,743
1800,4P,IDI11,43.917462,-115.962003,21
1801,YB,AT56,36.7019,35.546902,549
1802,ZD,FS07,-13.46172,-71.9198,521
1803,1R,BHP8,28.572783,-80.572114,84
1804,IC,LSA,29.70317,91.12757,10523
1805,Z8,320,36.0107,112.366096,501
1806,3J,OBS13,-16.1503,-174.71751,619
1807,TD,TD009,52.32058,-116.323372,4694
1808,N4,R40B,38.2909,-92.2684,4297
1809,ZP,ISOK,-10.1708,32.645699,367
1810,YY,NEKE,9.089,36.523701,688
1811,XE,WC02,-4.97259,-133.70537,393
1812,TO,PG01,-15.3626,-75.160202,738
1813,4P,SDJ26,43.564262,-103.105346,17
1814,4P,GAW50,34.688985,-85.374215,38
1815,GS,DEC08,39.861045,-88.924888,4563
1816,1L,ST30,37.734164,-6.621247,139
1817,YS,MTNG,-8.2969,125.1025,723
1818,BL,IBIB,-21.777201,-48.8139,193
1819,XK,Q05MJ,-13.3953,36.125702,158
1820,4P,NDB29,48.587595,-99.198715,24
1821,ZR,N1306,66.741959,15.73804,433
1822,Z1,Z21G,-14.29531,26.53437,549
1823,HT,AGG,39.021099,22.336,5624
1824,II,AAK,42.6375,74.4942,11968
1825,XV,BITY,-20.060801,47.000099,394
1826,ZU,134,21.950873,-154.18751,23
1827,ZN,DC34,38.8634,-76.985199,145
1828,PE,PAKC,41.37471,-77.932533,3844
1829,8Q,P15,27.844793,-139.753242,441
1830,XW,DAMT,14.08737,44.68227,213
1831,5A,LASU,-4.303918,153.108185,632
1832,4P,UTO17,40.361792,-110.802649,67
1833,XB,KAPU,48.128166,-82.90554,99
1834,N4,P51A,39.4818,-83.060097,1396
1835,ON,ALF01,-20.616865,-40.725212,3064
1836,ZL,N06M,34.904999,-90.221199,157
1837,WI,SLBI,14.023,-60.974,2462
1838,CI,PDM,34.30336,-114.14152,8118
1839,X8,QM38,47.675201,-70.853104,735
1840,ZD,FM06,-13.3499,-74.462502,737
1841,8Q,P13,29.966537,-141.146892,441
1842,7D,J36C,45.686501,-127.125198,285
1843,G,FUTU,-14.307673,-178.12107,3439
1844,NY,MAYO,63.59581,-135.89209,4051
1845,XI,NDEI,-2.692823,38.168716,16
1846,3H,G06,2.0564,-90.6769,442
1847,XG,SAB01,34.73164,72.336189,90
1848,DK,NRS,61.159566,-45.418535,5949
1849,4P,MTB13,48.3728,-114.454,27
1850,4P,MII47,43.453601,-84.18429,20
1851,XK,Z04NN,-13.075,30.6276,675
1852,7B,SA08,-25.708401,150.892593,152
1853,XP,N060,-80.000099,142.595001,121
1854,3A,L201,-38.507801,-73.145233,113
1855,YY,SW03,58.074699,12.6033,153
1856,2A,32,-12.9996,-115.8554,345
1857,YB,CUST,45.307598,-106.283699,50
1858,XB,HAMB,-53.613998,-70.930901,578
1859,4P,KYS51,37.003046,-83.670698,22
1860,BX,LKGWB,-24.11351,21.782303,2391
1861,7D,RIMM,-45.937489,166.583193,662
1862,ZU,NMY20,33.957069,-108.787672,35
1863,BL,FURB,-20.6782,-46.277901,325
1864,MU,OXBV,18.2591,-98.266701,31
1865,DT,SWU,39.49,140.79,1097
1866,8A,SOLI,-23.861238,16.039537,527
1867,ZJ,RKST,-74.201065,159.001755,1084
1868,S1,AUMOU,-24.5752,149.9814,2279
1869,XR,FA24,46.531807,-101.240036,463
1870,YC,SBC5,5.28637,116.88076,669
1871,4P,IAJ36,43.310219,-94.425679,44
1872,IU,MACI,28.2502,-16.508199,6419
1873,6K,BRIO,-45.9395,170.30144,211
1874,YT,MA09,-79.8993,-104.9977,717
1875,XA,O07H,-32.191299,-68.014503,259
1876,XM,CB22,-24.00541,-68.52551,623
1877,S1,AUCSH,-16.9159,145.7682,3066
1878,US,MVCO,37.19956,-108.49251,7474
1879,XW,TAMU,17.294781,49.928551,211
1880,AF,YNDE,3.87,11.456,1384
1881,C1,AC02,-26.835517,-69.129067,2759
1882,XC,MAQI,34.478001,100.249001,273
1883,YP,NE81,46.069698,116.634697,703
1884,1C,NASO,1.17194,36.359058,219
1885,4P,WVO55,39.129289,-79.346076,19
1886,X9,BB240,43.427502,-128.355698,376
1887,PQ,NBC3,59.63716,-120.66875,2034
1888,3J,OBS01,-13.155,-171.40391,620
1889,XE,SNPG9,40.345299,-120.6017,406
1890,YY,DAQU,13.1448,37.897598,154
1891,ZU,MSY45,33.601275,-89.647607,26
1892,YW,MSWL3,-32.3933,150.92683,379
1893,NU,ESPN,12.195,-84.300308,3124
1894,4P,WAC09,47.8214,-118.2,20
1895,XF,DN3W,-82.82045,-152.881699,53
1896,TX,BRDY,31.285872,-98.999447,3561
1897,XF,B01,16.040501,149.281494,373
1898,XO,MG05,37.482498,-90.870102,714
1899,XK,NOVR,57.691681,-4.410162,532
1900,YS,MRKH,21.108999,-157.270004,481
1901,YC,MATA,9.332191,-83.949112,64
1902,4P,NEL31,42.189154,-98.878054,19
1903,Z1,Z09L,-11.820822,25.11821,143
1904,YP,NEAD,47.581402,133.5802,594
1905,RV,SWHSA,54.899441,-116.751793,3831
1906,7C,MM26,63.081,-130.1928,704
1907,XH,RS02,-78.492897,173.345795,734
1908,MP,KUT1,32.5091,45.7974,596
1909,XB,CM02,2.698,13.289,258
1910,3Y,SC02,-29.066857,-70.132088,688
1911,TJ,CHGR,38.656898,69.158203,3389
1912,XT,LIAH,-21.162054,-175.273041,336
1913,XB,HT12,11.282,-82.4506,22
1914,Y3,CROE,-42.336498,171.398407,188
1915,4P,IAL41,41.951988,-90.398566,32
1916,II,RAYN,23.5225,45.5032,8610
1917,8A,WEWE,-21.209,16.809099,832
1918,YD,3B13,43.635109,21.70591,598
1919,PB,B934,39.844501,-123.691399,6653
1920,GH,WEIJ,5.5885,-0.3333,509
1921,TM,CRAI,20.2289,100.3734,5120
1922,1P,LVAN,-51.0252,-71.1152,811
1923,MX,MOIG,19.646708,-101.227303,4426
1924,9G,AB717,52.945999,-111.913002,36
1925,XS,L39D,2.0557,-11.4905,353
1926,GI,AVPA,15.3972,-89.6417,338
1927,XI,CHEF,6.16128,38.210144,209
1928,AK,E19K,67.4572,-157.2316,2166
1929,XM,ASB20,-35.8086,-63.9305,470
1930,XB,PM18,34.150002,-4.8195,950
1931,AK,S31K,57.9616,-136.232,2606
1932,AK,H21K,65.6571,-152.805,2139
1933,YL,ARSL,40.955002,35.887001,661
1934,YS,PL21,17.180099,-154.691299,365
1935,BL,PPDB,-22.0326,-51.313599,557
1936,Z5,LAMW,3.563,32.743,743
1937,4P,NDE32,46.516699,-97.103976,20
1938,ZX,230,41.803101,118.326897,317
1939,ZU,OKU37,36.355606,-95.057238,28
1940,XC,OR100,42.770699,-119.013199,480
1941,YP,NE5D,44.107601,129.6008,465
1942,IE,BCYI,44.310799,-113.405197,6957
1943,ON,GDU01,-13.72,-39.575279,2036
1944,XZ,S11,16.823,53.470001,245
1945,XS,S040,37.722,24.009001,496
1946,4P,MTG18,45.3061,-109.518,24
1947,XR,MS05,22.585486,94.508708,317
1948,XK,UT65,38.584999,-112.425003,551
1949,XK,B07DX,-20.549,22.749399,742
1950,MN,GFA,34.338,9.073,458
1951,XV,ANTS,-14.8843,47.999298,700
1952,XO,LE17,37.9874,-89.1763,411
1953,YA,MC12,27.662901,102.208397,248
1954,YV,NSS,64.530701,11.9673,602
1955,YD,6C04,46.661442,19.74328,728
1956,8Q,P09,26.612795,-142.356315,434
1957,ZL,B07,33.2645,158.8983,37
1958,XA,SA76,-20.636091,29.846441,699
1959,ZL,COLO,-29.935699,-67.109596,484
1960,YW,PATM,14.86933,-24.42407,683
1961,ZP,PNDA,-6.3519,31.0613,546
1962,ZU,TXC31,31.531997,-100.539838,35
1963,XO,ET20,58.1304,-154.9716,429
1964,2D,OBS06,32.777,-119.857803,389
1965,KO,KARS,40.6152,43.0937,2612
1966,4P,MIE41,46.278794,-88.577997,36
1967,X4,F06,33.102501,95.114601,147
1968,C,COCH,-36.131302,-72.788399,135
1969,XH,RS10,-79.278801,-155.467697,800
1970,Z5,MASD,1.687,31.723,740
1971,XK,W02NB,-13.724,33.559898,686
1972,7E,KB08,-17.346201,126.098503,60
1973,AF,RUDU,-17.909599,19.764799,2684
1974,9G,RC030,53.723,-113.553001,31
1975,PO,MEDO,43.1646,-78.454597,1371
1976,YQ,109,-10.218,34.3922,53
1977,ZU,NMX25,34.623024,-104.776556,40
1978,NR,NE74,28.007509,-114.013802,2085
1979,ZP,LAEL,-8.566,32.059101,453
1980,GF,TEPE,41.056,28.5147,2319
1981,4P,TTL24,42.327362,-104.79123,15
1982,YY,ABMD,11.8317,35.5825,683
1983,XS,I14D,-0.3522,-7.952395,371
1984,AK,C18K,68.6483,-161.1943,1079
1985,XH,RS15,-80.496597,-169.978806,721
1986,6Q,FEC2,14.41163,-90.93146,253
1987,XE,SALI,-19.62011,-67.724533,375
1988,XD,HOT28,64.532478,-19.484184,613
1989,IU,INCN,37.4776,126.6239,5725
1990,XB,CHAZ,48.832191,-79.052155,160
1991,Z8,365,35.987999,105.131699,499
1992,XF,MA40,20.219801,-103.942001,486
1993,IM,I04H3,-34.607571,116.351547,1915
1994,ZI,MB16,29.7026,-9.5269,741
1995,XL,HD41,48.242298,99.400002,644
1996,Y2,WT12,32.461102,80.8218,621
1997,X4,H01,36.209301,96.385002,340
1998,XM,NM32,34.980724,-107.264282,470
1999,XA,SA64,-22.969448,26.201714,314
